,VIII_NNN,VI_PNP,V_PNN,VIII_NNP,X_NNP,II_NPP,XI_NNP,VII_NPP,III_NPP,XII_PPN,VII_NNN,IX_NNP,IV_NPP,VII_PNN,I_PPN,XI_NNN,VII_NPN,V_NNP,IX_PPP,IV_PPP,IV_PPN,II_PNN,XI_NPN,I_PPP,XI_PPN,X_PPN,V_PPN,III_NNN,VI_NNN,XI_PPP,V_PNP,XI_NPP,II_PPN,I_NNP,X_NPN,X_NNN,IV_PNN,VIII_PNP,I_NPP,X_PNN,XI_PNP,XII_PNN,XII_NPP,VIII_PPN,XII_NNP,V_NPP,VI_NNP,VI_PNN,I_PNN,II_PPP,VIII_NPN,XII_PPP,IX_PPN,VII_NNP,XI_PNN,X_PNP,IV_PNP,II_PNP,VII_PPN,IX_PNN,III_NNP,VI_PPP,II_NPN,V_NPN,VIII_NPP,V_PPP,IX_NPP,IV_NPN,I_NNN,IV_NNN,VI_PPN,III_PPP,III_NPN,III_PNP,VI_NPN,IV_NNP,IX_NPN,X_NPP,VI_NPP,VIII_PPP,IX_NNN,II_NNN,II_NNP,I_NPN,VIII_PNN,XII_NPN,XII_NNN,III_PPN,VII_PPP,V_NNN,VII_PNP,IX_PNP,X_PPP,XII_PNP,III_PNN,I_PNP
0,0.012,0.012,0.01,0.012,0.01,0.01,0.01,0.01,0.01,0.0,0.01,0.01,0.012,0.01,0.01,0.01,0.01,0.01,0.01,0.01,0.01,0.01,0.01,0.012,0.01,0.01,0.01,0.01,0.01,0.012,0.01,0.01,0.012,0.012,0.01,0.01,0.012,0.01,0.01,0.01,0.01,0.0,0.0,0.01,0.0,0.01,0.01,0.01,0.01,0.01,0.01,0.0,0.01,0.01,0.01,0.012,0.01,0.012,0.01,0.01,0.01,0.01,0.012,0.01,0.01,0.01,0.01,0.01,0.01,0.01,0.012,0.012,0.01,0.01,0.01,0.01,0.01,0.01,0.012,0.01,0.01,0.01,0.01,0.01,0.01,0.0,0.086,0.012,0.01,0.01,0.01,0.01,0.012,0.0,0.01,0.01
1,0.012,0.012,0.01,0.012,0.01,0.01,0.01,0.01,0.01,0.0,0.01,0.01,0.012,0.01,0.01,0.01,0.01,0.01,0.01,0.01,0.01,0.01,0.01,0.012,0.01,0.01,0.01,0.01,0.01,0.012,0.01,0.01,0.012,0.012,0.01,0.01,0.012,0.01,0.01,0.01,0.01,0.0,0.0,0.01,0.0,0.01,0.01,0.01,0.01,0.01,0.01,0.0,0.01,0.01,0.01,0.012,0.01,0.012,0.01,0.01,0.01,0.01,0.012,0.01,0.01,0.01,0.01,0.01,0.01,0.01,0.012,0.012,0.01,0.01,0.01,0.01,0.01,0.01,0.012,0.01,0.01,0.01,0.01,0.01,0.01,0.0,0.086,0.012,0.01,0.01,0.01,0.01,0.012,0.0,0.01,0.01
2,0.012,0.012,0.01,0.01,0.01,0.01,0.01,0.01,0.01,0.0,0.01,0.01,0.012,0.01,0.01,0.01,0.01,0.01,0.01,0.01,0.01,0.01,0.01,0.012,0.01,0.01,0.01,0.01,0.01,0.012,0.01,0.01,0.012,0.012,0.01,0.01,0.012,0.01,0.01,0.01,0.01,0.0,0.0,0.01,0.0,0.01,0.01,0.01,0.01,0.01,0.01,0.0,0.01,0.01,0.01,0.012,0.01,0.012,0.01,0.01,0.01,0.01,0.012,0.01,0.01,0.01,0.01,0.01,0.01,0.01,0.012,0.012,0.01,0.01,0.01,0.01,0.01,0.01,0.012,0.01,0.01,0.01,0.01,0.01,0.01,0.0,0.086,0.012,0.01,0.01,0.01,0.012,0.012,0.0,0.01,0.01
3,0.012,0.012,0.01,0.01,0.01,0.01,0.01,0.01,0.01,0.0,0.01,0.01,0.012,0.01,0.01,0.01,0.01,0.01,0.01,0.01,0.01,0.01,0.01,0.012,0.01,0.01,0.01,0.01,0.01,0.012,0.01,0.01,0.012,0.012,0.01,0.01,0.012,0.01,0.01,0.01,0.01,0.0,0.0,0.01,0.0,0.01,0.01,0.01,0.01,0.01,0.01,0.0,0.01,0.01,0.01,0.012,0.01,0.012,0.01,0.01,0.01,0.01,0.012,0.01,0.01,0.01,0.01,0.01,0.01,0.01,0.012,0.012,0.01,0.01,0.01,0.01,0.01,0.01,0.012,0.01,0.01,0.01,0.01,0.01,0.01,0.0,0.086,0.012,0.01,0.01,0.01,0.012,0.012,0.0,0.01,0.01
4,0.012,0.012,0.01,0.01,0.01,0.01,0.01,0.01,0.01,0.0,0.01,0.01,0.012,0.01,0.01,0.01,0.01,0.01,0.01,0.01,0.01,0.01,0.01,0.014,0.01,0.01,0.01,0.01,0.01,0.012,0.01,0.01,0.012,0.012,0.01,0.01,0.012,0.01,0.01,0.01,0.01,0.0,0.0,0.01,0.0,0.01,0.01,0.01,0.01,0.01,0.01,0.0,0.01,0.01,0.01,0.012,0.01,0.012,0.008,0.01,0.01,0.01,0.012,0.01,0.01,0.01,0.01,0.01,0.01,0.01,0.012,0.012,0.01,0.01,0.01,0.01,0.01,0.01,0.012,0.01,0.01,0.01,0.01,0.01,0.01,0.0,0.086,0.012,0.01,0.01,0.01,0.012,0.012,0.0,0.01,0.01
5,0.012,0.012,0.01,0.01,0.01,0.01,0.01,0.01,0.01,0.0,0.01,0.01,0.012,0.01,0.01,0.01,0.01,0.01,0.01,0.01,0.01,0.01,0.01,0.014,0.01,0.01,0.01,0.01,0.012,0.012,0.01,0.01,0.012,0.012,0.01,0.01,0.012,0.01,0.01,0.01,0.01,0.0,0.0,0.01,0.0,0.01,0.01,0.01,0.01,0.01,0.01,0.0,0.01,0.01,0.01,0.012,0.01,0.012,0.008,0.01,0.01,0.01,0.012,0.01,0.01,0.01,0.01,0.01,0.01,0.01,0.012,0.012,0.01,0.01,0.01,0.01,0.01,0.01,0.012,0.01,0.01,0.01,0.01,0.01,0.01,0.0,0.086,0.012,0.01,0.01,0.01,0.012,0.012,0.0,0.008,0.01
6,0.012,0.012,0.01,0.01,0.01,0.01,0.01,0.01,0.01,0.0,0.01,0.01,0.012,0.01,0.01,0.01,0.01,0.01,0.01,0.01,0.01,0.01,0.01,0.014,0.01,0.01,0.01,0.01,0.012,0.012,0.01,0.01,0.012,0.012,0.01,0.01,0.012,0.01,0.01,0.01,0.01,0.0,0.0,0.01,0.0,0.01,0.01,0.01,0.01,0.01,0.01,0.0,0.01,0.01,0.01,0.012,0.01,0.012,0.008,0.01,0.01,0.01,0.012,0.01,0.01,0.01,0.01,0.01,0.01,0.01,0.012,0.012,0.01,0.01,0.01,0.01,0.01,0.01,0.012,0.01,0.01,0.01,0.01,0.01,0.01,0.0,0.086,0.012,0.01,0.01,0.01,0.012,0.012,0.0,0.008,0.01
7,0.012,0.012,0.01,0.01,0.01,0.01,0.01,0.01,0.01,0.0,0.01,0.01,0.012,0.01,0.01,0.01,0.01,0.01,0.01,0.01,0.01,0.01,0.01,0.014,0.01,0.01,0.01,0.01,0.014,0.012,0.01,0.01,0.012,0.012,0.01,0.01,0.012,0.01,0.01,0.01,0.01,0.0,0.0,0.01,0.0,0.01,0.01,0.01,0.01,0.01,0.01,0.0,0.01,0.01,0.01,0.012,0.01,0.012,0.008,0.01,0.01,0.01,0.012,0.01,0.01,0.01,0.01,0.01,0.01,0.01,0.012,0.012,0.01,0.01,0.01,0.01,0.01,0.01,0.012,0.01,0.01,0.01,0.01,0.01,0.01,0.0,0.086,0.012,0.01,0.008,0.01,0.012,0.012,0.0,0.008,0.01
8,0.012,0.012,0.01,0.01,0.01,0.01,0.01,0.01,0.01,0.0,0.01,0.01,0.012,0.01,0.01,0.01,0.01,0.01,0.01,0.01,0.01,0.01,0.01,0.014,0.01,0.01,0.01,0.01,0.014,0.012,0.01,0.01,0.012,0.012,0.01,0.01,0.012,0.01,0.01,0.01,0.01,0.0,0.0,0.01,0.0,0.01,0.01,0.01,0.01,0.01,0.01,0.0,0.01,0.01,0.01,0.012,0.01,0.012,0.008,0.01,0.01,0.01,0.012,0.01,0.01,0.01,0.01,0.01,0.01,0.01,0.012,0.012,0.01,0.01,0.01,0.01,0.01,0.01,0.012,0.01,0.01,0.01,0.01,0.01,0.01,0.0,0.086,0.012,0.01,0.008,0.01,0.012,0.012,0.0,0.008,0.01
9,0.012,0.012,0.01,0.01,0.01,0.01,0.01,0.01,0.01,0.0,0.01,0.01,0.012,0.01,0.01,0.01,0.01,0.01,0.01,0.01,0.01,0.01,0.01,0.014,0.01,0.01,0.01,0.01,0.014,0.012,0.01,0.01,0.012,0.012,0.01,0.01,0.012,0.01,0.01,0.01,0.01,0.0,0.0,0.01,0.0,0.01,0.01,0.01,0.01,0.01,0.01,0.0,0.01,0.01,0.01,0.012,0.008,0.012,0.008,0.01,0.01,0.01,0.012,0.01,0.01,0.01,0.01,0.01,0.01,0.01,0.012,0.012,0.01,0.01,0.01,0.01,0.01,0.01,0.012,0.01,0.012,0.01,0.01,0.01,0.01,0.0,0.086,0.012,0.01,0.008,0.01,0.012,0.012,0.0,0.008,0.01
10,0.012,0.012,0.012,0.01,0.01,0.01,0.01,0.01,0.01,0.0,0.01,0.01,0.012,0.01,0.01,0.01,0.01,0.01,0.01,0.01,0.01,0.01,0.01,0.014,0.01,0.01,0.01,0.01,0.014,0.012,0.01,0.01,0.01,0.012,0.01,0.01,0.012,0.01,0.01,0.01,0.01,0.0,0.0,0.01,0.0,0.01,0.01,0.01,0.01,0.01,0.01,0.0,0.01,0.01,0.01,0.012,0.008,0.012,0.008,0.01,0.01,0.01,0.012,0.01,0.01,0.01,0.01,0.01,0.01,0.01,0.012,0.012,0.01,0.01,0.01,0.01,0.01,0.01,0.012,0.01,0.012,0.01,0.01,0.01,0.01,0.0,0.086,0.012,0.01,0.008,0.01,0.012,0.012,0.0,0.008,0.01
11,0.012,0.012,0.012,0.01,0.01,0.01,0.01,0.01,0.01,0.0,0.01,0.01,0.012,0.01,0.01,0.01,0.01,0.01,0.01,0.01,0.01,0.01,0.01,0.014,0.01,0.01,0.01,0.01,0.014,0.012,0.01,0.01,0.01,0.012,0.01,0.01,0.012,0.01,0.01,0.01,0.01,0.0,0.0,0.01,0.0,0.01,0.01,0.01,0.01,0.01,0.01,0.0,0.01,0.01,0.01,0.012,0.008,0.012,0.008,0.01,0.01,0.01,0.012,0.01,0.01,0.01,0.01,0.01,0.01,0.01,0.012,0.012,0.01,0.01,0.01,0.01,0.01,0.01,0.012,0.01,0.012,0.01,0.01,0.01,0.01,0.0,0.086,0.012,0.01,0.008,0.01,0.012,0.012,0.0,0.008,0.01
12,0.012,0.012,0.012,0.01,0.01,0.01,0.01,0.008,0.01,0.0,0.01,0.01,0.012,0.01,0.01,0.01,0.01,0.01,0.01,0.01,0.01,0.01,0.01,0.014,0.01,0.01,0.01,0.01,0.014,0.012,0.01,0.01,0.01,0.012,0.01,0.01,0.012,0.01,0.01,0.01,0.01,0.0,0.0,0.01,0.0,0.01,0.01,0.01,0.01,0.01,0.01,0.0,0.01,0.01,0.01,0.012,0.008,0.012,0.008,0.01,0.01,0.01,0.012,0.01,0.01,0.01,0.012,0.01,0.01,0.01,0.012,0.012,0.01,0.01,0.01,0.01,0.01,0.01,0.012,0.01,0.012,0.01,0.01,0.01,0.01,0.0,0.086,0.012,0.01,0.008,0.01,0.012,0.012,0.0,0.008,0.01
13,0.012,0.012,0.014,0.01,0.01,0.01,0.01,0.008,0.01,0.0,0.01,0.01,0.012,0.01,0.01,0.01,0.01,0.01,0.01,0.01,0.01,0.01,0.01,0.014,0.01,0.01,0.01,0.01,0.014,0.012,0.01,0.01,0.01,0.012,0.01,0.01,0.012,0.01,0.01,0.01,0.01,0.0,0.0,0.01,0.0,0.01,0.01,0.01,0.01,0.01,0.01,0.0,0.01,0.01,0.01,0.012,0.008,0.012,0.008,0.01,0.01,0.01,0.012,0.01,0.01,0.01,0.012,0.01,0.01,0.01,0.012,0.012,0.01,0.01,0.01,0.01,0.01,0.01,0.012,0.008,0.012,0.01,0.01,0.01,0.01,0.0,0.086,0.012,0.01,0.008,0.01,0.012,0.012,0.0,0.008,0.01
14,0.012,0.012,0.014,0.01,0.01,0.01,0.01,0.008,0.01,0.0,0.01,0.01,0.012,0.01,0.01,0.01,0.01,0.01,0.01,0.01,0.01,0.01,0.01,0.014,0.01,0.01,0.01,0.01,0.014,0.012,0.01,0.01,0.01,0.012,0.01,0.01,0.012,0.01,0.01,0.01,0.01,0.0,0.0,0.01,0.0,0.01,0.01,0.01,0.008,0.01,0.01,0.0,0.01,0.01,0.01,0.012,0.008,0.012,0.008,0.01,0.01,0.01,0.012,0.01,0.01,0.01,0.012,0.01,0.01,0.01,0.012,0.012,0.01,0.01,0.01,0.01,0.01,0.01,0.012,0.008,0.014,0.01,0.01,0.01,0.01,0.0,0.086,0.012,0.01,0.008,0.01,0.012,0.012,0.0,0.008,0.01
15,0.012,0.012,0.014,0.01,0.01,0.01,0.01,0.008,0.01,0.0,0.01,0.01,0.012,0.01,0.01,0.01,0.01,0.01,0.01,0.01,0.01,0.01,0.01,0.014,0.01,0.01,0.01,0.01,0.014,0.012,0.01,0.01,0.01,0.012,0.01,0.01,0.012,0.01,0.01,0.01,0.01,0.0,0.0,0.01,0.0,0.01,0.01,0.01,0.008,0.01,0.01,0.0,0.01,0.01,0.01,0.012,0.008,0.012,0.008,0.01,0.01,0.01,0.012,0.01,0.01,0.01,0.012,0.01,0.01,0.01,0.012,0.012,0.01,0.01,0.01,0.01,0.01,0.01,0.012,0.008,0.014,0.01,0.01,0.01,0.01,0.0,0.086,0.012,0.01,0.008,0.01,0.012,0.012,0.0,0.008,0.01
16,0.012,0.012,0.014,0.01,0.01,0.01,0.01,0.008,0.01,0.0,0.01,0.01,0.012,0.01,0.01,0.01,0.01,0.01,0.01,0.01,0.01,0.01,0.01,0.014,0.01,0.01,0.01,0.01,0.014,0.012,0.01,0.01,0.01,0.012,0.01,0.01,0.012,0.01,0.01,0.01,0.01,0.0,0.0,0.01,0.0,0.01,0.01,0.01,0.008,0.01,0.01,0.0,0.01,0.01,0.01,0.012,0.008,0.012,0.008,0.01,0.01,0.01,0.012,0.01,0.01,0.01,0.012,0.01,0.01,0.01,0.012,0.012,0.01,0.01,0.01,0.01,0.01,0.01,0.012,0.008,0.014,0.01,0.01,0.01,0.01,0.0,0.086,0.012,0.01,0.008,0.01,0.012,0.012,0.0,0.008,0.01
17,0.012,0.012,0.014,0.01,0.01,0.01,0.01,0.008,0.01,0.0,0.01,0.01,0.012,0.01,0.01,0.01,0.01,0.01,0.01,0.01,0.01,0.01,0.01,0.014,0.01,0.01,0.01,0.01,0.014,0.012,0.01,0.01,0.01,0.012,0.01,0.01,0.012,0.01,0.01,0.01,0.01,0.0,0.0,0.01,0.0,0.01,0.01,0.01,0.008,0.01,0.01,0.0,0.01,0.01,0.01,0.012,0.008,0.012,0.008,0.01,0.01,0.01,0.012,0.01,0.01,0.01,0.012,0.01,0.01,0.01,0.012,0.012,0.01,0.012,0.01,0.01,0.01,0.01,0.012,0.008,0.014,0.01,0.01,0.01,0.01,0.0,0.086,0.012,0.008,0.008,0.01,0.012,0.012,0.0,0.008,0.01
18,0.012,0.012,0.014,0.01,0.01,0.01,0.01,0.008,0.01,0.0,0.01,0.01,0.012,0.01,0.01,0.01,0.01,0.01,0.01,0.01,0.01,0.01,0.01,0.014,0.01,0.01,0.01,0.01,0.014,0.012,0.01,0.01,0.01,0.012,0.01,0.01,0.012,0.01,0.01,0.01,0.01,0.0,0.0,0.01,0.0,0.01,0.01,0.01,0.008,0.01,0.01,0.0,0.01,0.012,0.01,0.012,0.008,0.012,0.008,0.01,0.01,0.01,0.012,0.01,0.01,0.01,0.012,0.01,0.008,0.01,0.012,0.012,0.01,0.012,0.01,0.01,0.01,0.01,0.012,0.008,0.014,0.01,0.01,0.01,0.01,0.0,0.086,0.012,0.008,0.008,0.01,0.012,0.012,0.0,0.008,0.01
19,0.012,0.012,0.014,0.01,0.01,0.01,0.01,0.008,0.01,0.0,0.01,0.01,0.012,0.01,0.01,0.01,0.01,0.01,0.01,0.01,0.01,0.01,0.01,0.014,0.01,0.01,0.01,0.01,0.014,0.012,0.01,0.01,0.01,0.012,0.01,0.01,0.012,0.01,0.01,0.01,0.01,0.0,0.0,0.01,0.0,0.01,0.01,0.01,0.008,0.01,0.01,0.0,0.01,0.012,0.01,0.012,0.008,0.012,0.008,0.01,0.01,0.01,0.012,0.01,0.01,0.01,0.012,0.01,0.008,0.01,0.012,0.012,0.01,0.012,0.01,0.01,0.01,0.01,0.012,0.008,0.014,0.01,0.01,0.01,0.01,0.0,0.086,0.012,0.008,0.008,0.01,0.012,0.012,0.0,0.008,0.01
20,0.012,0.012,0.016,0.01,0.01,0.01,0.01,0.008,0.01,0.0,0.01,0.01,0.012,0.01,0.01,0.01,0.01,0.01,0.01,0.01,0.01,0.01,0.01,0.014,0.01,0.01,0.01,0.01,0.014,0.012,0.01,0.01,0.01,0.01,0.01,0.01,0.012,0.01,0.01,0.01,0.01,0.0,0.0,0.01,0.0,0.01,0.01,0.01,0.008,0.01,0.01,0.0,0.01,0.012,0.01,0.012,0.008,0.012,0.008,0.01,0.01,0.01,0.012,0.01,0.01,0.01,0.012,0.01,0.008,0.01,0.012,0.012,0.01,0.012,0.01,0.01,0.01,0.01,0.012,0.008,0.014,0.01,0.01,0.01,0.01,0.0,0.086,0.012,0.008,0.008,0.01,0.012,0.012,0.0,0.008,0.01
21,0.012,0.012,0.016,0.01,0.01,0.01,0.01,0.008,0.01,0.0,0.01,0.01,0.012,0.01,0.01,0.01,0.01,0.01,0.01,0.01,0.01,0.01,0.01,0.014,0.01,0.01,0.01,0.01,0.014,0.012,0.01,0.01,0.01,0.01,0.01,0.01,0.012,0.01,0.01,0.01,0.01,0.0,0.0,0.01,0.0,0.01,0.01,0.01,0.008,0.01,0.01,0.0,0.01,0.012,0.01,0.012,0.008,0.012,0.008,0.01,0.01,0.01,0.012,0.01,0.01,0.01,0.012,0.01,0.008,0.01,0.012,0.012,0.01,0.012,0.01,0.01,0.01,0.01,0.012,0.008,0.014,0.01,0.01,0.01,0.01,0.0,0.086,0.012,0.008,0.008,0.01,0.012,0.012,0.0,0.008,0.01
22,0.012,0.012,0.016,0.01,0.01,0.01,0.01,0.008,0.01,0.0,0.01,0.01,0.012,0.01,0.01,0.01,0.01,0.01,0.01,0.01,0.01,0.01,0.01,0.014,0.01,0.01,0.01,0.01,0.014,0.012,0.01,0.01,0.01,0.01,0.01,0.01,0.012,0.01,0.01,0.012,0.01,0.0,0.0,0.01,0.0,0.01,0.01,0.01,0.008,0.01,0.01,0.0,0.01,0.012,0.01,0.012,0.008,0.012,0.008,0.01,0.01,0.01,0.012,0.01,0.01,0.01,0.012,0.01,0.008,0.01,0.012,0.012,0.01,0.012,0.01,0.01,0.01,0.01,0.012,0.008,0.014,0.01,0.01,0.01,0.01,0.0,0.086,0.012,0.008,0.006,0.01,0.012,0.012,0.0,0.008,0.01
23,0.012,0.012,0.016,0.01,0.01,0.01,0.01,0.008,0.01,0.0,0.01,0.01,0.012,0.01,0.01,0.01,0.01,0.01,0.01,0.01,0.01,0.01,0.01,0.014,0.01,0.01,0.01,0.01,0.014,0.012,0.01,0.01,0.01,0.01,0.01,0.01,0.012,0.01,0.01,0.012,0.01,0.0,0.0,0.01,0.0,0.01,0.01,0.01,0.008,0.01,0.01,0.0,0.01,0.012,0.01,0.012,0.008,0.012,0.008,0.01,0.01,0.01,0.012,0.01,0.01,0.01,0.012,0.01,0.008,0.01,0.012,0.012,0.01,0.012,0.01,0.01,0.01,0.01,0.012,0.008,0.014,0.01,0.01,0.01,0.01,0.0,0.086,0.012,0.008,0.006,0.01,0.012,0.012,0.0,0.008,0.01
24,0.012,0.012,0.016,0.01,0.01,0.01,0.01,0.008,0.01,0.0,0.01,0.01,0.012,0.01,0.01,0.01,0.01,0.01,0.01,0.01,0.01,0.01,0.01,0.014,0.01,0.01,0.01,0.01,0.014,0.012,0.01,0.01,0.01,0.01,0.01,0.01,0.012,0.01,0.01,0.012,0.01,0.0,0.0,0.01,0.0,0.01,0.01,0.01,0.008,0.01,0.01,0.0,0.01,0.012,0.01,0.012,0.008,0.012,0.008,0.01,0.01,0.01,0.012,0.01,0.01,0.01,0.012,0.01,0.008,0.01,0.012,0.012,0.01,0.012,0.01,0.01,0.01,0.01,0.012,0.008,0.016,0.01,0.01,0.01,0.01,0.0,0.086,0.01,0.008,0.006,0.01,0.012,0.012,0.0,0.008,0.01
25,0.012,0.012,0.016,0.012,0.01,0.01,0.01,0.008,0.01,0.0,0.01,0.01,0.012,0.01,0.01,0.01,0.008,0.01,0.01,0.01,0.01,0.01,0.01,0.014,0.01,0.01,0.01,0.01,0.014,0.012,0.01,0.01,0.01,0.01,0.01,0.01,0.012,0.01,0.01,0.012,0.01,0.0,0.0,0.01,0.0,0.01,0.01,0.01,0.008,0.01,0.01,0.0,0.01,0.012,0.01,0.012,0.008,0.012,0.008,0.01,0.01,0.01,0.012,0.01,0.01,0.01,0.012,0.01,0.008,0.01,0.012,0.012,0.01,0.012,0.01,0.01,0.01,0.01,0.012,0.008,0.016,0.01,0.01,0.01,0.01,0.0,0.086,0.01,0.008,0.006,0.01,0.012,0.012,0.0,0.008,0.01
26,0.012,0.012,0.016,0.012,0.01,0.01,0.01,0.008,0.01,0.0,0.01,0.01,0.012,0.01,0.01,0.01,0.008,0.01,0.01,0.01,0.01,0.01,0.01,0.014,0.01,0.01,0.01,0.01,0.014,0.012,0.01,0.01,0.01,0.01,0.01,0.01,0.012,0.01,0.01,0.012,0.01,0.0,0.0,0.01,0.0,0.01,0.01,0.01,0.008,0.01,0.01,0.0,0.01,0.012,0.01,0.012,0.008,0.012,0.008,0.01,0.01,0.01,0.012,0.01,0.01,0.01,0.012,0.01,0.008,0.01,0.012,0.012,0.01,0.012,0.01,0.01,0.01,0.01,0.012,0.008,0.016,0.01,0.01,0.01,0.01,0.0,0.086,0.01,0.008,0.006,0.01,0.012,0.012,0.0,0.008,0.01
27,0.012,0.012,0.016,0.012,0.01,0.008,0.01,0.008,0.01,0.0,0.01,0.01,0.012,0.01,0.01,0.01,0.008,0.01,0.01,0.01,0.01,0.01,0.01,0.014,0.01,0.01,0.01,0.01,0.014,0.012,0.01,0.01,0.01,0.01,0.01,0.01,0.012,0.01,0.01,0.014,0.01,0.0,0.0,0.01,0.0,0.01,0.01,0.01,0.008,0.01,0.01,0.0,0.01,0.012,0.01,0.012,0.008,0.012,0.008,0.01,0.01,0.01,0.012,0.01,0.01,0.01,0.012,0.01,0.008,0.01,0.012,0.012,0.01,0.012,0.01,0.01,0.01,0.01,0.012,0.008,0.016,0.01,0.01,0.01,0.01,0.0,0.086,0.01,0.008,0.006,0.01,0.012,0.012,0.0,0.008,0.01
28,0.012,0.012,0.016,0.012,0.01,0.008,0.01,0.008,0.01,0.0,0.01,0.01,0.012,0.01,0.01,0.01,0.008,0.01,0.01,0.01,0.01,0.01,0.01,0.014,0.01,0.01,0.01,0.01,0.014,0.012,0.01,0.01,0.01,0.01,0.01,0.01,0.012,0.01,0.01,0.014,0.01,0.0,0.0,0.01,0.0,0.01,0.01,0.01,0.008,0.01,0.01,0.0,0.01,0.012,0.01,0.012,0.008,0.012,0.008,0.01,0.01,0.01,0.012,0.01,0.01,0.01,0.012,0.01,0.008,0.01,0.012,0.012,0.01,0.012,0.01,0.008,0.01,0.01,0.012,0.008,0.016,0.012,0.01,0.01,0.01,0.0,0.086,0.01,0.008,0.006,0.01,0.012,0.012,0.0,0.008,0.01
29,0.012,0.012,0.016,0.012,0.01,0.008,0.01,0.008,0.01,0.0,0.01,0.01,0.012,0.01,0.01,0.01,0.008,0.01,0.01,0.01,0.01,0.01,0.01,0.014,0.01,0.01,0.01,0.01,0.014,0.012,0.01,0.01,0.01,0.01,0.01,0.01,0.012,0.01,0.01,0.014,0.01,0.0,0.0,0.01,0.0,0.01,0.01,0.01,0.008,0.01,0.01,0.0,0.01,0.012,0.01,0.012,0.008,0.012,0.008,0.01,0.01,0.01,0.012,0.01,0.01,0.01,0.012,0.01,0.008,0.01,0.012,0.012,0.01,0.012,0.01,0.008,0.01,0.01,0.012,0.008,0.016,0.012,0.01,0.01,0.01,0.0,0.086,0.01,0.008,0.006,0.01,0.012,0.012,0.0,0.008,0.01
30,0.014,0.012,0.016,0.012,0.01,0.008,0.01,0.008,0.01,0.0,0.01,0.01,0.014,0.01,0.01,0.01,0.008,0.01,0.01,0.01,0.01,0.01,0.01,0.014,0.01,0.01,0.01,0.01,0.014,0.012,0.01,0.01,0.01,0.01,0.01,0.01,0.012,0.01,0.01,0.014,0.01,0.0,0.0,0.01,0.0,0.01,0.01,0.01,0.008,0.01,0.01,0.0,0.01,0.012,0.01,0.012,0.008,0.012,0.008,0.01,0.01,0.01,0.012,0.01,0.008,0.01,0.012,0.01,0.008,0.01,0.012,0.012,0.01,0.012,0.01,0.008,0.01,0.01,0.01,0.008,0.016,0.012,0.01,0.01,0.01,0.0,0.086,0.01,0.008,0.006,0.01,0.012,0.012,0.0,0.008,0.01
31,0.014,0.012,0.016,0.014,0.01,0.008,0.01,0.008,0.01,0.0,0.01,0.01,0.014,0.01,0.01,0.01,0.008,0.01,0.01,0.01,0.01,0.01,0.01,0.014,0.01,0.01,0.01,0.01,0.014,0.012,0.01,0.01,0.01,0.01,0.01,0.01,0.012,0.01,0.01,0.014,0.01,0.0,0.0,0.01,0.0,0.01,0.01,0.01,0.008,0.01,0.01,0.0,0.01,0.012,0.01,0.012,0.008,0.012,0.008,0.01,0.01,0.01,0.01,0.01,0.008,0.01,0.012,0.01,0.008,0.01,0.012,0.012,0.01,0.012,0.01,0.008,0.01,0.008,0.01,0.01,0.016,0.012,0.01,0.01,0.01,0.0,0.086,0.01,0.008,0.006,0.01,0.012,0.012,0.0,0.008,0.01
32,0.014,0.012,0.016,0.014,0.01,0.008,0.01,0.008,0.01,0.0,0.01,0.01,0.014,0.01,0.01,0.01,0.008,0.01,0.01,0.01,0.01,0.01,0.01,0.014,0.01,0.01,0.01,0.01,0.014,0.012,0.01,0.01,0.01,0.01,0.01,0.01,0.012,0.01,0.01,0.014,0.01,0.0,0.0,0.01,0.0,0.01,0.01,0.01,0.008,0.01,0.01,0.0,0.01,0.012,0.01,0.012,0.008,0.012,0.008,0.01,0.01,0.01,0.01,0.01,0.008,0.01,0.012,0.01,0.008,0.01,0.012,0.012,0.01,0.012,0.01,0.008,0.01,0.008,0.01,0.01,0.016,0.012,0.01,0.01,0.01,0.0,0.086,0.01,0.008,0.006,0.01,0.012,0.012,0.0,0.008,0.01
33,0.014,0.012,0.016,0.014,0.01,0.008,0.01,0.008,0.01,0.0,0.01,0.01,0.014,0.01,0.01,0.01,0.008,0.01,0.01,0.01,0.01,0.01,0.01,0.014,0.01,0.01,0.01,0.01,0.014,0.012,0.01,0.01,0.01,0.01,0.01,0.01,0.012,0.01,0.01,0.014,0.01,0.0,0.0,0.01,0.0,0.01,0.01,0.01,0.008,0.01,0.01,0.0,0.01,0.012,0.01,0.012,0.008,0.012,0.008,0.01,0.01,0.01,0.01,0.01,0.008,0.01,0.012,0.01,0.008,0.01,0.012,0.012,0.01,0.012,0.01,0.008,0.01,0.008,0.01,0.01,0.016,0.012,0.01,0.01,0.01,0.0,0.086,0.01,0.008,0.006,0.01,0.012,0.012,0.0,0.008,0.01
34,0.014,0.012,0.016,0.014,0.01,0.008,0.01,0.008,0.01,0.0,0.01,0.01,0.014,0.01,0.01,0.01,0.008,0.01,0.01,0.01,0.01,0.01,0.01,0.014,0.01,0.01,0.01,0.01,0.014,0.012,0.01,0.01,0.01,0.01,0.01,0.01,0.012,0.01,0.01,0.014,0.01,0.0,0.0,0.01,0.0,0.01,0.01,0.01,0.008,0.01,0.01,0.0,0.01,0.012,0.01,0.012,0.008,0.012,0.008,0.01,0.01,0.01,0.01,0.01,0.008,0.01,0.012,0.01,0.008,0.01,0.012,0.012,0.01,0.012,0.01,0.008,0.01,0.008,0.01,0.01,0.016,0.012,0.01,0.01,0.01,0.0,0.086,0.01,0.008,0.006,0.01,0.012,0.012,0.0,0.008,0.01
35,0.014,0.012,0.016,0.014,0.01,0.008,0.01,0.008,0.01,0.0,0.01,0.01,0.014,0.01,0.01,0.01,0.008,0.01,0.01,0.01,0.01,0.01,0.01,0.014,0.01,0.01,0.01,0.01,0.014,0.012,0.01,0.01,0.01,0.01,0.01,0.01,0.012,0.01,0.01,0.014,0.01,0.0,0.0,0.01,0.0,0.01,0.01,0.01,0.008,0.01,0.01,0.0,0.01,0.012,0.01,0.012,0.008,0.012,0.008,0.01,0.01,0.01,0.01,0.01,0.008,0.01,0.012,0.01,0.008,0.01,0.012,0.012,0.01,0.012,0.01,0.008,0.01,0.008,0.01,0.01,0.016,0.012,0.01,0.01,0.01,0.0,0.086,0.01,0.008,0.006,0.01,0.012,0.012,0.0,0.008,0.01
36,0.014,0.012,0.016,0.014,0.01,0.008,0.01,0.008,0.01,0.0,0.01,0.01,0.014,0.01,0.01,0.01,0.008,0.01,0.01,0.01,0.01,0.01,0.01,0.014,0.01,0.01,0.01,0.01,0.014,0.012,0.01,0.01,0.01,0.01,0.01,0.01,0.012,0.01,0.01,0.014,0.01,0.0,0.0,0.01,0.0,0.01,0.01,0.01,0.008,0.01,0.01,0.0,0.01,0.012,0.01,0.012,0.008,0.012,0.008,0.01,0.01,0.01,0.01,0.01,0.008,0.01,0.012,0.01,0.008,0.01,0.012,0.012,0.01,0.012,0.01,0.008,0.01,0.008,0.01,0.01,0.016,0.012,0.01,0.01,0.01,0.0,0.086,0.01,0.008,0.006,0.01,0.012,0.012,0.0,0.008,0.01
37,0.014,0.012,0.016,0.014,0.01,0.008,0.01,0.008,0.01,0.0,0.01,0.01,0.014,0.01,0.01,0.01,0.008,0.01,0.01,0.01,0.01,0.01,0.01,0.014,0.01,0.01,0.01,0.01,0.014,0.012,0.01,0.01,0.01,0.01,0.01,0.01,0.012,0.01,0.01,0.014,0.01,0.0,0.0,0.01,0.0,0.01,0.01,0.01,0.008,0.01,0.01,0.0,0.01,0.012,0.01,0.012,0.008,0.012,0.008,0.01,0.01,0.01,0.01,0.01,0.008,0.01,0.012,0.01,0.008,0.01,0.012,0.012,0.01,0.012,0.01,0.008,0.01,0.008,0.01,0.01,0.016,0.012,0.01,0.01,0.01,0.0,0.086,0.01,0.008,0.006,0.01,0.012,0.012,0.0,0.008,0.01
38,0.014,0.012,0.016,0.014,0.01,0.008,0.01,0.008,0.01,0.0,0.01,0.01,0.014,0.01,0.01,0.01,0.008,0.01,0.01,0.01,0.01,0.01,0.01,0.014,0.01,0.01,0.01,0.01,0.014,0.012,0.01,0.01,0.01,0.01,0.01,0.01,0.012,0.01,0.01,0.014,0.01,0.0,0.0,0.01,0.0,0.01,0.01,0.01,0.008,0.01,0.012,0.0,0.01,0.012,0.008,0.012,0.008,0.012,0.008,0.01,0.01,0.01,0.01,0.01,0.008,0.01,0.012,0.01,0.008,0.01,0.012,0.012,0.01,0.012,0.01,0.008,0.01,0.008,0.01,0.01,0.016,0.012,0.01,0.01,0.01,0.0,0.086,0.01,0.008,0.006,0.01,0.012,0.012,0.0,0.008,0.01
39,0.014,0.012,0.016,0.014,0.01,0.008,0.01,0.008,0.01,0.0,0.01,0.01,0.014,0.01,0.01,0.01,0.008,0.01,0.01,0.01,0.01,0.01,0.01,0.014,0.01,0.01,0.01,0.01,0.014,0.012,0.01,0.01,0.01,0.01,0.01,0.01,0.012,0.01,0.01,0.014,0.01,0.0,0.0,0.01,0.0,0.01,0.01,0.01,0.008,0.012,0.012,0.0,0.01,0.012,0.008,0.012,0.008,0.012,0.008,0.01,0.01,0.01,0.01,0.01,0.008,0.01,0.012,0.01,0.008,0.01,0.012,0.012,0.01,0.012,0.01,0.008,0.01,0.008,0.01,0.01,0.016,0.012,0.01,0.01,0.01,0.0,0.086,0.01,0.008,0.006,0.01,0.012,0.01,0.0,0.008,0.01
40,0.014,0.012,0.016,0.014,0.01,0.008,0.01,0.008,0.01,0.0,0.01,0.01,0.014,0.01,0.01,0.01,0.008,0.01,0.01,0.01,0.01,0.01,0.01,0.014,0.01,0.01,0.01,0.01,0.014,0.012,0.01,0.01,0.01,0.01,0.01,0.01,0.012,0.01,0.01,0.014,0.01,0.0,0.0,0.01,0.0,0.01,0.01,0.01,0.008,0.012,0.012,0.0,0.01,0.012,0.008,0.012,0.008,0.012,0.008,0.01,0.01,0.01,0.01,0.01,0.008,0.01,0.012,0.01,0.008,0.01,0.012,0.012,0.01,0.012,0.01,0.008,0.01,0.008,0.01,0.01,0.016,0.012,0.01,0.01,0.01,0.0,0.086,0.01,0.008,0.006,0.01,0.012,0.01,0.0,0.008,0.01
41,0.014,0.012,0.016,0.014,0.01,0.008,0.01,0.008,0.01,0.0,0.01,0.01,0.014,0.012,0.01,0.01,0.008,0.01,0.01,0.01,0.01,0.01,0.01,0.014,0.01,0.01,0.008,0.01,0.014,0.01,0.01,0.01,0.01,0.01,0.01,0.01,0.012,0.01,0.01,0.014,0.01,0.0,0.0,0.01,0.0,0.01,0.01,0.01,0.008,0.012,0.012,0.0,0.01,0.012,0.008,0.012,0.008,0.012,0.008,0.01,0.01,0.01,0.01,0.01,0.008,0.01,0.012,0.01,0.008,0.01,0.012,0.012,0.01,0.012,0.01,0.008,0.01,0.008,0.01,0.01,0.016,0.014,0.01,0.01,0.01,0.0,0.086,0.01,0.008,0.006,0.01,0.012,0.01,0.0,0.008,0.01
42,0.014,0.012,0.016,0.014,0.01,0.008,0.01,0.008,0.01,0.0,0.01,0.01,0.014,0.012,0.01,0.01,0.008,0.01,0.01,0.01,0.01,0.01,0.01,0.014,0.01,0.01,0.008,0.01,0.014,0.01,0.01,0.01,0.01,0.01,0.01,0.01,0.012,0.01,0.01,0.014,0.01,0.0,0.0,0.01,0.0,0.01,0.01,0.01,0.008,0.012,0.012,0.0,0.01,0.012,0.008,0.012,0.008,0.012,0.008,0.01,0.01,0.01,0.01,0.01,0.008,0.01,0.012,0.01,0.008,0.01,0.012,0.012,0.01,0.012,0.01,0.008,0.01,0.008,0.01,0.01,0.016,0.014,0.01,0.01,0.01,0.0,0.086,0.01,0.008,0.006,0.01,0.012,0.01,0.0,0.008,0.01
43,0.014,0.012,0.016,0.014,0.01,0.008,0.01,0.008,0.01,0.0,0.01,0.01,0.014,0.012,0.01,0.01,0.008,0.01,0.01,0.01,0.01,0.01,0.01,0.014,0.01,0.01,0.008,0.01,0.014,0.01,0.01,0.01,0.01,0.01,0.01,0.01,0.012,0.01,0.01,0.014,0.01,0.0,0.0,0.01,0.0,0.01,0.01,0.01,0.008,0.012,0.012,0.0,0.01,0.012,0.008,0.012,0.008,0.012,0.008,0.01,0.01,0.01,0.01,0.01,0.008,0.01,0.012,0.01,0.008,0.01,0.012,0.012,0.01,0.012,0.01,0.008,0.01,0.008,0.01,0.01,0.016,0.016,0.01,0.01,0.01,0.0,0.086,0.01,0.008,0.006,0.01,0.012,0.01,0.0,0.008,0.008
44,0.014,0.012,0.016,0.014,0.01,0.008,0.01,0.008,0.01,0.0,0.01,0.01,0.014,0.012,0.01,0.01,0.008,0.01,0.01,0.01,0.01,0.01,0.01,0.014,0.01,0.01,0.008,0.01,0.014,0.01,0.01,0.01,0.01,0.01,0.01,0.01,0.012,0.01,0.01,0.014,0.01,0.0,0.0,0.01,0.0,0.01,0.01,0.01,0.008,0.012,0.012,0.0,0.01,0.012,0.008,0.012,0.008,0.012,0.008,0.01,0.01,0.01,0.01,0.01,0.008,0.01,0.012,0.012,0.008,0.01,0.01,0.012,0.01,0.012,0.01,0.008,0.01,0.008,0.01,0.01,0.016,0.016,0.01,0.01,0.01,0.0,0.086,0.01,0.008,0.006,0.01,0.012,0.01,0.0,0.008,0.008
45,0.014,0.012,0.016,0.014,0.01,0.008,0.01,0.008,0.01,0.0,0.01,0.01,0.014,0.012,0.01,0.01,0.008,0.01,0.01,0.01,0.01,0.01,0.01,0.014,0.01,0.01,0.008,0.01,0.014,0.01,0.01,0.01,0.01,0.01,0.01,0.01,0.012,0.01,0.01,0.014,0.01,0.0,0.0,0.01,0.0,0.01,0.01,0.01,0.008,0.012,0.012,0.0,0.01,0.012,0.008,0.012,0.008,0.012,0.008,0.01,0.01,0.01,0.01,0.01,0.008,0.01,0.012,0.012,0.008,0.01,0.01,0.012,0.01,0.012,0.01,0.008,0.01,0.008,0.01,0.01,0.016,0.016,0.01,0.01,0.01,0.0,0.086,0.01,0.008,0.006,0.01,0.012,0.01,0.0,0.008,0.008
46,0.014,0.012,0.016,0.014,0.01,0.008,0.01,0.008,0.01,0.0,0.01,0.01,0.014,0.012,0.01,0.01,0.008,0.012,0.01,0.01,0.01,0.01,0.01,0.014,0.01,0.01,0.008,0.01,0.014,0.01,0.01,0.01,0.01,0.01,0.01,0.01,0.012,0.01,0.01,0.014,0.01,0.0,0.0,0.01,0.0,0.01,0.01,0.01,0.008,0.012,0.012,0.0,0.01,0.012,0.008,0.012,0.008,0.012,0.008,0.01,0.01,0.01,0.01,0.01,0.008,0.01,0.012,0.012,0.008,0.01,0.01,0.012,0.01,0.01,0.01,0.008,0.01,0.008,0.01,0.01,0.016,0.016,0.01,0.01,0.01,0.0,0.086,0.01,0.008,0.006,0.01,0.012,0.01,0.0,0.008,0.008
47,0.014,0.012,0.016,0.014,0.01,0.008,0.01,0.008,0.01,0.0,0.012,0.01,0.014,0.012,0.01,0.01,0.008,0.012,0.01,0.01,0.008,0.01,0.01,0.014,0.01,0.01,0.008,0.01,0.014,0.01,0.01,0.01,0.01,0.01,0.01,0.01,0.012,0.01,0.01,0.014,0.01,0.0,0.0,0.01,0.0,0.01,0.01,0.01,0.008,0.012,0.012,0.0,0.01,0.012,0.008,0.012,0.008,0.012,0.008,0.01,0.01,0.01,0.01,0.01,0.008,0.01,0.012,0.012,0.008,0.01,0.01,0.012,0.01,0.01,0.01,0.008,0.01,0.008,0.01,0.01,0.016,0.016,0.01,0.01,0.01,0.0,0.086,0.01,0.008,0.006,0.01,0.012,0.01,0.0,0.008,0.008
48,0.014,0.012,0.016,0.014,0.01,0.008,0.01,0.008,0.01,0.0,0.012,0.01,0.014,0.012,0.01,0.01,0.008,0.012,0.01,0.01,0.008,0.01,0.01,0.014,0.01,0.01,0.008,0.01,0.014,0.01,0.01,0.01,0.01,0.01,0.01,0.01,0.012,0.01,0.01,0.014,0.01,0.0,0.0,0.01,0.0,0.01,0.01,0.01,0.008,0.012,0.012,0.0,0.01,0.012,0.008,0.012,0.008,0.012,0.008,0.01,0.01,0.01,0.01,0.01,0.008,0.01,0.012,0.012,0.008,0.01,0.01,0.012,0.01,0.01,0.01,0.008,0.01,0.008,0.01,0.01,0.016,0.016,0.01,0.01,0.01,0.0,0.086,0.01,0.008,0.006,0.01,0.012,0.01,0.0,0.008,0.008
49,0.014,0.012,0.016,0.014,0.01,0.008,0.01,0.008,0.01,0.0,0.012,0.01,0.014,0.012,0.01,0.01,0.008,0.012,0.01,0.01,0.008,0.01,0.01,0.014,0.01,0.01,0.008,0.01,0.014,0.01,0.01,0.01,0.01,0.01,0.01,0.01,0.012,0.01,0.01,0.014,0.01,0.0,0.0,0.01,0.0,0.01,0.01,0.01,0.008,0.012,0.012,0.0,0.01,0.012,0.008,0.012,0.008,0.012,0.008,0.01,0.01,0.01,0.01,0.01,0.008,0.01,0.012,0.012,0.008,0.01,0.01,0.012,0.01,0.01,0.01,0.008,0.01,0.008,0.01,0.01,0.016,0.016,0.01,0.01,0.01,0.0,0.086,0.01,0.008,0.006,0.01,0.012,0.01,0.0,0.008,0.008
50,0.014,0.012,0.016,0.014,0.01,0.008,0.01,0.008,0.01,0.0,0.012,0.01,0.014,0.012,0.01,0.01,0.008,0.012,0.01,0.01,0.008,0.01,0.01,0.014,0.01,0.01,0.008,0.01,0.014,0.01,0.01,0.01,0.01,0.01,0.01,0.01,0.012,0.01,0.01,0.014,0.01,0.0,0.0,0.01,0.0,0.01,0.01,0.008,0.008,0.012,0.012,0.0,0.01,0.012,0.008,0.012,0.008,0.012,0.008,0.01,0.01,0.01,0.01,0.01,0.008,0.01,0.012,0.012,0.008,0.01,0.01,0.012,0.01,0.01,0.01,0.008,0.01,0.008,0.01,0.01,0.018,0.016,0.01,0.01,0.01,0.0,0.086,0.01,0.008,0.006,0.01,0.012,0.01,0.0,0.008,0.008
51,0.014,0.012,0.016,0.014,0.01,0.008,0.01,0.008,0.01,0.0,0.012,0.01,0.014,0.012,0.01,0.01,0.008,0.012,0.01,0.01,0.008,0.01,0.01,0.014,0.01,0.01,0.008,0.01,0.014,0.01,0.01,0.01,0.01,0.01,0.01,0.01,0.012,0.01,0.01,0.014,0.01,0.0,0.0,0.01,0.0,0.01,0.01,0.008,0.008,0.012,0.012,0.0,0.01,0.012,0.008,0.012,0.008,0.012,0.008,0.01,0.01,0.01,0.01,0.01,0.008,0.01,0.012,0.012,0.008,0.01,0.01,0.012,0.01,0.01,0.01,0.008,0.01,0.008,0.01,0.01,0.018,0.016,0.01,0.01,0.01,0.0,0.086,0.01,0.008,0.006,0.01,0.012,0.01,0.0,0.008,0.008
52,0.014,0.012,0.016,0.014,0.01,0.008,0.01,0.008,0.01,0.0,0.012,0.01,0.014,0.012,0.01,0.01,0.008,0.012,0.01,0.01,0.008,0.01,0.01,0.014,0.01,0.01,0.008,0.01,0.014,0.01,0.01,0.01,0.01,0.01,0.01,0.01,0.012,0.01,0.01,0.014,0.01,0.0,0.0,0.01,0.0,0.01,0.01,0.008,0.008,0.012,0.012,0.0,0.01,0.012,0.006,0.012,0.008,0.012,0.008,0.01,0.01,0.01,0.01,0.01,0.008,0.01,0.014,0.012,0.008,0.01,0.01,0.012,0.01,0.01,0.01,0.008,0.01,0.008,0.01,0.01,0.018,0.016,0.01,0.01,0.01,0.0,0.086,0.01,0.008,0.006,0.01,0.012,0.01,0.0,0.008,0.008
53,0.014,0.012,0.016,0.014,0.01,0.008,0.01,0.008,0.01,0.0,0.012,0.01,0.014,0.012,0.01,0.01,0.008,0.012,0.01,0.01,0.008,0.01,0.01,0.014,0.01,0.01,0.008,0.01,0.014,0.01,0.01,0.01,0.01,0.01,0.01,0.01,0.012,0.01,0.01,0.014,0.01,0.0,0.0,0.01,0.0,0.01,0.01,0.008,0.008,0.012,0.012,0.0,0.01,0.012,0.006,0.012,0.008,0.012,0.008,0.01,0.01,0.01,0.01,0.01,0.008,0.01,0.014,0.012,0.008,0.01,0.01,0.012,0.01,0.01,0.01,0.008,0.01,0.008,0.01,0.01,0.018,0.016,0.01,0.01,0.01,0.0,0.086,0.01,0.008,0.006,0.01,0.012,0.01,0.0,0.008,0.008
54,0.014,0.012,0.016,0.014,0.01,0.008,0.01,0.008,0.01,0.0,0.012,0.01,0.014,0.012,0.01,0.01,0.008,0.012,0.01,0.01,0.008,0.01,0.01,0.014,0.01,0.008,0.008,0.01,0.014,0.01,0.01,0.01,0.01,0.01,0.01,0.01,0.012,0.01,0.012,0.014,0.01,0.0,0.0,0.01,0.0,0.01,0.01,0.008,0.008,0.012,0.012,0.0,0.01,0.012,0.006,0.012,0.008,0.012,0.008,0.01,0.01,0.01,0.01,0.01,0.008,0.01,0.014,0.012,0.008,0.01,0.01,0.012,0.01,0.01,0.01,0.008,0.01,0.008,0.01,0.01,0.018,0.016,0.01,0.01,0.01,0.0,0.086,0.01,0.008,0.006,0.01,0.012,0.01,0.0,0.008,0.008
55,0.014,0.012,0.016,0.014,0.01,0.008,0.01,0.008,0.01,0.0,0.012,0.01,0.014,0.012,0.01,0.01,0.008,0.012,0.01,0.01,0.008,0.01,0.01,0.014,0.01,0.008,0.008,0.01,0.014,0.01,0.01,0.01,0.01,0.01,0.01,0.01,0.012,0.01,0.012,0.014,0.01,0.0,0.0,0.01,0.0,0.01,0.01,0.008,0.008,0.01,0.012,0.0,0.01,0.012,0.006,0.012,0.008,0.012,0.008,0.01,0.01,0.01,0.01,0.01,0.008,0.01,0.014,0.012,0.008,0.01,0.01,0.012,0.01,0.012,0.01,0.008,0.01,0.008,0.01,0.01,0.018,0.016,0.01,0.01,0.01,0.0,0.086,0.01,0.008,0.006,0.01,0.012,0.01,0.0,0.008,0.008
56,0.014,0.012,0.016,0.014,0.01,0.008,0.01,0.008,0.01,0.0,0.012,0.01,0.014,0.012,0.01,0.01,0.008,0.012,0.01,0.01,0.008,0.01,0.01,0.014,0.01,0.008,0.008,0.01,0.014,0.01,0.01,0.01,0.01,0.01,0.01,0.01,0.012,0.01,0.012,0.014,0.01,0.0,0.0,0.01,0.0,0.01,0.01,0.008,0.008,0.01,0.012,0.0,0.01,0.012,0.006,0.012,0.008,0.012,0.008,0.01,0.01,0.01,0.01,0.01,0.008,0.01,0.014,0.012,0.008,0.01,0.01,0.012,0.01,0.012,0.01,0.008,0.01,0.008,0.01,0.01,0.018,0.016,0.01,0.01,0.01,0.0,0.086,0.01,0.008,0.006,0.01,0.012,0.01,0.0,0.008,0.008
57,0.014,0.012,0.016,0.014,0.01,0.008,0.01,0.008,0.01,0.0,0.012,0.01,0.014,0.012,0.01,0.01,0.008,0.012,0.01,0.01,0.008,0.01,0.01,0.014,0.01,0.008,0.008,0.01,0.014,0.01,0.01,0.01,0.01,0.01,0.01,0.01,0.012,0.01,0.012,0.014,0.01,0.0,0.0,0.01,0.0,0.01,0.01,0.008,0.008,0.01,0.012,0.0,0.01,0.012,0.006,0.012,0.008,0.012,0.008,0.01,0.01,0.01,0.01,0.01,0.008,0.01,0.014,0.012,0.008,0.01,0.01,0.012,0.01,0.012,0.01,0.008,0.01,0.008,0.01,0.01,0.018,0.016,0.01,0.01,0.01,0.0,0.086,0.01,0.008,0.006,0.01,0.012,0.01,0.0,0.008,0.008
58,0.014,0.012,0.016,0.014,0.01,0.008,0.01,0.008,0.01,0.0,0.012,0.01,0.014,0.012,0.01,0.01,0.008,0.012,0.01,0.01,0.008,0.01,0.01,0.014,0.01,0.008,0.008,0.01,0.014,0.01,0.01,0.01,0.01,0.01,0.01,0.01,0.012,0.01,0.012,0.014,0.01,0.0,0.0,0.01,0.0,0.01,0.01,0.008,0.008,0.01,0.012,0.0,0.01,0.012,0.006,0.012,0.008,0.012,0.008,0.01,0.01,0.01,0.01,0.01,0.008,0.01,0.014,0.012,0.008,0.01,0.01,0.012,0.01,0.012,0.01,0.008,0.01,0.008,0.01,0.01,0.018,0.016,0.01,0.01,0.01,0.0,0.086,0.01,0.008,0.006,0.01,0.012,0.01,0.0,0.008,0.008
59,0.014,0.012,0.016,0.014,0.01,0.008,0.01,0.008,0.01,0.0,0.012,0.01,0.014,0.012,0.012,0.01,0.008,0.012,0.01,0.01,0.008,0.01,0.01,0.014,0.01,0.008,0.008,0.01,0.014,0.01,0.01,0.01,0.01,0.01,0.01,0.01,0.012,0.01,0.012,0.014,0.01,0.0,0.0,0.01,0.0,0.01,0.01,0.008,0.008,0.01,0.012,0.0,0.01,0.012,0.006,0.012,0.008,0.012,0.008,0.01,0.01,0.01,0.01,0.01,0.008,0.01,0.014,0.012,0.008,0.01,0.01,0.012,0.01,0.012,0.01,0.008,0.01,0.008,0.01,0.01,0.018,0.016,0.01,0.01,0.01,0.0,0.086,0.01,0.008,0.006,0.01,0.012,0.01,0.0,0.006,0.008
60,0.014,0.012,0.016,0.014,0.01,0.008,0.01,0.006,0.01,0.0,0.012,0.01,0.016,0.012,0.012,0.01,0.008,0.012,0.01,0.01,0.008,0.01,0.01,0.014,0.01,0.008,0.008,0.01,0.014,0.01,0.01,0.01,0.01,0.01,0.01,0.01,0.012,0.01,0.012,0.014,0.01,0.0,0.0,0.01,0.0,0.01,0.01,0.008,0.008,0.01,0.012,0.0,0.01,0.012,0.006,0.012,0.008,0.012,0.008,0.01,0.01,0.01,0.01,0.01,0.008,0.01,0.014,0.012,0.008,0.01,0.01,0.012,0.01,0.012,0.01,0.008,0.01,0.008,0.01,0.01,0.018,0.016,0.01,0.01,0.01,0.0,0.086,0.01,0.008,0.006,0.01,0.012,0.01,0.0,0.006,0.008
61,0.014,0.012,0.016,0.014,0.01,0.008,0.01,0.006,0.01,0.0,0.012,0.01,0.016,0.012,0.012,0.01,0.008,0.012,0.01,0.01,0.008,0.01,0.01,0.014,0.01,0.008,0.008,0.01,0.014,0.01,0.01,0.01,0.01,0.01,0.01,0.01,0.012,0.01,0.012,0.014,0.01,0.0,0.0,0.01,0.0,0.01,0.01,0.008,0.008,0.01,0.012,0.0,0.01,0.012,0.006,0.012,0.008,0.012,0.008,0.01,0.01,0.01,0.01,0.01,0.008,0.01,0.014,0.012,0.008,0.01,0.01,0.012,0.01,0.012,0.01,0.008,0.01,0.008,0.01,0.01,0.018,0.016,0.01,0.01,0.01,0.0,0.086,0.01,0.008,0.006,0.01,0.012,0.01,0.0,0.006,0.008
62,0.014,0.012,0.016,0.014,0.01,0.008,0.01,0.006,0.01,0.0,0.012,0.01,0.016,0.012,0.012,0.01,0.008,0.012,0.01,0.01,0.008,0.01,0.01,0.014,0.01,0.008,0.008,0.01,0.014,0.01,0.01,0.01,0.01,0.01,0.01,0.01,0.012,0.01,0.012,0.014,0.01,0.0,0.0,0.01,0.0,0.01,0.01,0.008,0.008,0.01,0.012,0.0,0.01,0.012,0.006,0.012,0.008,0.012,0.008,0.01,0.01,0.01,0.01,0.01,0.008,0.01,0.014,0.012,0.008,0.01,0.01,0.012,0.01,0.012,0.01,0.008,0.01,0.008,0.01,0.01,0.018,0.016,0.01,0.01,0.01,0.0,0.086,0.01,0.008,0.006,0.01,0.012,0.01,0.0,0.006,0.008
63,0.014,0.012,0.016,0.014,0.01,0.008,0.01,0.006,0.01,0.0,0.012,0.01,0.016,0.012,0.012,0.01,0.008,0.012,0.01,0.01,0.008,0.01,0.01,0.014,0.01,0.008,0.008,0.01,0.014,0.01,0.01,0.01,0.01,0.01,0.01,0.01,0.012,0.01,0.012,0.014,0.01,0.0,0.0,0.01,0.0,0.01,0.01,0.008,0.008,0.01,0.012,0.0,0.01,0.012,0.006,0.012,0.008,0.012,0.008,0.01,0.01,0.01,0.01,0.01,0.008,0.01,0.014,0.012,0.008,0.01,0.01,0.012,0.01,0.012,0.01,0.008,0.01,0.008,0.01,0.01,0.018,0.016,0.01,0.01,0.01,0.0,0.086,0.01,0.008,0.006,0.01,0.012,0.01,0.0,0.006,0.008
64,0.014,0.012,0.016,0.014,0.01,0.008,0.01,0.006,0.01,0.0,0.012,0.01,0.016,0.012,0.012,0.01,0.008,0.012,0.01,0.01,0.008,0.01,0.01,0.014,0.01,0.008,0.008,0.01,0.014,0.01,0.01,0.01,0.01,0.01,0.01,0.01,0.012,0.01,0.012,0.014,0.01,0.0,0.0,0.01,0.0,0.01,0.01,0.008,0.008,0.01,0.012,0.0,0.01,0.012,0.006,0.012,0.008,0.012,0.008,0.01,0.01,0.01,0.01,0.01,0.008,0.01,0.014,0.012,0.008,0.01,0.01,0.012,0.01,0.012,0.01,0.008,0.01,0.008,0.01,0.01,0.018,0.016,0.01,0.01,0.01,0.0,0.086,0.01,0.008,0.006,0.01,0.012,0.01,0.0,0.006,0.008
65,0.014,0.012,0.016,0.014,0.01,0.008,0.01,0.006,0.01,0.0,0.012,0.01,0.016,0.012,0.012,0.01,0.008,0.012,0.01,0.01,0.008,0.01,0.01,0.016,0.01,0.008,0.008,0.01,0.014,0.01,0.01,0.01,0.01,0.01,0.01,0.01,0.012,0.01,0.012,0.014,0.01,0.0,0.0,0.01,0.0,0.01,0.01,0.008,0.008,0.01,0.012,0.0,0.01,0.012,0.006,0.012,0.008,0.012,0.008,0.01,0.01,0.01,0.01,0.01,0.008,0.01,0.014,0.012,0.008,0.01,0.01,0.012,0.01,0.012,0.01,0.008,0.01,0.008,0.008,0.01,0.018,0.016,0.01,0.01,0.01,0.0,0.086,0.01,0.008,0.006,0.01,0.012,0.01,0.0,0.006,0.008
66,0.014,0.012,0.016,0.014,0.01,0.008,0.01,0.006,0.01,0.0,0.014,0.01,0.016,0.012,0.01,0.01,0.008,0.012,0.01,0.01,0.008,0.01,0.01,0.016,0.01,0.008,0.008,0.01,0.014,0.01,0.01,0.01,0.01,0.01,0.01,0.01,0.012,0.01,0.012,0.014,0.01,0.0,0.0,0.01,0.0,0.01,0.01,0.008,0.008,0.01,0.012,0.0,0.01,0.012,0.006,0.012,0.008,0.012,0.008,0.01,0.01,0.01,0.01,0.01,0.008,0.01,0.014,0.012,0.008,0.01,0.01,0.012,0.01,0.012,0.01,0.008,0.01,0.008,0.008,0.01,0.018,0.016,0.01,0.01,0.01,0.0,0.086,0.01,0.008,0.006,0.01,0.012,0.01,0.0,0.006,0.008
67,0.014,0.012,0.016,0.014,0.01,0.008,0.01,0.006,0.01,0.0,0.014,0.01,0.016,0.012,0.01,0.01,0.008,0.012,0.01,0.01,0.008,0.01,0.01,0.016,0.01,0.008,0.008,0.01,0.014,0.01,0.01,0.01,0.01,0.012,0.01,0.01,0.012,0.01,0.012,0.014,0.01,0.0,0.0,0.01,0.0,0.01,0.01,0.008,0.008,0.01,0.012,0.0,0.01,0.012,0.006,0.012,0.008,0.012,0.008,0.01,0.01,0.01,0.01,0.01,0.008,0.01,0.014,0.012,0.008,0.01,0.01,0.012,0.01,0.012,0.01,0.008,0.01,0.008,0.008,0.01,0.016,0.016,0.01,0.01,0.01,0.0,0.086,0.01,0.008,0.006,0.01,0.012,0.01,0.0,0.006,0.008
68,0.014,0.012,0.016,0.014,0.01,0.008,0.01,0.006,0.01,0.0,0.014,0.01,0.016,0.012,0.01,0.01,0.008,0.012,0.01,0.01,0.008,0.01,0.01,0.016,0.01,0.008,0.008,0.01,0.014,0.01,0.01,0.01,0.01,0.012,0.01,0.01,0.012,0.01,0.012,0.014,0.01,0.0,0.0,0.01,0.0,0.01,0.01,0.008,0.008,0.01,0.012,0.0,0.01,0.012,0.006,0.012,0.008,0.012,0.008,0.01,0.01,0.01,0.01,0.01,0.008,0.01,0.014,0.012,0.008,0.01,0.01,0.012,0.01,0.012,0.01,0.008,0.01,0.008,0.008,0.01,0.016,0.016,0.01,0.01,0.01,0.0,0.086,0.01,0.008,0.006,0.01,0.012,0.01,0.0,0.006,0.008
69,0.014,0.012,0.016,0.014,0.01,0.008,0.01,0.006,0.01,0.0,0.014,0.01,0.016,0.012,0.01,0.01,0.008,0.012,0.01,0.01,0.008,0.01,0.01,0.016,0.01,0.008,0.008,0.01,0.014,0.01,0.01,0.01,0.01,0.012,0.01,0.01,0.012,0.01,0.012,0.012,0.01,0.0,0.0,0.01,0.0,0.01,0.01,0.008,0.008,0.01,0.012,0.0,0.008,0.012,0.006,0.012,0.008,0.012,0.008,0.01,0.01,0.01,0.01,0.01,0.008,0.01,0.014,0.012,0.008,0.01,0.01,0.012,0.01,0.012,0.01,0.008,0.01,0.008,0.008,0.01,0.016,0.016,0.01,0.012,0.01,0.0,0.086,0.01,0.008,0.006,0.01,0.012,0.01,0.0,0.008,0.008
70,0.014,0.012,0.016,0.014,0.01,0.008,0.01,0.006,0.01,0.0,0.014,0.01,0.016,0.012,0.01,0.01,0.008,0.012,0.01,0.01,0.008,0.01,0.01,0.016,0.01,0.008,0.008,0.01,0.014,0.01,0.01,0.01,0.01,0.012,0.01,0.01,0.012,0.01,0.012,0.012,0.01,0.0,0.0,0.01,0.0,0.01,0.01,0.008,0.008,0.01,0.012,0.0,0.008,0.012,0.006,0.012,0.008,0.012,0.008,0.01,0.01,0.01,0.01,0.01,0.008,0.01,0.014,0.012,0.008,0.01,0.01,0.012,0.01,0.012,0.01,0.008,0.01,0.008,0.008,0.01,0.016,0.016,0.01,0.012,0.01,0.0,0.086,0.01,0.008,0.006,0.01,0.012,0.01,0.0,0.008,0.008
71,0.014,0.012,0.016,0.014,0.01,0.008,0.01,0.006,0.01,0.0,0.014,0.01,0.016,0.012,0.01,0.01,0.008,0.012,0.01,0.01,0.008,0.01,0.012,0.016,0.01,0.008,0.008,0.01,0.014,0.008,0.01,0.01,0.01,0.012,0.01,0.01,0.012,0.01,0.012,0.012,0.01,0.0,0.0,0.01,0.0,0.01,0.01,0.008,0.008,0.01,0.012,0.0,0.008,0.012,0.006,0.012,0.008,0.012,0.008,0.01,0.01,0.01,0.01,0.01,0.008,0.01,0.014,0.012,0.008,0.01,0.01,0.012,0.01,0.012,0.01,0.008,0.01,0.008,0.008,0.01,0.016,0.016,0.01,0.012,0.01,0.0,0.086,0.01,0.008,0.006,0.01,0.012,0.01,0.0,0.008,0.008
72,0.014,0.012,0.016,0.016,0.01,0.008,0.01,0.006,0.008,0.0,0.014,0.01,0.016,0.012,0.01,0.01,0.008,0.012,0.01,0.01,0.008,0.01,0.012,0.016,0.01,0.008,0.008,0.01,0.014,0.008,0.01,0.01,0.01,0.012,0.01,0.01,0.012,0.01,0.012,0.012,0.01,0.0,0.0,0.01,0.0,0.01,0.01,0.008,0.008,0.01,0.012,0.0,0.008,0.012,0.006,0.012,0.008,0.012,0.008,0.01,0.01,0.01,0.01,0.01,0.008,0.01,0.014,0.012,0.008,0.01,0.01,0.012,0.01,0.012,0.01,0.008,0.01,0.008,0.008,0.01,0.016,0.016,0.01,0.012,0.01,0.0,0.086,0.01,0.008,0.006,0.01,0.012,0.01,0.0,0.008,0.008
73,0.014,0.014,0.016,0.016,0.01,0.008,0.01,0.006,0.008,0.0,0.014,0.01,0.016,0.012,0.01,0.01,0.008,0.012,0.01,0.01,0.008,0.01,0.012,0.016,0.01,0.008,0.008,0.01,0.014,0.008,0.01,0.01,0.01,0.012,0.01,0.01,0.012,0.01,0.012,0.012,0.01,0.0,0.0,0.01,0.0,0.01,0.01,0.008,0.008,0.01,0.012,0.0,0.008,0.012,0.006,0.012,0.008,0.012,0.008,0.01,0.01,0.01,0.01,0.01,0.008,0.01,0.014,0.012,0.008,0.01,0.01,0.01,0.01,0.012,0.01,0.008,0.01,0.008,0.008,0.01,0.016,0.016,0.01,0.012,0.01,0.0,0.086,0.01,0.008,0.006,0.01,0.012,0.01,0.0,0.008,0.008
74,0.014,0.014,0.016,0.016,0.01,0.008,0.01,0.006,0.008,0.0,0.014,0.01,0.016,0.012,0.01,0.01,0.008,0.012,0.01,0.01,0.008,0.01,0.012,0.016,0.01,0.008,0.008,0.01,0.014,0.008,0.01,0.01,0.01,0.012,0.01,0.01,0.012,0.01,0.012,0.012,0.01,0.0,0.0,0.01,0.0,0.01,0.01,0.008,0.008,0.01,0.012,0.0,0.008,0.012,0.006,0.012,0.008,0.012,0.008,0.01,0.01,0.01,0.01,0.01,0.008,0.01,0.014,0.012,0.008,0.01,0.01,0.01,0.01,0.012,0.01,0.008,0.01,0.008,0.008,0.01,0.016,0.016,0.01,0.012,0.01,0.0,0.086,0.01,0.008,0.006,0.01,0.012,0.01,0.0,0.008,0.008
75,0.014,0.014,0.016,0.016,0.01,0.008,0.01,0.006,0.008,0.0,0.014,0.01,0.016,0.012,0.01,0.01,0.008,0.012,0.01,0.01,0.008,0.01,0.012,0.016,0.01,0.008,0.008,0.01,0.014,0.008,0.01,0.01,0.01,0.012,0.01,0.01,0.012,0.01,0.012,0.012,0.01,0.0,0.0,0.01,0.0,0.01,0.01,0.008,0.008,0.01,0.012,0.0,0.008,0.012,0.006,0.012,0.008,0.012,0.008,0.01,0.01,0.01,0.01,0.01,0.008,0.01,0.014,0.012,0.008,0.01,0.01,0.01,0.01,0.012,0.01,0.008,0.01,0.008,0.008,0.01,0.016,0.016,0.01,0.012,0.01,0.0,0.086,0.01,0.008,0.006,0.01,0.012,0.01,0.0,0.008,0.008
76,0.014,0.014,0.016,0.016,0.01,0.008,0.01,0.006,0.008,0.0,0.014,0.01,0.016,0.012,0.01,0.01,0.008,0.012,0.01,0.01,0.008,0.01,0.012,0.016,0.01,0.008,0.008,0.01,0.014,0.008,0.01,0.01,0.01,0.012,0.01,0.01,0.012,0.01,0.012,0.012,0.01,0.0,0.0,0.01,0.0,0.01,0.01,0.008,0.008,0.01,0.012,0.0,0.008,0.012,0.006,0.012,0.008,0.012,0.008,0.01,0.01,0.01,0.01,0.01,0.008,0.01,0.014,0.012,0.008,0.01,0.01,0.01,0.01,0.012,0.01,0.008,0.01,0.008,0.008,0.01,0.016,0.016,0.01,0.012,0.01,0.0,0.086,0.01,0.008,0.006,0.01,0.012,0.01,0.0,0.008,0.008
77,0.014,0.014,0.016,0.016,0.01,0.008,0.01,0.006,0.008,0.0,0.014,0.01,0.016,0.012,0.01,0.01,0.008,0.012,0.01,0.01,0.008,0.01,0.012,0.016,0.01,0.008,0.008,0.01,0.014,0.008,0.01,0.01,0.01,0.012,0.01,0.01,0.012,0.01,0.012,0.012,0.01,0.0,0.0,0.01,0.0,0.01,0.01,0.008,0.008,0.01,0.012,0.0,0.008,0.012,0.006,0.012,0.008,0.012,0.008,0.01,0.01,0.01,0.01,0.01,0.008,0.01,0.014,0.012,0.008,0.01,0.01,0.01,0.01,0.012,0.01,0.008,0.01,0.008,0.008,0.01,0.016,0.016,0.01,0.012,0.01,0.0,0.086,0.01,0.008,0.006,0.01,0.012,0.01,0.0,0.008,0.008
78,0.014,0.014,0.016,0.016,0.01,0.008,0.01,0.006,0.008,0.0,0.014,0.01,0.016,0.012,0.01,0.01,0.008,0.012,0.01,0.01,0.008,0.01,0.012,0.016,0.01,0.008,0.008,0.01,0.014,0.008,0.01,0.01,0.01,0.012,0.01,0.01,0.012,0.01,0.012,0.012,0.01,0.0,0.0,0.01,0.0,0.01,0.01,0.008,0.008,0.01,0.012,0.0,0.008,0.012,0.006,0.012,0.008,0.012,0.008,0.01,0.01,0.01,0.01,0.01,0.008,0.01,0.014,0.012,0.008,0.01,0.01,0.01,0.01,0.012,0.01,0.008,0.01,0.008,0.008,0.01,0.016,0.016,0.01,0.012,0.01,0.0,0.086,0.01,0.008,0.006,0.01,0.012,0.01,0.0,0.008,0.008
79,0.014,0.014,0.016,0.016,0.01,0.008,0.01,0.006,0.008,0.0,0.014,0.01,0.016,0.012,0.01,0.01,0.008,0.012,0.01,0.01,0.008,0.01,0.012,0.016,0.01,0.008,0.008,0.01,0.014,0.008,0.01,0.01,0.01,0.012,0.01,0.01,0.012,0.01,0.012,0.012,0.01,0.0,0.0,0.01,0.0,0.01,0.01,0.008,0.008,0.01,0.012,0.0,0.008,0.012,0.006,0.012,0.008,0.012,0.008,0.01,0.01,0.01,0.01,0.01,0.008,0.01,0.014,0.012,0.008,0.01,0.01,0.01,0.01,0.012,0.01,0.008,0.01,0.008,0.008,0.01,0.016,0.016,0.01,0.012,0.01,0.0,0.086,0.01,0.008,0.006,0.01,0.012,0.01,0.0,0.008,0.008
80,0.014,0.014,0.016,0.016,0.01,0.008,0.01,0.006,0.008,0.0,0.014,0.01,0.016,0.012,0.01,0.01,0.008,0.012,0.01,0.01,0.008,0.01,0.012,0.016,0.01,0.008,0.008,0.01,0.014,0.008,0.01,0.01,0.01,0.012,0.01,0.01,0.012,0.01,0.012,0.012,0.01,0.0,0.0,0.01,0.0,0.01,0.01,0.008,0.008,0.01,0.012,0.0,0.008,0.012,0.006,0.012,0.008,0.012,0.008,0.01,0.01,0.01,0.01,0.01,0.008,0.01,0.014,0.012,0.008,0.01,0.01,0.01,0.01,0.012,0.01,0.008,0.01,0.008,0.008,0.01,0.016,0.016,0.01,0.012,0.01,0.0,0.086,0.01,0.008,0.006,0.01,0.012,0.01,0.0,0.008,0.008
81,0.014,0.014,0.016,0.016,0.01,0.008,0.01,0.006,0.008,0.0,0.014,0.01,0.016,0.012,0.01,0.01,0.008,0.012,0.01,0.01,0.008,0.01,0.012,0.016,0.01,0.008,0.008,0.01,0.014,0.008,0.01,0.01,0.01,0.012,0.01,0.01,0.012,0.01,0.012,0.012,0.01,0.0,0.0,0.01,0.0,0.01,0.01,0.008,0.008,0.01,0.012,0.0,0.008,0.012,0.006,0.012,0.008,0.012,0.008,0.01,0.01,0.01,0.01,0.008,0.008,0.01,0.014,0.012,0.008,0.01,0.01,0.01,0.01,0.012,0.01,0.008,0.01,0.008,0.008,0.01,0.018,0.016,0.01,0.012,0.01,0.0,0.086,0.01,0.008,0.006,0.01,0.012,0.01,0.0,0.008,0.008
82,0.014,0.014,0.016,0.016,0.01,0.008,0.01,0.006,0.008,0.0,0.014,0.01,0.016,0.012,0.01,0.01,0.008,0.012,0.01,0.01,0.008,0.01,0.012,0.016,0.01,0.008,0.008,0.01,0.014,0.008,0.01,0.01,0.01,0.012,0.01,0.01,0.012,0.01,0.012,0.012,0.01,0.0,0.0,0.01,0.0,0.01,0.01,0.008,0.008,0.01,0.012,0.0,0.008,0.012,0.006,0.012,0.008,0.012,0.008,0.01,0.01,0.01,0.01,0.008,0.008,0.01,0.014,0.012,0.008,0.01,0.01,0.01,0.01,0.012,0.01,0.008,0.01,0.008,0.008,0.01,0.018,0.016,0.01,0.012,0.01,0.0,0.086,0.01,0.008,0.006,0.01,0.012,0.01,0.0,0.008,0.008
83,0.014,0.014,0.016,0.016,0.01,0.008,0.01,0.006,0.008,0.0,0.014,0.01,0.016,0.012,0.01,0.01,0.008,0.012,0.01,0.01,0.008,0.01,0.012,0.016,0.01,0.008,0.008,0.01,0.014,0.008,0.01,0.01,0.01,0.012,0.01,0.01,0.012,0.01,0.012,0.012,0.01,0.0,0.0,0.01,0.0,0.01,0.01,0.008,0.008,0.01,0.012,0.0,0.008,0.012,0.006,0.012,0.008,0.012,0.008,0.01,0.01,0.01,0.01,0.008,0.008,0.01,0.014,0.012,0.008,0.01,0.01,0.01,0.01,0.012,0.01,0.008,0.01,0.008,0.008,0.01,0.018,0.016,0.01,0.012,0.01,0.0,0.086,0.01,0.008,0.006,0.01,0.012,0.01,0.0,0.008,0.008
84,0.014,0.014,0.016,0.014,0.01,0.008,0.008,0.006,0.008,0.0,0.014,0.01,0.016,0.012,0.01,0.01,0.008,0.012,0.01,0.01,0.008,0.01,0.012,0.016,0.01,0.008,0.008,0.01,0.014,0.008,0.01,0.01,0.01,0.012,0.01,0.01,0.014,0.01,0.012,0.012,0.01,0.0,0.0,0.01,0.0,0.01,0.01,0.008,0.008,0.01,0.012,0.0,0.008,0.012,0.006,0.012,0.008,0.012,0.008,0.01,0.01,0.01,0.01,0.008,0.008,0.01,0.014,0.012,0.008,0.01,0.01,0.01,0.01,0.012,0.01,0.008,0.01,0.008,0.008,0.01,0.018,0.016,0.01,0.012,0.01,0.0,0.086,0.01,0.008,0.006,0.01,0.014,0.01,0.0,0.008,0.008
85,0.014,0.014,0.016,0.014,0.01,0.008,0.008,0.006,0.008,0.0,0.014,0.01,0.016,0.012,0.01,0.01,0.008,0.012,0.01,0.01,0.008,0.01,0.012,0.016,0.01,0.008,0.008,0.01,0.014,0.008,0.01,0.01,0.01,0.012,0.01,0.01,0.014,0.01,0.012,0.012,0.01,0.0,0.0,0.01,0.0,0.01,0.01,0.008,0.008,0.01,0.012,0.0,0.008,0.012,0.006,0.012,0.008,0.012,0.008,0.01,0.01,0.01,0.01,0.008,0.008,0.01,0.014,0.012,0.008,0.01,0.01,0.01,0.01,0.012,0.01,0.008,0.01,0.008,0.008,0.01,0.018,0.016,0.01,0.012,0.01,0.0,0.086,0.01,0.008,0.006,0.01,0.014,0.01,0.0,0.008,0.008
86,0.014,0.012,0.016,0.014,0.01,0.008,0.008,0.006,0.008,0.0,0.014,0.01,0.016,0.012,0.01,0.01,0.008,0.012,0.01,0.01,0.008,0.01,0.012,0.016,0.01,0.008,0.008,0.01,0.014,0.01,0.01,0.01,0.01,0.012,0.01,0.01,0.014,0.01,0.012,0.012,0.01,0.0,0.0,0.01,0.0,0.01,0.01,0.008,0.008,0.01,0.012,0.0,0.008,0.012,0.006,0.012,0.008,0.012,0.008,0.01,0.01,0.01,0.01,0.008,0.008,0.01,0.014,0.012,0.008,0.01,0.01,0.01,0.01,0.012,0.01,0.008,0.01,0.008,0.008,0.01,0.018,0.014,0.01,0.012,0.012,0.0,0.086,0.01,0.008,0.006,0.01,0.014,0.01,0.0,0.008,0.008
87,0.014,0.012,0.016,0.014,0.01,0.008,0.008,0.006,0.008,0.0,0.014,0.01,0.016,0.012,0.01,0.01,0.008,0.012,0.01,0.01,0.008,0.01,0.012,0.016,0.01,0.008,0.008,0.01,0.014,0.01,0.01,0.01,0.01,0.012,0.01,0.01,0.014,0.01,0.012,0.012,0.01,0.0,0.0,0.01,0.0,0.01,0.01,0.008,0.008,0.01,0.012,0.0,0.008,0.012,0.006,0.012,0.008,0.012,0.008,0.01,0.008,0.01,0.01,0.008,0.008,0.01,0.016,0.012,0.008,0.01,0.01,0.01,0.01,0.012,0.01,0.008,0.01,0.008,0.008,0.01,0.018,0.014,0.01,0.012,0.012,0.0,0.086,0.01,0.008,0.006,0.01,0.014,0.01,0.0,0.008,0.008
88,0.014,0.012,0.016,0.014,0.01,0.008,0.008,0.006,0.008,0.0,0.014,0.01,0.016,0.012,0.01,0.01,0.008,0.012,0.01,0.01,0.008,0.01,0.012,0.016,0.01,0.008,0.008,0.01,0.014,0.01,0.01,0.01,0.01,0.012,0.01,0.01,0.014,0.01,0.012,0.012,0.01,0.0,0.0,0.01,0.0,0.01,0.01,0.008,0.008,0.01,0.012,0.0,0.008,0.012,0.006,0.012,0.008,0.012,0.008,0.01,0.008,0.01,0.01,0.008,0.008,0.01,0.016,0.012,0.008,0.01,0.01,0.01,0.01,0.012,0.01,0.008,0.01,0.008,0.008,0.01,0.018,0.014,0.01,0.012,0.012,0.0,0.086,0.01,0.008,0.006,0.01,0.014,0.01,0.0,0.008,0.008
89,0.014,0.012,0.016,0.014,0.01,0.008,0.008,0.006,0.008,0.0,0.014,0.01,0.016,0.012,0.01,0.01,0.008,0.012,0.01,0.01,0.008,0.01,0.012,0.016,0.01,0.008,0.008,0.01,0.014,0.01,0.01,0.01,0.01,0.012,0.01,0.01,0.014,0.01,0.012,0.012,0.01,0.0,0.0,0.01,0.0,0.01,0.01,0.008,0.008,0.01,0.012,0.0,0.008,0.012,0.006,0.012,0.008,0.012,0.008,0.01,0.008,0.01,0.01,0.008,0.008,0.01,0.016,0.012,0.008,0.01,0.01,0.01,0.01,0.012,0.01,0.008,0.01,0.008,0.008,0.01,0.018,0.014,0.01,0.012,0.012,0.0,0.086,0.01,0.008,0.006,0.01,0.014,0.01,0.0,0.008,0.008
90,0.014,0.012,0.016,0.014,0.01,0.008,0.008,0.006,0.008,0.0,0.014,0.01,0.016,0.012,0.012,0.01,0.008,0.012,0.01,0.01,0.008,0.01,0.012,0.016,0.01,0.008,0.008,0.01,0.014,0.01,0.01,0.01,0.01,0.012,0.01,0.01,0.014,0.01,0.012,0.012,0.01,0.0,0.0,0.01,0.0,0.01,0.01,0.008,0.008,0.01,0.012,0.0,0.008,0.012,0.006,0.012,0.008,0.012,0.008,0.01,0.008,0.01,0.01,0.008,0.008,0.01,0.016,0.012,0.008,0.01,0.01,0.01,0.01,0.012,0.01,0.008,0.01,0.008,0.008,0.01,0.018,0.014,0.01,0.012,0.012,0.0,0.086,0.01,0.008,0.006,0.01,0.014,0.008,0.0,0.008,0.008
91,0.014,0.012,0.016,0.014,0.01,0.008,0.008,0.006,0.008,0.0,0.014,0.01,0.016,0.012,0.012,0.01,0.008,0.012,0.01,0.01,0.008,0.01,0.012,0.016,0.01,0.008,0.008,0.01,0.014,0.01,0.01,0.01,0.01,0.012,0.01,0.01,0.014,0.01,0.012,0.012,0.01,0.0,0.0,0.01,0.0,0.01,0.01,0.008,0.008,0.01,0.012,0.0,0.008,0.012,0.006,0.012,0.008,0.012,0.008,0.01,0.008,0.01,0.01,0.008,0.008,0.01,0.016,0.012,0.008,0.01,0.01,0.01,0.01,0.012,0.01,0.008,0.01,0.008,0.008,0.01,0.018,0.014,0.01,0.012,0.012,0.0,0.086,0.01,0.008,0.006,0.01,0.014,0.008,0.0,0.008,0.008
92,0.014,0.012,0.016,0.014,0.01,0.008,0.008,0.006,0.008,0.0,0.014,0.01,0.016,0.012,0.012,0.01,0.008,0.012,0.01,0.01,0.008,0.01,0.012,0.016,0.01,0.008,0.008,0.01,0.014,0.01,0.01,0.01,0.01,0.012,0.01,0.01,0.014,0.01,0.012,0.012,0.01,0.0,0.0,0.01,0.0,0.01,0.01,0.008,0.008,0.01,0.012,0.0,0.008,0.012,0.006,0.012,0.008,0.012,0.008,0.01,0.008,0.01,0.01,0.008,0.008,0.01,0.016,0.012,0.008,0.01,0.01,0.01,0.01,0.012,0.01,0.008,0.01,0.008,0.008,0.01,0.018,0.014,0.01,0.012,0.012,0.0,0.086,0.01,0.008,0.006,0.01,0.014,0.008,0.0,0.008,0.008
93,0.014,0.012,0.016,0.014,0.01,0.008,0.008,0.006,0.008,0.0,0.014,0.01,0.016,0.012,0.012,0.01,0.008,0.012,0.01,0.01,0.008,0.01,0.012,0.016,0.01,0.008,0.008,0.01,0.014,0.01,0.01,0.01,0.01,0.01,0.01,0.01,0.014,0.01,0.012,0.014,0.01,0.0,0.0,0.01,0.0,0.01,0.01,0.008,0.008,0.01,0.012,0.0,0.008,0.012,0.006,0.012,0.008,0.012,0.008,0.01,0.008,0.01,0.01,0.008,0.008,0.01,0.016,0.012,0.008,0.01,0.01,0.01,0.01,0.012,0.01,0.008,0.01,0.008,0.008,0.01,0.018,0.014,0.01,0.012,0.012,0.0,0.086,0.01,0.008,0.006,0.01,0.014,0.008,0.0,0.008,0.008
94,0.014,0.012,0.016,0.014,0.01,0.008,0.008,0.006,0.008,0.0,0.014,0.01,0.016,0.012,0.012,0.01,0.008,0.012,0.01,0.01,0.008,0.01,0.012,0.016,0.01,0.008,0.008,0.01,0.014,0.01,0.01,0.01,0.01,0.008,0.01,0.01,0.014,0.01,0.012,0.014,0.01,0.0,0.0,0.01,0.0,0.01,0.01,0.008,0.008,0.01,0.012,0.0,0.008,0.012,0.006,0.012,0.008,0.012,0.008,0.01,0.008,0.01,0.01,0.008,0.008,0.01,0.016,0.012,0.008,0.01,0.01,0.01,0.01,0.012,0.012,0.008,0.01,0.008,0.008,0.01,0.018,0.014,0.01,0.012,0.012,0.0,0.086,0.01,0.008,0.006,0.01,0.014,0.008,0.0,0.008,0.008
95,0.014,0.012,0.016,0.014,0.01,0.008,0.008,0.004,0.008,0.0,0.014,0.01,0.016,0.012,0.012,0.01,0.008,0.012,0.01,0.01,0.008,0.01,0.012,0.016,0.01,0.008,0.008,0.01,0.014,0.01,0.01,0.01,0.01,0.008,0.01,0.01,0.014,0.01,0.012,0.014,0.01,0.0,0.0,0.01,0.0,0.01,0.01,0.008,0.008,0.01,0.014,0.0,0.008,0.012,0.006,0.012,0.008,0.012,0.008,0.01,0.008,0.01,0.01,0.008,0.008,0.01,0.016,0.012,0.008,0.01,0.01,0.01,0.01,0.012,0.012,0.008,0.01,0.008,0.008,0.01,0.018,0.014,0.01,0.012,0.012,0.0,0.086,0.01,0.008,0.006,0.01,0.014,0.008,0.0,0.008,0.008
96,0.014,0.012,0.016,0.014,0.01,0.008,0.008,0.004,0.008,0.0,0.014,0.01,0.016,0.012,0.012,0.01,0.008,0.012,0.01,0.01,0.008,0.01,0.012,0.016,0.01,0.008,0.008,0.01,0.014,0.01,0.01,0.01,0.01,0.008,0.01,0.01,0.014,0.01,0.012,0.014,0.01,0.0,0.0,0.01,0.0,0.01,0.01,0.008,0.008,0.01,0.014,0.0,0.008,0.012,0.006,0.012,0.008,0.012,0.008,0.01,0.008,0.01,0.01,0.008,0.008,0.01,0.016,0.012,0.008,0.01,0.01,0.01,0.01,0.012,0.012,0.008,0.01,0.008,0.008,0.01,0.018,0.014,0.01,0.012,0.012,0.0,0.086,0.01,0.008,0.006,0.01,0.014,0.008,0.0,0.008,0.008
97,0.014,0.012,0.016,0.014,0.01,0.008,0.008,0.004,0.008,0.0,0.014,0.01,0.016,0.012,0.012,0.01,0.008,0.012,0.01,0.01,0.008,0.01,0.012,0.016,0.01,0.008,0.008,0.01,0.014,0.01,0.01,0.01,0.01,0.008,0.01,0.01,0.014,0.01,0.012,0.014,0.01,0.0,0.0,0.01,0.0,0.01,0.01,0.008,0.008,0.01,0.014,0.0,0.008,0.012,0.006,0.012,0.008,0.012,0.008,0.01,0.008,0.01,0.01,0.008,0.008,0.01,0.016,0.012,0.008,0.01,0.01,0.01,0.01,0.012,0.012,0.008,0.01,0.008,0.008,0.01,0.018,0.014,0.01,0.012,0.012,0.0,0.086,0.01,0.008,0.006,0.01,0.014,0.008,0.0,0.008,0.008
98,0.014,0.012,0.016,0.014,0.01,0.008,0.008,0.004,0.008,0.0,0.014,0.01,0.016,0.012,0.012,0.01,0.008,0.012,0.01,0.01,0.008,0.01,0.012,0.016,0.01,0.008,0.008,0.01,0.014,0.01,0.01,0.01,0.01,0.008,0.01,0.01,0.014,0.01,0.012,0.014,0.01,0.0,0.0,0.01,0.0,0.01,0.01,0.008,0.008,0.01,0.014,0.0,0.008,0.012,0.006,0.012,0.008,0.012,0.008,0.01,0.008,0.01,0.01,0.008,0.008,0.01,0.016,0.012,0.008,0.01,0.01,0.01,0.01,0.012,0.012,0.008,0.01,0.008,0.008,0.01,0.018,0.014,0.01,0.012,0.012,0.0,0.086,0.01,0.008,0.006,0.01,0.014,0.008,0.0,0.008,0.008
99,0.014,0.012,0.016,0.014,0.01,0.008,0.008,0.004,0.008,0.0,0.014,0.01,0.016,0.012,0.012,0.01,0.008,0.012,0.01,0.01,0.008,0.01,0.01,0.016,0.01,0.008,0.008,0.01,0.014,0.01,0.01,0.01,0.01,0.008,0.01,0.01,0.014,0.01,0.012,0.014,0.01,0.0,0.0,0.01,0.0,0.01,0.01,0.008,0.008,0.01,0.014,0.0,0.008,0.012,0.006,0.012,0.008,0.012,0.008,0.01,0.008,0.01,0.01,0.008,0.008,0.01,0.016,0.012,0.008,0.01,0.01,0.01,0.01,0.012,0.012,0.008,0.01,0.008,0.008,0.01,0.02,0.014,0.01,0.012,0.012,0.0,0.086,0.01,0.008,0.006,0.01,0.014,0.008,0.0,0.008,0.008
100,0.014,0.012,0.016,0.014,0.01,0.008,0.008,0.004,0.008,0.0,0.014,0.01,0.016,0.012,0.012,0.01,0.008,0.012,0.01,0.01,0.008,0.01,0.01,0.016,0.01,0.008,0.008,0.01,0.014,0.01,0.01,0.01,0.01,0.008,0.01,0.01,0.014,0.01,0.012,0.014,0.01,0.0,0.0,0.01,0.0,0.01,0.01,0.008,0.008,0.01,0.014,0.0,0.008,0.012,0.006,0.012,0.008,0.012,0.008,0.01,0.008,0.01,0.01,0.008,0.008,0.01,0.016,0.012,0.008,0.01,0.01,0.01,0.01,0.012,0.012,0.008,0.01,0.008,0.008,0.01,0.02,0.014,0.01,0.012,0.012,0.0,0.086,0.01,0.008,0.006,0.01,0.014,0.008,0.0,0.008,0.008
101,0.014,0.012,0.016,0.014,0.01,0.008,0.008,0.004,0.008,0.0,0.014,0.01,0.016,0.012,0.012,0.01,0.008,0.012,0.01,0.01,0.008,0.01,0.01,0.016,0.01,0.006,0.008,0.01,0.014,0.01,0.01,0.01,0.01,0.008,0.01,0.01,0.014,0.01,0.012,0.014,0.01,0.0,0.0,0.01,0.0,0.01,0.01,0.008,0.008,0.01,0.014,0.0,0.008,0.012,0.006,0.012,0.008,0.012,0.008,0.01,0.008,0.01,0.01,0.008,0.008,0.01,0.016,0.012,0.008,0.01,0.01,0.01,0.01,0.014,0.012,0.008,0.01,0.008,0.008,0.01,0.02,0.014,0.01,0.012,0.012,0.0,0.086,0.01,0.008,0.006,0.01,0.014,0.008,0.0,0.008,0.008
102,0.014,0.012,0.016,0.014,0.01,0.008,0.008,0.004,0.008,0.0,0.014,0.01,0.016,0.012,0.012,0.01,0.008,0.012,0.01,0.01,0.008,0.01,0.01,0.016,0.01,0.006,0.008,0.01,0.014,0.01,0.01,0.01,0.01,0.008,0.01,0.01,0.014,0.01,0.012,0.014,0.01,0.0,0.0,0.01,0.0,0.01,0.01,0.008,0.008,0.01,0.014,0.0,0.008,0.012,0.006,0.012,0.008,0.012,0.008,0.01,0.008,0.01,0.01,0.008,0.008,0.01,0.016,0.012,0.008,0.01,0.01,0.01,0.01,0.014,0.012,0.008,0.01,0.008,0.008,0.01,0.02,0.014,0.01,0.012,0.012,0.0,0.086,0.01,0.008,0.006,0.01,0.014,0.008,0.0,0.008,0.008
103,0.014,0.012,0.016,0.014,0.01,0.008,0.008,0.004,0.008,0.0,0.014,0.01,0.016,0.012,0.012,0.01,0.008,0.012,0.01,0.01,0.008,0.01,0.01,0.016,0.01,0.006,0.008,0.01,0.014,0.01,0.01,0.01,0.01,0.008,0.01,0.01,0.014,0.01,0.01,0.014,0.01,0.0,0.0,0.01,0.0,0.01,0.01,0.008,0.008,0.01,0.014,0.0,0.008,0.012,0.006,0.012,0.008,0.012,0.008,0.01,0.008,0.01,0.01,0.008,0.008,0.01,0.016,0.012,0.008,0.01,0.01,0.01,0.01,0.014,0.012,0.01,0.01,0.008,0.008,0.01,0.02,0.014,0.01,0.012,0.012,0.0,0.086,0.01,0.008,0.006,0.01,0.014,0.008,0.0,0.008,0.008
104,0.014,0.012,0.016,0.014,0.01,0.008,0.008,0.004,0.008,0.0,0.014,0.01,0.016,0.012,0.012,0.01,0.008,0.012,0.01,0.01,0.008,0.01,0.01,0.016,0.01,0.006,0.008,0.01,0.014,0.01,0.01,0.01,0.01,0.008,0.01,0.01,0.014,0.01,0.01,0.014,0.01,0.0,0.0,0.01,0.0,0.01,0.01,0.008,0.008,0.01,0.014,0.0,0.008,0.012,0.006,0.012,0.008,0.012,0.008,0.01,0.008,0.01,0.01,0.008,0.008,0.01,0.016,0.012,0.008,0.01,0.01,0.01,0.01,0.014,0.012,0.01,0.01,0.008,0.008,0.01,0.02,0.014,0.01,0.012,0.012,0.0,0.086,0.01,0.008,0.006,0.01,0.014,0.008,0.0,0.008,0.008
105,0.014,0.012,0.016,0.014,0.01,0.006,0.008,0.006,0.008,0.0,0.014,0.01,0.016,0.012,0.012,0.01,0.008,0.012,0.01,0.01,0.008,0.01,0.01,0.016,0.01,0.006,0.008,0.01,0.014,0.01,0.01,0.01,0.01,0.008,0.01,0.01,0.014,0.01,0.01,0.014,0.01,0.0,0.0,0.01,0.0,0.01,0.01,0.008,0.008,0.01,0.014,0.0,0.008,0.012,0.006,0.012,0.008,0.012,0.008,0.01,0.008,0.01,0.01,0.008,0.008,0.01,0.016,0.012,0.008,0.01,0.01,0.01,0.01,0.014,0.012,0.01,0.01,0.008,0.008,0.01,0.02,0.014,0.01,0.012,0.012,0.0,0.086,0.01,0.008,0.006,0.01,0.014,0.008,0.0,0.008,0.008
106,0.014,0.012,0.016,0.014,0.01,0.006,0.008,0.006,0.008,0.0,0.014,0.01,0.016,0.012,0.012,0.01,0.008,0.012,0.01,0.01,0.008,0.01,0.01,0.016,0.01,0.006,0.008,0.01,0.014,0.01,0.01,0.01,0.01,0.008,0.01,0.01,0.014,0.01,0.01,0.014,0.01,0.0,0.0,0.01,0.0,0.01,0.01,0.008,0.008,0.01,0.014,0.0,0.008,0.012,0.006,0.012,0.008,0.012,0.008,0.01,0.008,0.01,0.01,0.008,0.008,0.01,0.016,0.012,0.008,0.01,0.01,0.01,0.01,0.014,0.012,0.01,0.01,0.008,0.008,0.01,0.02,0.014,0.01,0.012,0.012,0.0,0.086,0.01,0.008,0.006,0.01,0.014,0.008,0.0,0.008,0.008
107,0.014,0.012,0.016,0.014,0.01,0.006,0.008,0.006,0.008,0.0,0.014,0.01,0.016,0.012,0.012,0.01,0.008,0.012,0.01,0.01,0.008,0.01,0.01,0.016,0.01,0.006,0.008,0.01,0.014,0.01,0.01,0.008,0.01,0.008,0.01,0.01,0.014,0.01,0.01,0.014,0.01,0.0,0.0,0.01,0.0,0.01,0.01,0.008,0.008,0.01,0.014,0.0,0.008,0.012,0.006,0.012,0.008,0.012,0.008,0.01,0.008,0.01,0.01,0.008,0.008,0.01,0.016,0.012,0.008,0.01,0.01,0.01,0.01,0.014,0.012,0.01,0.01,0.008,0.008,0.01,0.02,0.014,0.01,0.012,0.012,0.0,0.086,0.01,0.008,0.006,0.012,0.014,0.008,0.0,0.008,0.008
108,0.014,0.012,0.016,0.014,0.01,0.006,0.008,0.006,0.008,0.0,0.014,0.01,0.016,0.012,0.012,0.01,0.008,0.012,0.01,0.01,0.008,0.01,0.01,0.016,0.01,0.006,0.008,0.01,0.014,0.01,0.01,0.008,0.01,0.008,0.01,0.01,0.014,0.01,0.01,0.014,0.01,0.0,0.0,0.01,0.0,0.01,0.01,0.008,0.008,0.01,0.014,0.0,0.008,0.012,0.006,0.012,0.008,0.012,0.008,0.01,0.008,0.01,0.01,0.008,0.008,0.01,0.016,0.012,0.008,0.01,0.01,0.01,0.01,0.014,0.012,0.01,0.01,0.008,0.008,0.01,0.02,0.014,0.01,0.012,0.012,0.0,0.086,0.01,0.008,0.006,0.012,0.014,0.008,0.0,0.008,0.008
109,0.014,0.012,0.016,0.014,0.01,0.006,0.008,0.006,0.008,0.0,0.014,0.01,0.016,0.012,0.012,0.01,0.008,0.012,0.01,0.01,0.008,0.01,0.01,0.016,0.01,0.006,0.008,0.01,0.014,0.01,0.01,0.008,0.01,0.008,0.01,0.01,0.014,0.01,0.01,0.014,0.01,0.0,0.0,0.01,0.0,0.01,0.01,0.008,0.008,0.01,0.014,0.0,0.008,0.012,0.006,0.01,0.008,0.012,0.008,0.01,0.008,0.01,0.01,0.008,0.008,0.01,0.016,0.012,0.008,0.01,0.01,0.01,0.01,0.014,0.012,0.01,0.01,0.008,0.008,0.01,0.02,0.014,0.01,0.012,0.014,0.0,0.086,0.01,0.008,0.006,0.012,0.014,0.008,0.0,0.008,0.008
110,0.014,0.012,0.016,0.014,0.01,0.006,0.008,0.006,0.008,0.0,0.014,0.01,0.016,0.012,0.012,0.01,0.008,0.012,0.01,0.01,0.008,0.01,0.01,0.016,0.01,0.006,0.008,0.01,0.014,0.01,0.01,0.008,0.01,0.008,0.01,0.01,0.014,0.01,0.01,0.014,0.01,0.0,0.0,0.01,0.0,0.01,0.01,0.008,0.008,0.01,0.014,0.0,0.008,0.012,0.006,0.01,0.008,0.012,0.008,0.01,0.008,0.01,0.01,0.008,0.008,0.01,0.016,0.012,0.008,0.01,0.01,0.01,0.01,0.014,0.012,0.01,0.01,0.008,0.008,0.01,0.02,0.014,0.01,0.012,0.014,0.0,0.086,0.01,0.008,0.006,0.012,0.014,0.008,0.0,0.008,0.008
111,0.014,0.012,0.016,0.014,0.01,0.006,0.008,0.006,0.008,0.0,0.014,0.01,0.016,0.012,0.012,0.01,0.008,0.012,0.01,0.01,0.008,0.01,0.01,0.016,0.01,0.006,0.008,0.01,0.014,0.01,0.01,0.008,0.01,0.008,0.01,0.01,0.014,0.01,0.01,0.014,0.01,0.0,0.0,0.01,0.0,0.01,0.01,0.008,0.008,0.01,0.014,0.0,0.008,0.012,0.006,0.01,0.008,0.012,0.008,0.01,0.008,0.01,0.01,0.008,0.008,0.01,0.016,0.012,0.008,0.01,0.01,0.01,0.01,0.014,0.012,0.01,0.01,0.008,0.008,0.01,0.02,0.014,0.01,0.012,0.014,0.0,0.086,0.01,0.008,0.006,0.012,0.014,0.008,0.0,0.008,0.008
112,0.014,0.012,0.016,0.014,0.01,0.006,0.008,0.006,0.008,0.0,0.014,0.01,0.014,0.012,0.012,0.01,0.008,0.012,0.01,0.01,0.008,0.01,0.01,0.016,0.01,0.006,0.008,0.01,0.014,0.01,0.01,0.008,0.01,0.008,0.01,0.01,0.014,0.01,0.01,0.014,0.01,0.0,0.0,0.01,0.0,0.01,0.01,0.008,0.008,0.01,0.014,0.0,0.008,0.012,0.006,0.01,0.008,0.012,0.008,0.01,0.008,0.01,0.01,0.008,0.008,0.01,0.016,0.012,0.008,0.01,0.01,0.01,0.01,0.014,0.012,0.01,0.012,0.008,0.008,0.01,0.02,0.014,0.01,0.012,0.014,0.0,0.086,0.01,0.008,0.006,0.012,0.014,0.008,0.0,0.008,0.008
113,0.014,0.012,0.016,0.014,0.01,0.006,0.008,0.006,0.008,0.0,0.014,0.01,0.014,0.012,0.012,0.01,0.008,0.012,0.01,0.01,0.008,0.01,0.01,0.016,0.01,0.006,0.008,0.01,0.014,0.01,0.01,0.008,0.01,0.008,0.01,0.01,0.014,0.01,0.01,0.014,0.01,0.0,0.0,0.01,0.0,0.01,0.01,0.008,0.008,0.01,0.014,0.0,0.008,0.012,0.006,0.01,0.008,0.012,0.008,0.01,0.008,0.01,0.01,0.008,0.008,0.01,0.016,0.012,0.008,0.01,0.01,0.01,0.01,0.014,0.012,0.01,0.012,0.008,0.008,0.01,0.02,0.014,0.01,0.012,0.014,0.0,0.086,0.01,0.008,0.006,0.012,0.014,0.008,0.0,0.008,0.008
114,0.014,0.012,0.016,0.014,0.01,0.006,0.008,0.006,0.008,0.0,0.014,0.01,0.014,0.012,0.012,0.01,0.008,0.012,0.01,0.01,0.008,0.01,0.01,0.016,0.01,0.006,0.008,0.01,0.014,0.01,0.01,0.008,0.01,0.008,0.01,0.01,0.014,0.01,0.01,0.014,0.01,0.0,0.0,0.01,0.0,0.01,0.01,0.008,0.008,0.01,0.014,0.0,0.008,0.012,0.006,0.01,0.008,0.012,0.008,0.01,0.008,0.01,0.01,0.008,0.008,0.01,0.016,0.012,0.008,0.01,0.01,0.01,0.01,0.014,0.012,0.01,0.012,0.008,0.008,0.01,0.02,0.014,0.01,0.012,0.014,0.0,0.086,0.01,0.008,0.006,0.012,0.014,0.008,0.0,0.008,0.008
115,0.014,0.012,0.016,0.014,0.01,0.006,0.008,0.006,0.008,0.0,0.014,0.01,0.014,0.012,0.012,0.01,0.008,0.012,0.01,0.01,0.008,0.01,0.01,0.016,0.01,0.006,0.008,0.01,0.014,0.01,0.01,0.008,0.01,0.008,0.01,0.01,0.014,0.01,0.01,0.014,0.01,0.0,0.0,0.01,0.0,0.01,0.01,0.008,0.008,0.01,0.014,0.0,0.008,0.012,0.006,0.01,0.008,0.012,0.008,0.01,0.008,0.01,0.01,0.008,0.008,0.01,0.016,0.012,0.008,0.01,0.01,0.01,0.01,0.014,0.012,0.01,0.012,0.008,0.008,0.01,0.02,0.014,0.01,0.012,0.014,0.0,0.086,0.01,0.008,0.006,0.012,0.014,0.008,0.0,0.008,0.008
116,0.014,0.012,0.016,0.014,0.01,0.006,0.008,0.006,0.008,0.0,0.014,0.01,0.014,0.012,0.01,0.01,0.008,0.012,0.01,0.01,0.008,0.01,0.01,0.016,0.01,0.006,0.008,0.012,0.014,0.01,0.01,0.008,0.01,0.008,0.01,0.01,0.014,0.01,0.01,0.014,0.01,0.0,0.0,0.01,0.0,0.01,0.01,0.008,0.008,0.01,0.014,0.0,0.008,0.012,0.006,0.01,0.008,0.012,0.008,0.01,0.008,0.01,0.01,0.008,0.008,0.01,0.016,0.012,0.008,0.01,0.01,0.01,0.01,0.014,0.012,0.01,0.012,0.008,0.008,0.01,0.02,0.014,0.01,0.012,0.014,0.0,0.086,0.01,0.008,0.006,0.012,0.014,0.008,0.0,0.008,0.008
117,0.014,0.012,0.016,0.014,0.01,0.006,0.008,0.006,0.008,0.0,0.014,0.01,0.014,0.012,0.01,0.01,0.008,0.012,0.01,0.01,0.008,0.01,0.01,0.016,0.01,0.006,0.008,0.012,0.014,0.01,0.01,0.008,0.01,0.008,0.01,0.01,0.014,0.01,0.01,0.014,0.01,0.0,0.0,0.01,0.0,0.01,0.01,0.008,0.008,0.01,0.014,0.0,0.008,0.012,0.006,0.01,0.008,0.012,0.008,0.01,0.008,0.01,0.01,0.008,0.008,0.01,0.016,0.012,0.008,0.01,0.01,0.01,0.01,0.014,0.012,0.01,0.012,0.008,0.008,0.01,0.02,0.014,0.01,0.012,0.014,0.0,0.086,0.01,0.008,0.006,0.012,0.014,0.008,0.0,0.008,0.008
118,0.014,0.012,0.016,0.014,0.01,0.006,0.008,0.006,0.008,0.0,0.014,0.01,0.014,0.012,0.01,0.01,0.008,0.012,0.01,0.01,0.008,0.01,0.01,0.016,0.01,0.006,0.008,0.012,0.014,0.01,0.01,0.008,0.01,0.008,0.01,0.01,0.014,0.01,0.01,0.014,0.01,0.0,0.0,0.01,0.0,0.01,0.01,0.008,0.008,0.01,0.014,0.0,0.008,0.01,0.006,0.01,0.008,0.012,0.008,0.01,0.008,0.01,0.01,0.008,0.008,0.01,0.016,0.012,0.008,0.01,0.01,0.01,0.01,0.014,0.012,0.01,0.012,0.008,0.008,0.01,0.02,0.014,0.01,0.012,0.014,0.0,0.086,0.01,0.008,0.006,0.012,0.014,0.01,0.0,0.008,0.008
119,0.014,0.012,0.016,0.014,0.01,0.006,0.008,0.006,0.008,0.0,0.014,0.01,0.014,0.012,0.01,0.01,0.008,0.012,0.01,0.01,0.008,0.01,0.01,0.016,0.01,0.006,0.008,0.012,0.014,0.01,0.01,0.008,0.01,0.008,0.01,0.01,0.014,0.01,0.01,0.014,0.01,0.0,0.0,0.01,0.0,0.01,0.01,0.008,0.008,0.01,0.014,0.0,0.008,0.01,0.006,0.01,0.008,0.012,0.008,0.01,0.008,0.01,0.01,0.008,0.008,0.01,0.016,0.012,0.008,0.01,0.01,0.01,0.01,0.014,0.012,0.01,0.012,0.008,0.008,0.01,0.02,0.014,0.01,0.012,0.014,0.0,0.086,0.01,0.008,0.006,0.012,0.014,0.01,0.0,0.008,0.008
120,0.014,0.012,0.016,0.014,0.01,0.006,0.008,0.006,0.008,0.0,0.014,0.01,0.014,0.012,0.01,0.01,0.008,0.012,0.01,0.01,0.008,0.01,0.01,0.016,0.01,0.006,0.008,0.014,0.014,0.01,0.01,0.008,0.01,0.008,0.01,0.01,0.014,0.01,0.01,0.014,0.01,0.0,0.0,0.01,0.0,0.01,0.01,0.008,0.008,0.01,0.014,0.0,0.008,0.01,0.006,0.01,0.008,0.012,0.008,0.01,0.008,0.01,0.01,0.008,0.008,0.01,0.016,0.012,0.006,0.01,0.01,0.01,0.01,0.014,0.012,0.01,0.012,0.008,0.008,0.01,0.02,0.014,0.01,0.012,0.014,0.0,0.086,0.01,0.008,0.006,0.012,0.014,0.01,0.0,0.008,0.008
121,0.014,0.012,0.016,0.014,0.01,0.006,0.008,0.006,0.008,0.0,0.014,0.01,0.014,0.012,0.01,0.01,0.008,0.012,0.01,0.01,0.008,0.01,0.01,0.016,0.01,0.006,0.008,0.014,0.014,0.01,0.01,0.008,0.01,0.008,0.01,0.01,0.014,0.01,0.01,0.014,0.01,0.0,0.0,0.01,0.0,0.01,0.01,0.008,0.008,0.01,0.014,0.0,0.008,0.01,0.006,0.01,0.008,0.012,0.008,0.01,0.008,0.01,0.01,0.008,0.008,0.01,0.016,0.012,0.006,0.01,0.01,0.01,0.01,0.014,0.012,0.01,0.012,0.008,0.008,0.01,0.02,0.014,0.01,0.012,0.014,0.0,0.086,0.01,0.008,0.006,0.012,0.014,0.01,0.0,0.008,0.008
122,0.014,0.012,0.016,0.014,0.01,0.006,0.008,0.006,0.008,0.0,0.014,0.01,0.014,0.012,0.01,0.01,0.008,0.012,0.01,0.01,0.008,0.01,0.01,0.016,0.01,0.006,0.008,0.014,0.014,0.01,0.01,0.008,0.01,0.008,0.01,0.01,0.014,0.01,0.01,0.014,0.01,0.0,0.0,0.01,0.0,0.01,0.01,0.008,0.008,0.008,0.014,0.0,0.008,0.01,0.006,0.01,0.008,0.012,0.008,0.012,0.008,0.01,0.01,0.008,0.008,0.01,0.016,0.012,0.006,0.01,0.01,0.01,0.01,0.014,0.012,0.01,0.012,0.008,0.008,0.01,0.02,0.014,0.01,0.012,0.014,0.0,0.086,0.01,0.008,0.006,0.012,0.014,0.01,0.0,0.008,0.008
123,0.014,0.012,0.016,0.014,0.01,0.006,0.008,0.006,0.008,0.0,0.014,0.01,0.014,0.012,0.01,0.01,0.008,0.012,0.01,0.01,0.008,0.01,0.01,0.016,0.01,0.006,0.008,0.014,0.014,0.01,0.01,0.008,0.01,0.008,0.01,0.01,0.014,0.01,0.01,0.014,0.01,0.0,0.0,0.01,0.0,0.01,0.01,0.008,0.008,0.008,0.014,0.0,0.008,0.01,0.006,0.01,0.008,0.012,0.008,0.012,0.008,0.01,0.01,0.008,0.008,0.01,0.016,0.012,0.006,0.01,0.01,0.01,0.01,0.014,0.012,0.01,0.012,0.008,0.008,0.01,0.02,0.014,0.01,0.012,0.014,0.0,0.086,0.01,0.008,0.006,0.012,0.014,0.01,0.0,0.008,0.008
124,0.014,0.012,0.016,0.014,0.01,0.006,0.008,0.006,0.008,0.0,0.014,0.01,0.014,0.012,0.01,0.01,0.008,0.012,0.01,0.01,0.008,0.01,0.01,0.016,0.01,0.006,0.008,0.014,0.014,0.01,0.01,0.008,0.01,0.008,0.01,0.01,0.014,0.01,0.01,0.014,0.01,0.0,0.0,0.01,0.0,0.01,0.01,0.008,0.008,0.008,0.014,0.0,0.008,0.01,0.006,0.01,0.008,0.012,0.008,0.012,0.008,0.01,0.01,0.008,0.008,0.01,0.016,0.012,0.006,0.01,0.01,0.01,0.01,0.014,0.012,0.01,0.012,0.008,0.008,0.01,0.02,0.014,0.01,0.012,0.014,0.0,0.086,0.01,0.008,0.006,0.012,0.014,0.01,0.0,0.008,0.008
125,0.014,0.012,0.016,0.014,0.01,0.006,0.008,0.006,0.008,0.0,0.014,0.01,0.014,0.012,0.01,0.01,0.008,0.012,0.01,0.01,0.008,0.01,0.01,0.016,0.01,0.006,0.008,0.014,0.014,0.01,0.01,0.008,0.01,0.008,0.01,0.01,0.014,0.01,0.01,0.014,0.01,0.0,0.0,0.01,0.0,0.01,0.01,0.008,0.008,0.008,0.014,0.0,0.008,0.01,0.006,0.01,0.008,0.012,0.008,0.012,0.008,0.01,0.01,0.008,0.008,0.01,0.016,0.012,0.006,0.01,0.008,0.01,0.01,0.016,0.012,0.01,0.012,0.008,0.008,0.01,0.02,0.014,0.01,0.012,0.014,0.0,0.086,0.01,0.008,0.006,0.012,0.014,0.01,0.0,0.008,0.008
126,0.014,0.012,0.016,0.014,0.01,0.006,0.008,0.006,0.008,0.0,0.014,0.01,0.014,0.012,0.01,0.01,0.008,0.012,0.01,0.01,0.008,0.01,0.01,0.016,0.01,0.006,0.008,0.014,0.014,0.01,0.01,0.008,0.01,0.008,0.01,0.01,0.014,0.01,0.01,0.014,0.01,0.0,0.0,0.01,0.0,0.01,0.01,0.008,0.008,0.008,0.014,0.0,0.008,0.01,0.006,0.01,0.008,0.012,0.008,0.012,0.008,0.01,0.01,0.008,0.008,0.01,0.016,0.012,0.006,0.01,0.008,0.01,0.01,0.016,0.012,0.01,0.012,0.008,0.008,0.01,0.02,0.014,0.01,0.012,0.014,0.0,0.086,0.01,0.008,0.006,0.012,0.014,0.01,0.0,0.008,0.008
127,0.014,0.012,0.016,0.014,0.01,0.006,0.008,0.006,0.008,0.0,0.014,0.01,0.014,0.012,0.01,0.008,0.008,0.012,0.01,0.01,0.008,0.01,0.01,0.014,0.01,0.008,0.008,0.014,0.014,0.01,0.01,0.008,0.01,0.008,0.01,0.01,0.016,0.01,0.01,0.014,0.01,0.0,0.0,0.01,0.0,0.01,0.01,0.008,0.008,0.008,0.014,0.0,0.008,0.01,0.006,0.01,0.008,0.012,0.008,0.012,0.008,0.01,0.01,0.008,0.008,0.01,0.016,0.012,0.006,0.01,0.008,0.01,0.01,0.016,0.012,0.01,0.012,0.008,0.008,0.01,0.02,0.014,0.01,0.012,0.014,0.0,0.086,0.01,0.008,0.006,0.012,0.014,0.01,0.0,0.008,0.008
128,0.014,0.012,0.016,0.014,0.01,0.006,0.008,0.006,0.008,0.0,0.014,0.01,0.014,0.012,0.01,0.008,0.008,0.012,0.01,0.01,0.008,0.01,0.01,0.014,0.01,0.008,0.008,0.014,0.014,0.01,0.01,0.008,0.01,0.008,0.01,0.01,0.016,0.01,0.01,0.014,0.01,0.0,0.0,0.01,0.0,0.01,0.01,0.008,0.008,0.008,0.014,0.0,0.008,0.01,0.006,0.01,0.008,0.012,0.008,0.012,0.008,0.01,0.01,0.008,0.008,0.01,0.016,0.012,0.006,0.01,0.008,0.01,0.01,0.016,0.012,0.01,0.012,0.008,0.008,0.01,0.02,0.014,0.01,0.012,0.014,0.0,0.086,0.01,0.008,0.006,0.012,0.014,0.01,0.0,0.008,0.008
129,0.014,0.012,0.016,0.014,0.01,0.006,0.008,0.006,0.008,0.0,0.014,0.01,0.014,0.012,0.01,0.008,0.008,0.012,0.01,0.01,0.008,0.01,0.01,0.014,0.01,0.008,0.008,0.014,0.014,0.01,0.01,0.008,0.01,0.008,0.01,0.01,0.016,0.012,0.01,0.014,0.01,0.0,0.0,0.01,0.0,0.01,0.01,0.008,0.008,0.008,0.014,0.0,0.008,0.01,0.006,0.01,0.008,0.012,0.006,0.012,0.008,0.01,0.01,0.008,0.008,0.01,0.016,0.012,0.006,0.01,0.008,0.01,0.01,0.016,0.012,0.01,0.012,0.008,0.008,0.01,0.02,0.014,0.01,0.012,0.014,0.0,0.086,0.01,0.008,0.006,0.012,0.014,0.01,0.0,0.008,0.008
130,0.014,0.012,0.016,0.014,0.01,0.006,0.008,0.006,0.008,0.0,0.014,0.01,0.014,0.012,0.01,0.008,0.008,0.012,0.01,0.01,0.008,0.01,0.01,0.014,0.01,0.008,0.008,0.014,0.014,0.01,0.01,0.008,0.01,0.008,0.01,0.01,0.016,0.012,0.01,0.014,0.01,0.0,0.0,0.01,0.0,0.01,0.01,0.008,0.008,0.008,0.014,0.0,0.008,0.01,0.006,0.01,0.008,0.012,0.006,0.012,0.008,0.01,0.01,0.008,0.008,0.01,0.016,0.012,0.006,0.01,0.008,0.01,0.01,0.016,0.012,0.01,0.012,0.008,0.008,0.01,0.02,0.014,0.01,0.012,0.014,0.0,0.086,0.01,0.008,0.006,0.012,0.014,0.01,0.0,0.008,0.008
131,0.014,0.012,0.016,0.014,0.01,0.008,0.008,0.006,0.008,0.0,0.014,0.01,0.014,0.012,0.01,0.008,0.008,0.012,0.01,0.01,0.008,0.01,0.01,0.014,0.01,0.008,0.008,0.014,0.014,0.01,0.01,0.008,0.01,0.008,0.01,0.01,0.016,0.012,0.01,0.014,0.01,0.0,0.0,0.01,0.0,0.01,0.01,0.008,0.008,0.008,0.014,0.0,0.008,0.01,0.006,0.01,0.008,0.012,0.006,0.012,0.008,0.01,0.01,0.008,0.008,0.008,0.016,0.012,0.006,0.01,0.008,0.01,0.01,0.016,0.012,0.01,0.012,0.008,0.008,0.01,0.02,0.014,0.01,0.012,0.014,0.0,0.086,0.01,0.008,0.006,0.012,0.014,0.01,0.0,0.008,0.008
132,0.014,0.014,0.016,0.014,0.01,0.008,0.008,0.006,0.008,0.0,0.014,0.01,0.014,0.012,0.01,0.008,0.008,0.012,0.01,0.01,0.008,0.01,0.01,0.014,0.01,0.008,0.008,0.014,0.014,0.01,0.01,0.008,0.01,0.008,0.01,0.01,0.016,0.012,0.01,0.014,0.01,0.0,0.0,0.01,0.0,0.01,0.01,0.008,0.008,0.008,0.014,0.0,0.008,0.01,0.006,0.01,0.008,0.012,0.006,0.012,0.008,0.01,0.01,0.008,0.008,0.008,0.016,0.012,0.006,0.01,0.008,0.01,0.01,0.014,0.012,0.01,0.012,0.008,0.008,0.01,0.02,0.014,0.01,0.012,0.014,0.0,0.086,0.01,0.008,0.006,0.012,0.014,0.01,0.0,0.008,0.008
133,0.014,0.014,0.016,0.014,0.01,0.008,0.008,0.006,0.008,0.0,0.014,0.01,0.014,0.012,0.01,0.008,0.008,0.012,0.01,0.01,0.008,0.01,0.01,0.014,0.01,0.008,0.008,0.014,0.014,0.01,0.01,0.008,0.01,0.008,0.01,0.01,0.016,0.012,0.01,0.014,0.01,0.0,0.0,0.01,0.0,0.01,0.01,0.008,0.008,0.008,0.014,0.0,0.008,0.01,0.006,0.01,0.008,0.012,0.006,0.012,0.008,0.01,0.01,0.008,0.008,0.008,0.016,0.012,0.006,0.01,0.008,0.01,0.01,0.014,0.012,0.01,0.012,0.008,0.008,0.01,0.02,0.014,0.01,0.012,0.014,0.0,0.086,0.01,0.008,0.006,0.012,0.014,0.01,0.0,0.008,0.008
134,0.014,0.014,0.016,0.014,0.01,0.008,0.008,0.006,0.008,0.0,0.014,0.01,0.014,0.012,0.01,0.008,0.008,0.012,0.01,0.01,0.008,0.01,0.01,0.014,0.01,0.008,0.008,0.014,0.014,0.01,0.01,0.008,0.01,0.008,0.01,0.01,0.016,0.012,0.01,0.014,0.01,0.0,0.0,0.01,0.0,0.01,0.01,0.008,0.008,0.01,0.014,0.0,0.008,0.01,0.006,0.01,0.008,0.012,0.006,0.012,0.008,0.01,0.01,0.008,0.008,0.008,0.016,0.012,0.006,0.01,0.008,0.01,0.01,0.014,0.012,0.01,0.012,0.008,0.008,0.01,0.02,0.014,0.01,0.012,0.014,0.0,0.086,0.01,0.008,0.006,0.012,0.012,0.01,0.0,0.008,0.008
135,0.014,0.014,0.016,0.014,0.01,0.008,0.008,0.006,0.008,0.0,0.014,0.01,0.014,0.012,0.01,0.008,0.008,0.012,0.01,0.01,0.008,0.01,0.01,0.014,0.01,0.008,0.008,0.014,0.014,0.01,0.01,0.008,0.01,0.008,0.01,0.01,0.016,0.012,0.01,0.014,0.01,0.0,0.0,0.01,0.0,0.01,0.01,0.008,0.008,0.01,0.014,0.0,0.008,0.01,0.006,0.01,0.008,0.012,0.006,0.012,0.008,0.01,0.01,0.008,0.008,0.008,0.016,0.012,0.006,0.01,0.008,0.01,0.01,0.014,0.012,0.01,0.012,0.008,0.008,0.01,0.02,0.014,0.01,0.012,0.014,0.0,0.086,0.01,0.008,0.006,0.012,0.012,0.01,0.0,0.008,0.008
136,0.014,0.014,0.016,0.014,0.012,0.008,0.008,0.006,0.008,0.0,0.014,0.01,0.014,0.012,0.01,0.008,0.008,0.012,0.01,0.01,0.008,0.01,0.01,0.014,0.01,0.008,0.008,0.014,0.014,0.01,0.01,0.008,0.01,0.008,0.01,0.01,0.016,0.012,0.01,0.014,0.01,0.0,0.0,0.01,0.0,0.01,0.01,0.008,0.008,0.01,0.014,0.0,0.008,0.01,0.006,0.01,0.008,0.012,0.006,0.012,0.008,0.008,0.01,0.008,0.008,0.008,0.016,0.012,0.006,0.01,0.008,0.01,0.01,0.014,0.012,0.01,0.012,0.008,0.008,0.01,0.02,0.014,0.01,0.012,0.014,0.0,0.086,0.01,0.008,0.006,0.012,0.012,0.01,0.0,0.008,0.008
137,0.014,0.014,0.016,0.014,0.012,0.008,0.008,0.006,0.008,0.0,0.014,0.01,0.014,0.012,0.01,0.01,0.008,0.012,0.01,0.01,0.008,0.01,0.01,0.014,0.01,0.008,0.008,0.014,0.014,0.01,0.01,0.008,0.01,0.008,0.01,0.01,0.016,0.012,0.01,0.014,0.01,0.0,0.0,0.01,0.0,0.01,0.01,0.008,0.008,0.01,0.014,0.0,0.008,0.01,0.006,0.01,0.008,0.012,0.006,0.012,0.006,0.008,0.01,0.008,0.008,0.008,0.016,0.012,0.006,0.01,0.008,0.01,0.01,0.014,0.012,0.01,0.012,0.008,0.008,0.01,0.02,0.014,0.01,0.012,0.014,0.0,0.086,0.01,0.008,0.006,0.012,0.012,0.01,0.0,0.008,0.008
138,0.014,0.014,0.016,0.014,0.012,0.008,0.008,0.006,0.008,0.0,0.014,0.01,0.014,0.012,0.01,0.01,0.008,0.012,0.01,0.01,0.008,0.01,0.01,0.014,0.01,0.008,0.008,0.014,0.014,0.01,0.01,0.008,0.01,0.008,0.01,0.01,0.016,0.012,0.01,0.014,0.01,0.0,0.0,0.01,0.0,0.01,0.01,0.008,0.008,0.01,0.014,0.0,0.008,0.01,0.006,0.01,0.008,0.012,0.006,0.012,0.006,0.008,0.01,0.008,0.008,0.008,0.016,0.012,0.006,0.01,0.008,0.01,0.01,0.014,0.012,0.01,0.012,0.008,0.008,0.01,0.02,0.014,0.01,0.012,0.014,0.0,0.086,0.01,0.008,0.006,0.012,0.012,0.01,0.0,0.008,0.008
139,0.014,0.014,0.016,0.014,0.012,0.008,0.008,0.006,0.008,0.0,0.014,0.01,0.014,0.012,0.01,0.01,0.008,0.012,0.01,0.01,0.008,0.01,0.01,0.014,0.01,0.008,0.008,0.014,0.014,0.01,0.01,0.008,0.01,0.008,0.01,0.01,0.016,0.012,0.01,0.014,0.01,0.0,0.0,0.01,0.0,0.01,0.01,0.008,0.008,0.01,0.014,0.0,0.008,0.01,0.006,0.01,0.008,0.012,0.006,0.012,0.006,0.008,0.01,0.008,0.008,0.008,0.016,0.012,0.006,0.01,0.008,0.01,0.01,0.014,0.012,0.01,0.012,0.008,0.008,0.01,0.02,0.014,0.01,0.012,0.014,0.0,0.086,0.01,0.008,0.006,0.012,0.012,0.01,0.0,0.008,0.008
140,0.014,0.014,0.016,0.014,0.012,0.008,0.008,0.006,0.008,0.0,0.014,0.01,0.014,0.012,0.01,0.01,0.008,0.012,0.01,0.01,0.008,0.01,0.01,0.014,0.01,0.008,0.008,0.014,0.014,0.01,0.01,0.008,0.01,0.008,0.01,0.01,0.016,0.012,0.01,0.014,0.01,0.0,0.0,0.01,0.0,0.01,0.01,0.008,0.008,0.01,0.014,0.0,0.008,0.01,0.006,0.01,0.008,0.012,0.006,0.012,0.006,0.008,0.01,0.008,0.008,0.008,0.016,0.012,0.006,0.01,0.008,0.01,0.01,0.014,0.012,0.01,0.012,0.008,0.008,0.01,0.02,0.014,0.01,0.012,0.014,0.0,0.086,0.01,0.008,0.006,0.012,0.012,0.01,0.0,0.008,0.008
141,0.014,0.014,0.016,0.014,0.012,0.008,0.008,0.006,0.008,0.0,0.014,0.01,0.014,0.012,0.01,0.01,0.008,0.012,0.01,0.01,0.008,0.01,0.01,0.014,0.01,0.008,0.008,0.014,0.014,0.01,0.01,0.008,0.01,0.008,0.01,0.01,0.016,0.012,0.01,0.014,0.01,0.0,0.0,0.01,0.0,0.01,0.01,0.008,0.008,0.01,0.014,0.0,0.008,0.01,0.006,0.01,0.008,0.012,0.006,0.012,0.006,0.008,0.01,0.008,0.008,0.008,0.016,0.012,0.006,0.01,0.008,0.01,0.01,0.014,0.012,0.01,0.012,0.008,0.008,0.01,0.02,0.014,0.01,0.012,0.014,0.0,0.086,0.01,0.008,0.006,0.012,0.012,0.01,0.0,0.008,0.008
142,0.014,0.014,0.016,0.014,0.012,0.008,0.008,0.006,0.008,0.0,0.014,0.01,0.014,0.012,0.01,0.01,0.008,0.012,0.01,0.01,0.008,0.01,0.01,0.014,0.01,0.008,0.008,0.014,0.014,0.01,0.01,0.008,0.01,0.008,0.01,0.01,0.016,0.012,0.01,0.014,0.01,0.0,0.0,0.01,0.0,0.01,0.01,0.008,0.008,0.01,0.014,0.0,0.008,0.01,0.006,0.01,0.008,0.012,0.006,0.012,0.006,0.008,0.01,0.008,0.008,0.008,0.016,0.012,0.006,0.01,0.008,0.01,0.01,0.014,0.012,0.01,0.012,0.008,0.008,0.01,0.02,0.014,0.01,0.012,0.014,0.0,0.086,0.01,0.008,0.006,0.012,0.012,0.01,0.0,0.008,0.008
143,0.014,0.014,0.016,0.014,0.012,0.008,0.008,0.006,0.008,0.0,0.014,0.01,0.014,0.012,0.01,0.01,0.008,0.012,0.01,0.01,0.008,0.01,0.01,0.014,0.01,0.008,0.008,0.014,0.014,0.01,0.01,0.008,0.01,0.008,0.01,0.01,0.016,0.012,0.01,0.014,0.01,0.0,0.0,0.01,0.0,0.01,0.01,0.008,0.008,0.01,0.014,0.0,0.008,0.01,0.006,0.01,0.008,0.012,0.006,0.012,0.006,0.008,0.01,0.008,0.008,0.008,0.016,0.012,0.006,0.01,0.008,0.01,0.01,0.014,0.012,0.01,0.012,0.008,0.008,0.01,0.02,0.014,0.01,0.012,0.014,0.0,0.086,0.01,0.008,0.006,0.012,0.012,0.01,0.0,0.008,0.008
144,0.014,0.014,0.016,0.014,0.012,0.008,0.008,0.006,0.008,0.0,0.014,0.01,0.014,0.012,0.01,0.01,0.008,0.012,0.01,0.01,0.008,0.01,0.01,0.014,0.01,0.008,0.008,0.014,0.014,0.01,0.01,0.008,0.01,0.008,0.01,0.01,0.016,0.01,0.01,0.014,0.01,0.0,0.0,0.01,0.0,0.01,0.01,0.008,0.008,0.01,0.014,0.0,0.008,0.01,0.006,0.01,0.008,0.012,0.006,0.012,0.006,0.008,0.01,0.008,0.008,0.008,0.018,0.012,0.006,0.01,0.008,0.01,0.01,0.014,0.012,0.01,0.012,0.008,0.008,0.01,0.02,0.014,0.01,0.012,0.014,0.0,0.086,0.01,0.008,0.006,0.012,0.012,0.01,0.0,0.008,0.008
145,0.014,0.014,0.016,0.014,0.012,0.008,0.008,0.006,0.008,0.0,0.012,0.01,0.014,0.012,0.01,0.01,0.008,0.012,0.01,0.01,0.008,0.01,0.01,0.014,0.01,0.008,0.008,0.014,0.014,0.01,0.01,0.008,0.01,0.008,0.01,0.01,0.016,0.01,0.01,0.014,0.01,0.0,0.0,0.01,0.0,0.01,0.01,0.008,0.008,0.01,0.014,0.0,0.008,0.01,0.006,0.01,0.008,0.012,0.006,0.014,0.006,0.008,0.01,0.008,0.008,0.008,0.018,0.012,0.006,0.01,0.008,0.01,0.01,0.014,0.012,0.01,0.012,0.008,0.008,0.01,0.02,0.014,0.01,0.012,0.014,0.0,0.086,0.01,0.008,0.006,0.012,0.012,0.01,0.0,0.008,0.008
146,0.014,0.014,0.016,0.014,0.012,0.008,0.008,0.006,0.008,0.0,0.012,0.01,0.014,0.012,0.01,0.012,0.008,0.012,0.01,0.01,0.008,0.01,0.01,0.014,0.01,0.008,0.008,0.014,0.014,0.01,0.01,0.008,0.01,0.008,0.01,0.01,0.016,0.01,0.01,0.014,0.01,0.0,0.0,0.01,0.0,0.01,0.01,0.008,0.008,0.01,0.014,0.0,0.008,0.01,0.006,0.01,0.008,0.012,0.006,0.014,0.006,0.008,0.01,0.008,0.008,0.008,0.018,0.012,0.004,0.01,0.008,0.01,0.01,0.014,0.012,0.01,0.012,0.008,0.008,0.01,0.02,0.014,0.01,0.012,0.014,0.0,0.086,0.01,0.008,0.006,0.012,0.012,0.01,0.0,0.008,0.008
147,0.014,0.014,0.016,0.014,0.012,0.008,0.008,0.006,0.008,0.0,0.012,0.01,0.014,0.012,0.01,0.012,0.008,0.012,0.01,0.01,0.008,0.01,0.01,0.014,0.01,0.008,0.008,0.014,0.014,0.01,0.01,0.008,0.01,0.008,0.01,0.01,0.016,0.01,0.01,0.014,0.01,0.0,0.0,0.01,0.0,0.01,0.01,0.008,0.008,0.01,0.014,0.0,0.008,0.01,0.006,0.01,0.008,0.012,0.006,0.014,0.006,0.008,0.01,0.008,0.008,0.008,0.018,0.012,0.004,0.01,0.008,0.01,0.01,0.014,0.012,0.01,0.012,0.008,0.008,0.01,0.02,0.014,0.01,0.012,0.014,0.0,0.086,0.01,0.008,0.006,0.012,0.012,0.01,0.0,0.008,0.008
148,0.014,0.014,0.016,0.014,0.012,0.008,0.008,0.006,0.008,0.0,0.012,0.01,0.014,0.012,0.01,0.012,0.008,0.012,0.01,0.01,0.008,0.01,0.01,0.014,0.01,0.008,0.008,0.014,0.014,0.01,0.01,0.008,0.01,0.008,0.01,0.01,0.016,0.01,0.01,0.014,0.01,0.0,0.0,0.01,0.0,0.01,0.01,0.008,0.008,0.01,0.014,0.0,0.008,0.01,0.006,0.01,0.008,0.012,0.006,0.014,0.006,0.008,0.01,0.008,0.008,0.008,0.018,0.012,0.004,0.01,0.008,0.01,0.01,0.014,0.012,0.01,0.012,0.008,0.008,0.01,0.02,0.014,0.01,0.012,0.014,0.0,0.086,0.01,0.008,0.006,0.012,0.012,0.01,0.0,0.008,0.008
149,0.014,0.014,0.016,0.014,0.012,0.008,0.008,0.006,0.008,0.0,0.012,0.01,0.014,0.012,0.01,0.012,0.008,0.012,0.01,0.01,0.008,0.01,0.01,0.014,0.01,0.008,0.008,0.014,0.014,0.01,0.01,0.008,0.01,0.008,0.01,0.01,0.016,0.01,0.01,0.014,0.01,0.0,0.0,0.01,0.0,0.01,0.01,0.008,0.008,0.01,0.014,0.0,0.008,0.01,0.006,0.01,0.008,0.012,0.006,0.014,0.006,0.008,0.01,0.008,0.008,0.008,0.018,0.012,0.004,0.01,0.008,0.01,0.01,0.014,0.012,0.01,0.012,0.008,0.008,0.01,0.02,0.014,0.01,0.012,0.014,0.0,0.086,0.01,0.008,0.006,0.012,0.012,0.01,0.0,0.008,0.008
150,0.014,0.014,0.016,0.014,0.012,0.008,0.008,0.006,0.008,0.0,0.012,0.01,0.014,0.012,0.01,0.012,0.008,0.012,0.01,0.01,0.008,0.01,0.01,0.014,0.01,0.008,0.008,0.014,0.014,0.01,0.01,0.008,0.01,0.008,0.01,0.01,0.016,0.01,0.01,0.014,0.01,0.0,0.0,0.01,0.0,0.01,0.01,0.008,0.008,0.01,0.014,0.0,0.008,0.01,0.006,0.01,0.008,0.012,0.006,0.014,0.006,0.008,0.01,0.008,0.008,0.008,0.018,0.012,0.004,0.01,0.008,0.01,0.01,0.014,0.012,0.01,0.012,0.008,0.008,0.01,0.02,0.014,0.01,0.012,0.014,0.0,0.086,0.01,0.008,0.006,0.012,0.012,0.01,0.0,0.008,0.008
151,0.014,0.014,0.016,0.014,0.012,0.008,0.008,0.006,0.008,0.0,0.012,0.01,0.014,0.012,0.01,0.012,0.008,0.012,0.01,0.01,0.008,0.01,0.01,0.014,0.01,0.008,0.008,0.014,0.014,0.01,0.01,0.008,0.01,0.008,0.01,0.01,0.016,0.01,0.01,0.014,0.01,0.0,0.0,0.01,0.0,0.01,0.01,0.008,0.008,0.01,0.014,0.0,0.008,0.01,0.006,0.01,0.008,0.012,0.006,0.014,0.006,0.008,0.01,0.008,0.008,0.008,0.018,0.012,0.004,0.01,0.008,0.01,0.01,0.014,0.012,0.01,0.012,0.008,0.008,0.01,0.02,0.014,0.01,0.012,0.014,0.0,0.086,0.01,0.008,0.006,0.012,0.012,0.01,0.0,0.008,0.008
152,0.014,0.014,0.016,0.014,0.012,0.008,0.008,0.006,0.008,0.0,0.012,0.01,0.014,0.012,0.01,0.012,0.008,0.012,0.01,0.01,0.008,0.01,0.01,0.014,0.01,0.008,0.008,0.014,0.014,0.01,0.01,0.008,0.01,0.008,0.01,0.01,0.016,0.01,0.01,0.014,0.01,0.0,0.0,0.01,0.0,0.01,0.01,0.008,0.008,0.01,0.014,0.0,0.008,0.01,0.006,0.01,0.008,0.012,0.006,0.014,0.006,0.008,0.01,0.008,0.008,0.008,0.018,0.012,0.004,0.01,0.008,0.01,0.01,0.014,0.012,0.01,0.012,0.008,0.008,0.01,0.02,0.014,0.01,0.012,0.014,0.0,0.086,0.01,0.008,0.006,0.012,0.012,0.01,0.0,0.008,0.008
153,0.014,0.014,0.016,0.014,0.012,0.008,0.008,0.006,0.008,0.0,0.012,0.01,0.014,0.012,0.01,0.012,0.008,0.012,0.01,0.01,0.008,0.01,0.01,0.014,0.01,0.008,0.008,0.014,0.014,0.01,0.01,0.008,0.01,0.008,0.01,0.01,0.016,0.01,0.01,0.014,0.01,0.0,0.0,0.01,0.0,0.01,0.01,0.008,0.008,0.01,0.014,0.0,0.008,0.01,0.006,0.01,0.008,0.012,0.006,0.014,0.006,0.008,0.01,0.008,0.008,0.008,0.018,0.012,0.004,0.01,0.008,0.01,0.01,0.014,0.012,0.01,0.012,0.008,0.008,0.01,0.02,0.014,0.01,0.012,0.014,0.0,0.086,0.01,0.008,0.006,0.012,0.012,0.01,0.0,0.008,0.008
154,0.014,0.014,0.016,0.014,0.012,0.008,0.008,0.006,0.008,0.0,0.012,0.01,0.014,0.012,0.01,0.012,0.008,0.012,0.008,0.01,0.008,0.01,0.01,0.014,0.01,0.008,0.008,0.014,0.014,0.01,0.01,0.008,0.01,0.008,0.01,0.01,0.016,0.01,0.01,0.014,0.01,0.0,0.0,0.01,0.0,0.01,0.01,0.008,0.008,0.01,0.014,0.0,0.008,0.01,0.006,0.01,0.008,0.012,0.006,0.014,0.006,0.008,0.01,0.01,0.008,0.008,0.018,0.012,0.004,0.01,0.008,0.01,0.01,0.014,0.012,0.01,0.012,0.008,0.008,0.01,0.02,0.014,0.01,0.012,0.014,0.0,0.086,0.01,0.008,0.006,0.012,0.012,0.01,0.0,0.008,0.008
155,0.014,0.014,0.016,0.014,0.012,0.008,0.008,0.006,0.008,0.0,0.012,0.01,0.014,0.012,0.01,0.012,0.008,0.012,0.008,0.01,0.008,0.01,0.01,0.014,0.01,0.008,0.008,0.014,0.014,0.01,0.01,0.008,0.01,0.008,0.01,0.01,0.016,0.01,0.01,0.014,0.01,0.0,0.0,0.01,0.0,0.01,0.01,0.008,0.008,0.01,0.014,0.0,0.008,0.01,0.006,0.01,0.008,0.012,0.006,0.014,0.006,0.008,0.01,0.01,0.008,0.008,0.018,0.012,0.004,0.01,0.008,0.01,0.01,0.014,0.012,0.01,0.012,0.008,0.008,0.01,0.02,0.014,0.01,0.012,0.014,0.0,0.086,0.01,0.008,0.006,0.012,0.012,0.01,0.0,0.008,0.008
156,0.014,0.014,0.016,0.014,0.012,0.008,0.008,0.006,0.008,0.0,0.012,0.01,0.014,0.012,0.01,0.012,0.008,0.01,0.008,0.01,0.008,0.01,0.01,0.014,0.01,0.008,0.008,0.014,0.014,0.01,0.01,0.008,0.01,0.008,0.01,0.01,0.016,0.01,0.01,0.014,0.01,0.0,0.0,0.01,0.0,0.01,0.01,0.008,0.008,0.01,0.014,0.0,0.008,0.012,0.006,0.01,0.008,0.012,0.006,0.014,0.006,0.008,0.01,0.01,0.008,0.008,0.018,0.012,0.004,0.01,0.008,0.01,0.01,0.014,0.012,0.01,0.012,0.008,0.008,0.01,0.02,0.014,0.01,0.012,0.014,0.0,0.086,0.01,0.008,0.006,0.012,0.012,0.01,0.0,0.008,0.008
157,0.014,0.014,0.016,0.014,0.012,0.008,0.008,0.006,0.008,0.0,0.012,0.01,0.014,0.012,0.01,0.012,0.008,0.01,0.008,0.01,0.008,0.01,0.01,0.014,0.01,0.008,0.008,0.014,0.014,0.01,0.01,0.008,0.01,0.008,0.01,0.01,0.014,0.01,0.01,0.014,0.01,0.0,0.0,0.01,0.0,0.01,0.01,0.008,0.008,0.01,0.014,0.0,0.008,0.012,0.006,0.01,0.008,0.012,0.006,0.016,0.006,0.008,0.01,0.01,0.008,0.008,0.018,0.012,0.004,0.01,0.008,0.01,0.01,0.014,0.012,0.01,0.012,0.008,0.008,0.01,0.02,0.014,0.01,0.012,0.014,0.0,0.086,0.01,0.008,0.006,0.012,0.012,0.01,0.0,0.008,0.008
158,0.014,0.014,0.016,0.014,0.012,0.008,0.008,0.006,0.008,0.0,0.012,0.01,0.014,0.012,0.01,0.012,0.008,0.01,0.008,0.01,0.008,0.01,0.01,0.014,0.01,0.008,0.008,0.014,0.014,0.01,0.01,0.008,0.01,0.008,0.01,0.01,0.014,0.01,0.01,0.014,0.01,0.0,0.0,0.01,0.0,0.01,0.01,0.008,0.008,0.01,0.014,0.0,0.008,0.012,0.006,0.01,0.008,0.012,0.006,0.016,0.006,0.008,0.01,0.01,0.008,0.008,0.018,0.012,0.004,0.01,0.008,0.01,0.01,0.014,0.012,0.01,0.012,0.008,0.008,0.01,0.02,0.014,0.01,0.012,0.014,0.0,0.086,0.01,0.008,0.006,0.012,0.012,0.01,0.0,0.008,0.008
159,0.014,0.014,0.016,0.014,0.012,0.008,0.008,0.006,0.008,0.0,0.012,0.01,0.012,0.012,0.01,0.012,0.008,0.01,0.008,0.01,0.01,0.01,0.01,0.014,0.01,0.008,0.008,0.014,0.014,0.01,0.01,0.008,0.01,0.008,0.01,0.01,0.014,0.01,0.01,0.014,0.01,0.0,0.0,0.01,0.0,0.01,0.01,0.008,0.008,0.01,0.014,0.0,0.008,0.012,0.006,0.01,0.008,0.012,0.006,0.016,0.006,0.008,0.01,0.01,0.008,0.008,0.018,0.012,0.004,0.01,0.008,0.01,0.01,0.014,0.012,0.01,0.012,0.008,0.008,0.01,0.02,0.014,0.01,0.012,0.014,0.0,0.086,0.01,0.008,0.006,0.012,0.012,0.01,0.0,0.008,0.008
160,0.014,0.014,0.016,0.014,0.012,0.008,0.008,0.006,0.008,0.0,0.012,0.01,0.012,0.012,0.01,0.012,0.008,0.01,0.008,0.01,0.01,0.01,0.01,0.012,0.01,0.008,0.008,0.014,0.014,0.01,0.01,0.008,0.01,0.008,0.01,0.01,0.014,0.01,0.01,0.014,0.01,0.0,0.0,0.01,0.0,0.01,0.01,0.008,0.008,0.01,0.014,0.0,0.008,0.012,0.006,0.01,0.008,0.012,0.006,0.016,0.006,0.008,0.012,0.01,0.008,0.008,0.018,0.012,0.004,0.01,0.008,0.01,0.01,0.014,0.012,0.01,0.012,0.008,0.008,0.01,0.02,0.014,0.01,0.012,0.014,0.0,0.086,0.01,0.008,0.006,0.012,0.012,0.01,0.0,0.008,0.008
161,0.014,0.014,0.016,0.014,0.012,0.008,0.008,0.006,0.008,0.0,0.012,0.01,0.012,0.012,0.01,0.012,0.008,0.01,0.008,0.01,0.01,0.01,0.01,0.012,0.01,0.008,0.008,0.014,0.014,0.01,0.01,0.008,0.01,0.008,0.01,0.01,0.014,0.01,0.01,0.014,0.01,0.0,0.0,0.01,0.0,0.01,0.01,0.008,0.008,0.01,0.014,0.0,0.008,0.012,0.006,0.01,0.008,0.012,0.006,0.016,0.006,0.008,0.012,0.01,0.008,0.008,0.018,0.012,0.004,0.01,0.008,0.01,0.01,0.014,0.012,0.01,0.012,0.008,0.008,0.01,0.02,0.014,0.01,0.012,0.014,0.0,0.086,0.01,0.008,0.006,0.012,0.012,0.01,0.0,0.008,0.008
162,0.014,0.014,0.016,0.014,0.012,0.008,0.008,0.006,0.008,0.0,0.012,0.01,0.012,0.012,0.01,0.012,0.008,0.01,0.008,0.01,0.01,0.01,0.01,0.012,0.01,0.008,0.008,0.014,0.014,0.008,0.01,0.008,0.01,0.008,0.01,0.01,0.014,0.01,0.01,0.014,0.01,0.0,0.0,0.01,0.0,0.01,0.01,0.008,0.008,0.01,0.014,0.0,0.008,0.012,0.006,0.01,0.008,0.012,0.006,0.016,0.006,0.008,0.012,0.01,0.008,0.008,0.018,0.012,0.004,0.01,0.008,0.01,0.01,0.014,0.012,0.01,0.012,0.008,0.008,0.01,0.02,0.014,0.01,0.012,0.014,0.0,0.086,0.01,0.008,0.006,0.012,0.012,0.01,0.0,0.01,0.008
163,0.014,0.014,0.016,0.014,0.012,0.008,0.008,0.006,0.008,0.0,0.012,0.01,0.012,0.012,0.01,0.012,0.008,0.01,0.008,0.01,0.01,0.01,0.008,0.012,0.01,0.008,0.008,0.014,0.014,0.008,0.01,0.008,0.01,0.008,0.01,0.01,0.014,0.01,0.01,0.014,0.01,0.0,0.0,0.01,0.0,0.01,0.01,0.008,0.008,0.01,0.014,0.0,0.008,0.012,0.006,0.01,0.008,0.012,0.006,0.016,0.006,0.008,0.012,0.01,0.008,0.008,0.018,0.012,0.004,0.01,0.008,0.01,0.01,0.014,0.012,0.012,0.012,0.008,0.008,0.01,0.02,0.014,0.01,0.012,0.014,0.0,0.086,0.01,0.008,0.006,0.012,0.012,0.01,0.0,0.01,0.008
164,0.014,0.014,0.016,0.014,0.012,0.008,0.008,0.006,0.008,0.0,0.014,0.01,0.012,0.012,0.01,0.012,0.008,0.01,0.008,0.01,0.01,0.01,0.008,0.012,0.01,0.008,0.008,0.014,0.014,0.008,0.01,0.008,0.01,0.008,0.01,0.01,0.014,0.01,0.01,0.014,0.01,0.0,0.0,0.01,0.0,0.01,0.01,0.008,0.008,0.01,0.014,0.0,0.008,0.012,0.006,0.01,0.008,0.012,0.006,0.016,0.006,0.008,0.012,0.01,0.008,0.008,0.018,0.012,0.004,0.01,0.008,0.01,0.01,0.014,0.012,0.012,0.012,0.008,0.008,0.01,0.02,0.014,0.01,0.012,0.014,0.0,0.086,0.01,0.008,0.004,0.012,0.012,0.01,0.0,0.01,0.008
165,0.014,0.014,0.016,0.014,0.012,0.008,0.008,0.006,0.008,0.0,0.014,0.01,0.012,0.012,0.01,0.012,0.008,0.01,0.008,0.01,0.01,0.01,0.008,0.012,0.01,0.008,0.008,0.014,0.014,0.008,0.01,0.008,0.01,0.008,0.01,0.01,0.014,0.01,0.01,0.014,0.01,0.0,0.0,0.01,0.0,0.01,0.01,0.008,0.008,0.01,0.014,0.0,0.008,0.012,0.006,0.01,0.008,0.012,0.006,0.016,0.006,0.008,0.012,0.01,0.008,0.008,0.018,0.012,0.004,0.01,0.008,0.01,0.01,0.014,0.012,0.012,0.012,0.008,0.008,0.01,0.02,0.014,0.01,0.012,0.014,0.0,0.086,0.01,0.008,0.004,0.012,0.012,0.01,0.0,0.01,0.008
166,0.014,0.014,0.016,0.014,0.012,0.008,0.008,0.006,0.008,0.0,0.014,0.01,0.012,0.012,0.01,0.012,0.008,0.01,0.008,0.01,0.01,0.01,0.008,0.012,0.01,0.008,0.008,0.014,0.014,0.008,0.01,0.008,0.01,0.008,0.01,0.01,0.014,0.01,0.01,0.014,0.01,0.0,0.0,0.01,0.0,0.01,0.01,0.008,0.008,0.01,0.014,0.0,0.008,0.012,0.006,0.01,0.008,0.012,0.006,0.016,0.006,0.008,0.012,0.01,0.008,0.008,0.018,0.012,0.004,0.01,0.008,0.01,0.01,0.014,0.012,0.012,0.012,0.008,0.008,0.01,0.02,0.014,0.01,0.012,0.014,0.0,0.086,0.01,0.008,0.004,0.012,0.012,0.01,0.0,0.01,0.008
167,0.012,0.014,0.016,0.014,0.012,0.008,0.008,0.006,0.008,0.0,0.014,0.01,0.012,0.012,0.01,0.012,0.008,0.01,0.008,0.01,0.01,0.01,0.008,0.012,0.01,0.008,0.008,0.014,0.014,0.006,0.01,0.008,0.01,0.008,0.01,0.01,0.014,0.01,0.01,0.014,0.01,0.0,0.0,0.01,0.0,0.01,0.01,0.008,0.008,0.01,0.014,0.0,0.008,0.012,0.006,0.01,0.008,0.012,0.006,0.016,0.006,0.008,0.012,0.01,0.008,0.008,0.018,0.012,0.004,0.01,0.008,0.01,0.01,0.014,0.012,0.012,0.012,0.008,0.008,0.01,0.02,0.016,0.01,0.012,0.016,0.0,0.086,0.01,0.008,0.004,0.012,0.012,0.01,0.0,0.01,0.008
168,0.012,0.014,0.016,0.014,0.012,0.008,0.008,0.006,0.008,0.0,0.014,0.01,0.012,0.012,0.01,0.012,0.008,0.01,0.008,0.01,0.01,0.01,0.008,0.012,0.01,0.008,0.008,0.014,0.014,0.006,0.01,0.008,0.01,0.008,0.01,0.012,0.014,0.01,0.01,0.012,0.01,0.0,0.0,0.01,0.0,0.01,0.01,0.008,0.008,0.01,0.014,0.0,0.008,0.012,0.006,0.01,0.008,0.012,0.006,0.016,0.006,0.008,0.012,0.01,0.008,0.008,0.018,0.012,0.004,0.01,0.008,0.01,0.01,0.014,0.012,0.012,0.012,0.008,0.008,0.01,0.02,0.016,0.01,0.012,0.016,0.0,0.086,0.01,0.008,0.004,0.012,0.012,0.01,0.0,0.01,0.008
169,0.012,0.014,0.016,0.014,0.012,0.008,0.008,0.006,0.008,0.0,0.014,0.01,0.012,0.012,0.01,0.012,0.008,0.01,0.008,0.01,0.01,0.01,0.008,0.012,0.01,0.008,0.008,0.014,0.014,0.006,0.01,0.008,0.01,0.008,0.01,0.012,0.014,0.01,0.01,0.012,0.01,0.0,0.0,0.01,0.0,0.01,0.01,0.008,0.008,0.01,0.014,0.0,0.008,0.012,0.006,0.01,0.008,0.012,0.006,0.016,0.006,0.008,0.012,0.01,0.008,0.008,0.018,0.012,0.004,0.01,0.008,0.01,0.01,0.014,0.012,0.012,0.012,0.008,0.008,0.01,0.02,0.016,0.01,0.012,0.016,0.0,0.086,0.01,0.008,0.004,0.012,0.012,0.01,0.0,0.01,0.008
170,0.012,0.014,0.016,0.014,0.012,0.008,0.008,0.006,0.008,0.0,0.014,0.01,0.012,0.012,0.01,0.012,0.008,0.01,0.008,0.01,0.01,0.01,0.008,0.012,0.01,0.008,0.008,0.014,0.014,0.006,0.01,0.008,0.01,0.008,0.01,0.012,0.014,0.01,0.01,0.012,0.01,0.0,0.0,0.01,0.0,0.01,0.01,0.008,0.008,0.01,0.014,0.0,0.008,0.012,0.006,0.01,0.008,0.012,0.006,0.016,0.006,0.008,0.012,0.01,0.008,0.008,0.018,0.012,0.004,0.01,0.008,0.01,0.01,0.014,0.012,0.012,0.012,0.008,0.008,0.01,0.02,0.016,0.01,0.012,0.016,0.0,0.086,0.01,0.008,0.004,0.012,0.012,0.01,0.0,0.01,0.008
171,0.012,0.016,0.016,0.014,0.012,0.008,0.008,0.006,0.008,0.0,0.014,0.01,0.012,0.012,0.01,0.012,0.008,0.01,0.008,0.01,0.01,0.01,0.008,0.012,0.01,0.008,0.008,0.014,0.014,0.006,0.01,0.008,0.01,0.008,0.01,0.012,0.014,0.01,0.01,0.012,0.01,0.0,0.0,0.01,0.0,0.01,0.01,0.008,0.008,0.01,0.014,0.0,0.008,0.012,0.006,0.01,0.008,0.012,0.006,0.016,0.006,0.008,0.01,0.01,0.008,0.008,0.018,0.012,0.004,0.01,0.008,0.01,0.01,0.014,0.012,0.012,0.012,0.008,0.008,0.01,0.02,0.016,0.01,0.012,0.016,0.0,0.086,0.01,0.008,0.004,0.012,0.012,0.01,0.0,0.01,0.008
172,0.012,0.016,0.016,0.014,0.012,0.008,0.008,0.006,0.008,0.0,0.014,0.01,0.012,0.012,0.01,0.012,0.008,0.01,0.008,0.01,0.01,0.01,0.008,0.012,0.01,0.008,0.008,0.014,0.014,0.006,0.01,0.008,0.01,0.008,0.01,0.012,0.014,0.01,0.01,0.012,0.01,0.0,0.0,0.01,0.0,0.01,0.01,0.008,0.008,0.01,0.014,0.0,0.008,0.012,0.006,0.01,0.008,0.012,0.006,0.016,0.006,0.008,0.01,0.01,0.008,0.008,0.018,0.012,0.004,0.01,0.008,0.01,0.01,0.014,0.012,0.012,0.012,0.008,0.008,0.01,0.02,0.016,0.01,0.012,0.016,0.0,0.086,0.01,0.008,0.004,0.012,0.012,0.01,0.0,0.01,0.008
173,0.012,0.016,0.016,0.014,0.012,0.008,0.008,0.006,0.006,0.0,0.014,0.01,0.012,0.012,0.01,0.012,0.008,0.01,0.008,0.01,0.01,0.01,0.008,0.012,0.01,0.008,0.008,0.014,0.014,0.006,0.01,0.008,0.01,0.008,0.01,0.012,0.014,0.01,0.01,0.012,0.01,0.0,0.0,0.01,0.0,0.01,0.01,0.008,0.008,0.01,0.014,0.0,0.008,0.012,0.006,0.01,0.008,0.012,0.006,0.016,0.006,0.008,0.01,0.01,0.008,0.008,0.018,0.012,0.004,0.01,0.008,0.01,0.01,0.014,0.012,0.012,0.012,0.01,0.008,0.01,0.02,0.016,0.01,0.012,0.016,0.0,0.086,0.01,0.008,0.004,0.012,0.012,0.01,0.0,0.01,0.008
174,0.012,0.016,0.016,0.014,0.012,0.008,0.008,0.006,0.006,0.0,0.014,0.01,0.012,0.012,0.01,0.012,0.008,0.01,0.008,0.01,0.01,0.01,0.008,0.012,0.01,0.008,0.008,0.014,0.014,0.006,0.01,0.008,0.01,0.008,0.01,0.012,0.014,0.01,0.01,0.012,0.01,0.0,0.0,0.01,0.0,0.01,0.01,0.008,0.008,0.01,0.014,0.0,0.008,0.012,0.006,0.01,0.008,0.012,0.006,0.016,0.006,0.008,0.01,0.01,0.008,0.008,0.018,0.012,0.004,0.01,0.008,0.01,0.01,0.014,0.012,0.012,0.012,0.01,0.008,0.01,0.02,0.016,0.01,0.012,0.016,0.0,0.086,0.01,0.008,0.004,0.012,0.012,0.01,0.0,0.01,0.008
175,0.012,0.016,0.016,0.014,0.012,0.008,0.008,0.006,0.006,0.0,0.014,0.01,0.012,0.012,0.01,0.012,0.008,0.01,0.008,0.01,0.01,0.01,0.008,0.012,0.01,0.008,0.006,0.014,0.014,0.006,0.01,0.008,0.01,0.008,0.01,0.012,0.014,0.012,0.01,0.012,0.01,0.0,0.0,0.01,0.0,0.01,0.01,0.008,0.008,0.01,0.014,0.0,0.008,0.012,0.006,0.01,0.008,0.012,0.006,0.016,0.006,0.008,0.01,0.01,0.008,0.008,0.018,0.012,0.004,0.01,0.008,0.01,0.01,0.014,0.012,0.012,0.012,0.01,0.008,0.01,0.02,0.016,0.01,0.012,0.016,0.0,0.086,0.01,0.008,0.004,0.012,0.012,0.01,0.0,0.01,0.008
176,0.012,0.016,0.016,0.014,0.012,0.008,0.008,0.006,0.006,0.0,0.014,0.01,0.012,0.012,0.01,0.012,0.008,0.01,0.008,0.01,0.01,0.01,0.008,0.012,0.01,0.008,0.006,0.014,0.014,0.006,0.01,0.008,0.01,0.008,0.01,0.012,0.014,0.012,0.01,0.012,0.01,0.0,0.0,0.01,0.0,0.01,0.01,0.008,0.008,0.01,0.014,0.0,0.008,0.012,0.006,0.01,0.008,0.012,0.006,0.016,0.006,0.008,0.01,0.01,0.008,0.008,0.018,0.012,0.004,0.01,0.008,0.01,0.01,0.014,0.012,0.012,0.012,0.01,0.008,0.01,0.02,0.016,0.01,0.012,0.016,0.0,0.086,0.01,0.008,0.004,0.012,0.012,0.01,0.0,0.01,0.008
177,0.012,0.016,0.016,0.014,0.012,0.008,0.008,0.006,0.006,0.0,0.014,0.01,0.012,0.012,0.01,0.012,0.008,0.01,0.008,0.01,0.01,0.01,0.008,0.012,0.01,0.008,0.006,0.014,0.014,0.006,0.01,0.008,0.01,0.008,0.01,0.012,0.014,0.012,0.01,0.012,0.01,0.0,0.0,0.01,0.0,0.01,0.01,0.008,0.008,0.01,0.014,0.0,0.008,0.012,0.006,0.01,0.008,0.012,0.006,0.016,0.006,0.008,0.01,0.01,0.008,0.008,0.018,0.012,0.004,0.01,0.008,0.01,0.01,0.014,0.012,0.012,0.012,0.01,0.008,0.01,0.02,0.016,0.01,0.012,0.016,0.0,0.086,0.01,0.008,0.004,0.012,0.012,0.01,0.0,0.01,0.008
178,0.012,0.018,0.016,0.014,0.012,0.008,0.008,0.006,0.006,0.0,0.014,0.01,0.012,0.012,0.01,0.012,0.008,0.01,0.008,0.01,0.01,0.01,0.008,0.012,0.01,0.008,0.006,0.014,0.014,0.006,0.01,0.008,0.01,0.008,0.01,0.012,0.014,0.012,0.008,0.012,0.01,0.0,0.0,0.01,0.0,0.01,0.01,0.008,0.008,0.01,0.014,0.0,0.008,0.012,0.006,0.01,0.008,0.012,0.006,0.016,0.006,0.008,0.01,0.01,0.008,0.008,0.018,0.012,0.004,0.01,0.008,0.01,0.01,0.014,0.012,0.012,0.012,0.01,0.008,0.01,0.02,0.016,0.01,0.012,0.016,0.0,0.086,0.01,0.008,0.004,0.012,0.012,0.01,0.0,0.01,0.008
179,0.012,0.018,0.016,0.014,0.012,0.008,0.008,0.006,0.006,0.0,0.014,0.01,0.012,0.012,0.01,0.012,0.008,0.01,0.008,0.01,0.01,0.01,0.008,0.012,0.01,0.008,0.006,0.014,0.014,0.006,0.01,0.008,0.01,0.008,0.01,0.012,0.014,0.012,0.008,0.012,0.01,0.0,0.0,0.01,0.0,0.01,0.01,0.008,0.008,0.01,0.014,0.0,0.008,0.012,0.006,0.01,0.008,0.012,0.006,0.016,0.006,0.008,0.01,0.01,0.008,0.008,0.018,0.012,0.004,0.01,0.008,0.01,0.01,0.014,0.012,0.012,0.012,0.01,0.008,0.01,0.02,0.016,0.01,0.012,0.016,0.0,0.086,0.01,0.008,0.004,0.012,0.012,0.01,0.0,0.01,0.008
180,0.012,0.018,0.016,0.014,0.012,0.008,0.008,0.006,0.006,0.0,0.014,0.01,0.012,0.012,0.01,0.012,0.008,0.01,0.008,0.01,0.01,0.01,0.008,0.012,0.01,0.008,0.006,0.014,0.014,0.006,0.01,0.008,0.01,0.008,0.01,0.012,0.014,0.012,0.008,0.012,0.01,0.0,0.0,0.01,0.0,0.01,0.01,0.008,0.008,0.01,0.014,0.0,0.008,0.012,0.006,0.01,0.008,0.012,0.006,0.016,0.006,0.008,0.01,0.01,0.008,0.008,0.018,0.012,0.004,0.01,0.008,0.01,0.01,0.014,0.012,0.01,0.012,0.01,0.008,0.01,0.022,0.016,0.01,0.012,0.016,0.0,0.086,0.01,0.008,0.004,0.012,0.012,0.01,0.0,0.01,0.008
181,0.012,0.018,0.016,0.014,0.012,0.008,0.008,0.006,0.006,0.0,0.014,0.01,0.012,0.012,0.01,0.012,0.008,0.01,0.008,0.01,0.01,0.01,0.008,0.012,0.01,0.008,0.006,0.014,0.014,0.006,0.01,0.008,0.01,0.008,0.01,0.012,0.014,0.012,0.008,0.012,0.01,0.0,0.0,0.01,0.0,0.01,0.01,0.008,0.008,0.01,0.014,0.0,0.008,0.012,0.006,0.01,0.008,0.012,0.006,0.016,0.006,0.008,0.01,0.01,0.008,0.008,0.018,0.012,0.004,0.01,0.008,0.01,0.01,0.014,0.012,0.01,0.012,0.01,0.008,0.01,0.022,0.016,0.01,0.012,0.016,0.0,0.086,0.01,0.008,0.004,0.012,0.012,0.01,0.0,0.01,0.008
182,0.012,0.018,0.016,0.014,0.012,0.008,0.008,0.006,0.006,0.0,0.014,0.01,0.012,0.012,0.01,0.012,0.008,0.01,0.008,0.01,0.01,0.01,0.008,0.012,0.01,0.008,0.006,0.014,0.014,0.006,0.01,0.008,0.01,0.008,0.01,0.014,0.014,0.012,0.008,0.012,0.01,0.0,0.0,0.01,0.0,0.01,0.01,0.008,0.008,0.01,0.014,0.0,0.008,0.012,0.006,0.01,0.008,0.012,0.006,0.016,0.004,0.008,0.01,0.01,0.008,0.008,0.018,0.012,0.004,0.01,0.008,0.01,0.01,0.014,0.012,0.01,0.012,0.01,0.008,0.01,0.022,0.016,0.01,0.012,0.016,0.0,0.086,0.01,0.008,0.004,0.012,0.012,0.01,0.0,0.01,0.008
183,0.012,0.018,0.016,0.014,0.012,0.008,0.008,0.006,0.006,0.0,0.014,0.01,0.012,0.012,0.01,0.012,0.008,0.01,0.008,0.01,0.01,0.01,0.008,0.012,0.01,0.008,0.006,0.014,0.014,0.006,0.01,0.008,0.01,0.008,0.01,0.014,0.014,0.012,0.008,0.012,0.01,0.0,0.0,0.01,0.0,0.01,0.01,0.008,0.008,0.01,0.014,0.0,0.008,0.012,0.006,0.01,0.008,0.012,0.006,0.016,0.004,0.008,0.01,0.01,0.008,0.008,0.018,0.012,0.004,0.01,0.008,0.01,0.01,0.014,0.012,0.01,0.012,0.01,0.008,0.01,0.022,0.018,0.01,0.012,0.016,0.0,0.086,0.01,0.008,0.004,0.012,0.012,0.008,0.0,0.01,0.008
184,0.012,0.018,0.016,0.014,0.012,0.008,0.008,0.006,0.006,0.0,0.014,0.01,0.012,0.012,0.01,0.012,0.008,0.01,0.008,0.01,0.01,0.01,0.008,0.012,0.01,0.008,0.006,0.014,0.014,0.006,0.01,0.008,0.01,0.008,0.01,0.014,0.014,0.012,0.008,0.012,0.01,0.0,0.0,0.01,0.0,0.01,0.01,0.008,0.008,0.01,0.014,0.0,0.008,0.012,0.006,0.01,0.008,0.012,0.006,0.016,0.004,0.008,0.01,0.01,0.008,0.008,0.018,0.012,0.004,0.01,0.008,0.01,0.01,0.014,0.012,0.01,0.012,0.01,0.008,0.01,0.022,0.018,0.01,0.012,0.016,0.0,0.086,0.01,0.008,0.004,0.012,0.012,0.008,0.0,0.01,0.008
185,0.012,0.018,0.016,0.014,0.012,0.008,0.008,0.006,0.006,0.0,0.014,0.01,0.012,0.012,0.008,0.012,0.008,0.01,0.008,0.01,0.01,0.01,0.008,0.012,0.01,0.008,0.006,0.016,0.014,0.006,0.01,0.008,0.01,0.008,0.01,0.014,0.014,0.012,0.008,0.012,0.01,0.0,0.0,0.01,0.0,0.01,0.01,0.008,0.008,0.01,0.014,0.0,0.008,0.012,0.006,0.01,0.008,0.012,0.006,0.016,0.004,0.008,0.01,0.01,0.008,0.008,0.018,0.012,0.004,0.01,0.008,0.01,0.01,0.014,0.012,0.01,0.012,0.01,0.008,0.01,0.022,0.018,0.01,0.012,0.016,0.0,0.086,0.01,0.008,0.004,0.012,0.012,0.008,0.0,0.01,0.008
186,0.012,0.018,0.016,0.014,0.012,0.008,0.008,0.006,0.006,0.0,0.014,0.01,0.012,0.012,0.008,0.012,0.008,0.01,0.008,0.01,0.01,0.01,0.008,0.012,0.01,0.008,0.006,0.016,0.014,0.006,0.01,0.008,0.01,0.008,0.01,0.014,0.014,0.012,0.008,0.012,0.01,0.0,0.0,0.01,0.0,0.01,0.01,0.008,0.008,0.01,0.014,0.0,0.008,0.012,0.006,0.01,0.008,0.012,0.006,0.016,0.004,0.008,0.01,0.01,0.008,0.008,0.018,0.012,0.004,0.01,0.008,0.01,0.01,0.014,0.012,0.01,0.014,0.01,0.008,0.01,0.022,0.018,0.01,0.012,0.016,0.0,0.086,0.01,0.008,0.004,0.012,0.012,0.006,0.0,0.01,0.008
187,0.012,0.018,0.016,0.014,0.012,0.008,0.008,0.006,0.006,0.0,0.014,0.01,0.012,0.012,0.008,0.012,0.008,0.01,0.008,0.01,0.01,0.01,0.008,0.012,0.01,0.008,0.006,0.016,0.014,0.006,0.01,0.008,0.01,0.008,0.01,0.014,0.014,0.012,0.008,0.012,0.01,0.0,0.0,0.01,0.0,0.01,0.01,0.008,0.008,0.01,0.014,0.0,0.008,0.012,0.006,0.01,0.008,0.012,0.006,0.016,0.004,0.008,0.01,0.01,0.008,0.008,0.018,0.012,0.004,0.01,0.008,0.01,0.01,0.014,0.012,0.01,0.014,0.01,0.008,0.01,0.022,0.018,0.01,0.012,0.016,0.0,0.086,0.01,0.008,0.004,0.012,0.012,0.006,0.0,0.01,0.008
188,0.012,0.018,0.016,0.014,0.012,0.008,0.008,0.006,0.006,0.0,0.014,0.01,0.012,0.012,0.008,0.012,0.008,0.01,0.008,0.01,0.01,0.01,0.008,0.012,0.01,0.008,0.006,0.016,0.014,0.006,0.01,0.008,0.01,0.008,0.01,0.014,0.014,0.012,0.008,0.012,0.01,0.0,0.0,0.01,0.0,0.01,0.01,0.008,0.008,0.01,0.014,0.0,0.008,0.012,0.006,0.01,0.008,0.012,0.006,0.016,0.004,0.008,0.01,0.01,0.008,0.008,0.018,0.012,0.004,0.01,0.008,0.01,0.01,0.014,0.012,0.01,0.014,0.01,0.008,0.01,0.022,0.018,0.01,0.012,0.016,0.0,0.086,0.01,0.008,0.004,0.012,0.012,0.006,0.0,0.01,0.008
189,0.012,0.018,0.016,0.014,0.012,0.008,0.008,0.006,0.006,0.0,0.014,0.01,0.012,0.012,0.008,0.012,0.008,0.01,0.008,0.01,0.01,0.01,0.008,0.012,0.01,0.008,0.006,0.016,0.014,0.006,0.01,0.008,0.01,0.008,0.01,0.014,0.014,0.012,0.008,0.012,0.01,0.0,0.0,0.01,0.0,0.01,0.01,0.008,0.008,0.01,0.014,0.0,0.008,0.012,0.006,0.01,0.008,0.012,0.006,0.016,0.004,0.008,0.01,0.01,0.008,0.008,0.018,0.012,0.004,0.01,0.008,0.01,0.01,0.014,0.012,0.01,0.014,0.01,0.008,0.01,0.022,0.018,0.01,0.012,0.016,0.0,0.086,0.01,0.008,0.004,0.012,0.012,0.006,0.0,0.01,0.008
190,0.012,0.018,0.016,0.014,0.012,0.008,0.008,0.006,0.006,0.0,0.014,0.01,0.012,0.012,0.008,0.012,0.008,0.01,0.008,0.01,0.01,0.01,0.008,0.012,0.01,0.008,0.006,0.016,0.014,0.006,0.01,0.008,0.01,0.008,0.01,0.014,0.014,0.012,0.008,0.012,0.01,0.0,0.0,0.01,0.0,0.01,0.01,0.008,0.008,0.01,0.014,0.0,0.008,0.012,0.006,0.01,0.008,0.012,0.006,0.016,0.004,0.008,0.01,0.01,0.008,0.008,0.018,0.012,0.004,0.01,0.008,0.01,0.01,0.014,0.012,0.01,0.014,0.01,0.008,0.01,0.022,0.018,0.01,0.012,0.016,0.0,0.086,0.01,0.008,0.004,0.012,0.012,0.006,0.0,0.01,0.008
191,0.012,0.018,0.016,0.014,0.012,0.008,0.008,0.006,0.006,0.0,0.014,0.012,0.012,0.012,0.008,0.012,0.008,0.01,0.008,0.01,0.01,0.01,0.008,0.012,0.01,0.008,0.006,0.016,0.014,0.006,0.01,0.008,0.01,0.008,0.01,0.014,0.014,0.012,0.008,0.012,0.01,0.0,0.0,0.01,0.0,0.01,0.01,0.008,0.008,0.01,0.014,0.0,0.008,0.012,0.006,0.01,0.008,0.012,0.006,0.016,0.004,0.008,0.01,0.01,0.008,0.006,0.018,0.012,0.004,0.01,0.008,0.01,0.01,0.014,0.012,0.01,0.014,0.01,0.008,0.01,0.022,0.018,0.01,0.012,0.016,0.0,0.086,0.01,0.008,0.004,0.012,0.012,0.006,0.0,0.01,0.008
192,0.012,0.018,0.016,0.014,0.012,0.008,0.008,0.006,0.006,0.0,0.014,0.012,0.012,0.012,0.008,0.012,0.008,0.01,0.008,0.01,0.01,0.01,0.008,0.012,0.01,0.008,0.006,0.016,0.014,0.006,0.01,0.008,0.01,0.008,0.01,0.014,0.014,0.012,0.008,0.012,0.01,0.0,0.0,0.01,0.0,0.01,0.01,0.008,0.008,0.01,0.014,0.0,0.008,0.012,0.006,0.01,0.008,0.012,0.006,0.016,0.004,0.008,0.01,0.01,0.008,0.006,0.018,0.012,0.004,0.01,0.008,0.01,0.01,0.014,0.012,0.01,0.014,0.01,0.008,0.01,0.022,0.018,0.01,0.012,0.016,0.0,0.086,0.01,0.008,0.004,0.012,0.012,0.006,0.0,0.01,0.008
193,0.014,0.018,0.016,0.014,0.012,0.008,0.008,0.006,0.006,0.0,0.014,0.012,0.012,0.012,0.008,0.012,0.008,0.01,0.008,0.008,0.01,0.01,0.008,0.012,0.01,0.008,0.006,0.016,0.014,0.006,0.01,0.008,0.01,0.008,0.01,0.014,0.014,0.012,0.008,0.012,0.01,0.0,0.0,0.01,0.0,0.01,0.01,0.008,0.008,0.01,0.014,0.0,0.008,0.012,0.006,0.01,0.008,0.012,0.006,0.016,0.004,0.008,0.01,0.01,0.008,0.006,0.018,0.012,0.004,0.01,0.008,0.01,0.01,0.014,0.012,0.01,0.014,0.01,0.008,0.01,0.022,0.018,0.01,0.012,0.016,0.0,0.086,0.01,0.008,0.004,0.012,0.012,0.006,0.0,0.01,0.008
194,0.014,0.018,0.016,0.014,0.012,0.008,0.008,0.006,0.006,0.0,0.014,0.012,0.012,0.012,0.008,0.012,0.008,0.01,0.008,0.008,0.01,0.01,0.008,0.012,0.01,0.008,0.006,0.016,0.014,0.006,0.01,0.008,0.01,0.008,0.01,0.014,0.014,0.012,0.008,0.012,0.01,0.0,0.0,0.01,0.0,0.01,0.01,0.008,0.008,0.01,0.014,0.0,0.008,0.012,0.006,0.01,0.008,0.012,0.006,0.016,0.004,0.008,0.01,0.01,0.008,0.006,0.018,0.012,0.004,0.01,0.008,0.01,0.01,0.014,0.012,0.01,0.014,0.01,0.008,0.01,0.022,0.018,0.01,0.012,0.016,0.0,0.086,0.01,0.008,0.004,0.012,0.012,0.006,0.0,0.01,0.008
195,0.014,0.018,0.016,0.014,0.012,0.008,0.008,0.006,0.006,0.0,0.014,0.012,0.012,0.012,0.008,0.014,0.008,0.01,0.008,0.008,0.01,0.01,0.008,0.012,0.01,0.008,0.006,0.016,0.014,0.006,0.01,0.008,0.01,0.008,0.01,0.014,0.014,0.012,0.008,0.012,0.01,0.0,0.0,0.01,0.0,0.01,0.01,0.008,0.008,0.01,0.014,0.0,0.008,0.012,0.006,0.01,0.008,0.012,0.006,0.016,0.004,0.008,0.01,0.01,0.008,0.006,0.018,0.012,0.004,0.01,0.008,0.01,0.01,0.014,0.012,0.01,0.014,0.01,0.008,0.01,0.022,0.018,0.01,0.012,0.016,0.0,0.086,0.01,0.008,0.004,0.012,0.012,0.004,0.0,0.01,0.008
196,0.014,0.018,0.016,0.014,0.012,0.008,0.008,0.006,0.006,0.0,0.014,0.012,0.012,0.012,0.008,0.014,0.008,0.01,0.008,0.008,0.01,0.01,0.008,0.012,0.01,0.008,0.006,0.016,0.014,0.006,0.01,0.008,0.01,0.008,0.01,0.014,0.014,0.012,0.008,0.012,0.01,0.0,0.0,0.01,0.0,0.01,0.01,0.008,0.008,0.01,0.014,0.0,0.008,0.012,0.006,0.01,0.008,0.012,0.006,0.016,0.004,0.008,0.01,0.01,0.008,0.006,0.018,0.012,0.004,0.01,0.008,0.01,0.01,0.014,0.012,0.01,0.014,0.01,0.008,0.01,0.022,0.018,0.01,0.012,0.016,0.0,0.086,0.01,0.008,0.004,0.012,0.012,0.004,0.0,0.01,0.008
197,0.014,0.018,0.016,0.014,0.012,0.008,0.008,0.006,0.006,0.0,0.014,0.012,0.012,0.012,0.008,0.014,0.008,0.01,0.008,0.008,0.01,0.01,0.008,0.012,0.01,0.008,0.006,0.016,0.014,0.006,0.01,0.008,0.01,0.008,0.01,0.014,0.014,0.012,0.008,0.012,0.01,0.0,0.0,0.01,0.0,0.01,0.01,0.006,0.008,0.01,0.014,0.0,0.008,0.014,0.006,0.01,0.008,0.012,0.006,0.016,0.004,0.008,0.01,0.01,0.008,0.006,0.018,0.012,0.004,0.01,0.008,0.01,0.01,0.014,0.012,0.01,0.014,0.01,0.008,0.01,0.022,0.018,0.01,0.012,0.016,0.0,0.086,0.01,0.008,0.004,0.012,0.012,0.004,0.0,0.01,0.008
198,0.014,0.018,0.016,0.014,0.012,0.008,0.008,0.006,0.006,0.0,0.014,0.012,0.012,0.012,0.008,0.014,0.008,0.01,0.008,0.008,0.01,0.01,0.008,0.012,0.01,0.008,0.006,0.016,0.014,0.006,0.01,0.008,0.01,0.008,0.01,0.014,0.014,0.012,0.008,0.012,0.01,0.0,0.0,0.01,0.0,0.01,0.01,0.006,0.008,0.01,0.014,0.0,0.008,0.014,0.006,0.01,0.008,0.012,0.006,0.016,0.004,0.008,0.01,0.01,0.008,0.006,0.018,0.012,0.004,0.01,0.008,0.01,0.01,0.014,0.012,0.01,0.014,0.01,0.008,0.01,0.022,0.018,0.01,0.012,0.016,0.0,0.086,0.01,0.008,0.004,0.012,0.012,0.004,0.0,0.01,0.008
199,0.014,0.018,0.016,0.014,0.012,0.008,0.008,0.006,0.006,0.0,0.014,0.012,0.012,0.012,0.008,0.014,0.008,0.01,0.008,0.008,0.01,0.01,0.008,0.012,0.01,0.008,0.006,0.016,0.014,0.006,0.01,0.008,0.01,0.008,0.01,0.014,0.014,0.012,0.008,0.012,0.01,0.0,0.0,0.01,0.0,0.01,0.01,0.006,0.008,0.01,0.014,0.0,0.008,0.014,0.006,0.01,0.008,0.012,0.006,0.016,0.004,0.008,0.01,0.01,0.008,0.006,0.018,0.012,0.004,0.01,0.008,0.01,0.01,0.014,0.012,0.01,0.014,0.01,0.008,0.01,0.022,0.018,0.01,0.012,0.016,0.0,0.086,0.01,0.008,0.004,0.012,0.012,0.004,0.0,0.01,0.008
200,0.014,0.018,0.016,0.014,0.012,0.008,0.008,0.004,0.006,0.0,0.014,0.012,0.012,0.012,0.008,0.014,0.008,0.01,0.008,0.008,0.01,0.01,0.008,0.012,0.01,0.008,0.006,0.016,0.014,0.006,0.01,0.008,0.01,0.008,0.01,0.014,0.014,0.012,0.008,0.012,0.01,0.0,0.0,0.01,0.0,0.01,0.01,0.006,0.008,0.01,0.014,0.0,0.008,0.014,0.006,0.01,0.008,0.012,0.006,0.016,0.004,0.008,0.01,0.01,0.008,0.006,0.018,0.012,0.004,0.01,0.008,0.01,0.01,0.014,0.012,0.01,0.014,0.01,0.008,0.01,0.022,0.018,0.01,0.012,0.016,0.0,0.086,0.012,0.008,0.004,0.012,0.012,0.004,0.0,0.01,0.008
201,0.014,0.018,0.016,0.014,0.012,0.008,0.008,0.004,0.006,0.0,0.014,0.012,0.012,0.012,0.008,0.014,0.008,0.01,0.008,0.008,0.01,0.01,0.008,0.012,0.01,0.008,0.006,0.016,0.014,0.006,0.01,0.008,0.01,0.008,0.01,0.014,0.014,0.012,0.008,0.012,0.01,0.0,0.0,0.01,0.0,0.01,0.01,0.006,0.008,0.01,0.014,0.0,0.008,0.014,0.006,0.01,0.008,0.012,0.006,0.016,0.004,0.008,0.01,0.01,0.008,0.006,0.018,0.012,0.004,0.01,0.008,0.01,0.01,0.014,0.012,0.01,0.014,0.01,0.008,0.01,0.022,0.018,0.01,0.012,0.016,0.0,0.086,0.012,0.008,0.004,0.012,0.012,0.004,0.0,0.01,0.008
202,0.014,0.018,0.016,0.014,0.012,0.008,0.008,0.004,0.006,0.0,0.014,0.012,0.012,0.012,0.008,0.014,0.008,0.01,0.008,0.008,0.01,0.01,0.008,0.012,0.01,0.008,0.006,0.016,0.014,0.006,0.01,0.008,0.01,0.008,0.01,0.014,0.014,0.012,0.008,0.012,0.01,0.0,0.0,0.01,0.0,0.01,0.01,0.006,0.008,0.01,0.014,0.0,0.008,0.014,0.006,0.01,0.008,0.012,0.006,0.016,0.004,0.008,0.01,0.01,0.008,0.006,0.018,0.012,0.004,0.01,0.008,0.01,0.01,0.014,0.012,0.01,0.014,0.01,0.008,0.01,0.022,0.018,0.01,0.012,0.016,0.0,0.086,0.012,0.008,0.004,0.012,0.012,0.004,0.0,0.01,0.008
203,0.014,0.018,0.016,0.014,0.012,0.008,0.008,0.004,0.006,0.0,0.014,0.012,0.012,0.012,0.008,0.014,0.008,0.01,0.008,0.008,0.01,0.01,0.008,0.012,0.01,0.008,0.006,0.016,0.014,0.006,0.01,0.008,0.01,0.008,0.01,0.014,0.014,0.012,0.008,0.012,0.01,0.0,0.0,0.01,0.0,0.01,0.01,0.006,0.008,0.01,0.014,0.0,0.008,0.014,0.006,0.01,0.008,0.012,0.006,0.016,0.004,0.008,0.01,0.01,0.008,0.006,0.018,0.012,0.004,0.01,0.008,0.01,0.01,0.014,0.012,0.01,0.014,0.01,0.008,0.01,0.022,0.018,0.01,0.012,0.016,0.0,0.086,0.012,0.008,0.004,0.012,0.012,0.004,0.0,0.01,0.008
204,0.014,0.018,0.016,0.014,0.012,0.008,0.008,0.004,0.006,0.0,0.014,0.012,0.012,0.012,0.008,0.014,0.008,0.01,0.008,0.008,0.01,0.01,0.008,0.012,0.01,0.008,0.006,0.016,0.014,0.006,0.01,0.008,0.01,0.008,0.01,0.014,0.014,0.012,0.008,0.012,0.01,0.0,0.0,0.01,0.0,0.01,0.01,0.006,0.008,0.01,0.014,0.0,0.008,0.014,0.006,0.01,0.008,0.012,0.006,0.016,0.004,0.008,0.01,0.01,0.008,0.006,0.018,0.012,0.004,0.01,0.008,0.01,0.01,0.014,0.012,0.01,0.014,0.01,0.008,0.01,0.022,0.018,0.01,0.012,0.016,0.0,0.086,0.012,0.008,0.004,0.012,0.012,0.004,0.0,0.01,0.008
205,0.014,0.018,0.016,0.014,0.012,0.008,0.008,0.004,0.006,0.0,0.014,0.012,0.012,0.012,0.008,0.014,0.008,0.01,0.008,0.008,0.01,0.01,0.008,0.012,0.01,0.008,0.006,0.016,0.014,0.006,0.01,0.008,0.01,0.008,0.01,0.014,0.014,0.012,0.008,0.012,0.01,0.0,0.0,0.01,0.0,0.01,0.01,0.006,0.008,0.01,0.014,0.0,0.008,0.014,0.006,0.01,0.008,0.012,0.006,0.016,0.004,0.008,0.01,0.01,0.008,0.006,0.018,0.012,0.004,0.01,0.008,0.01,0.01,0.014,0.012,0.01,0.014,0.01,0.008,0.01,0.022,0.018,0.01,0.012,0.016,0.0,0.086,0.012,0.008,0.004,0.012,0.012,0.004,0.0,0.01,0.008
206,0.014,0.018,0.016,0.014,0.012,0.008,0.008,0.004,0.006,0.0,0.014,0.012,0.012,0.012,0.008,0.014,0.008,0.01,0.008,0.008,0.01,0.01,0.008,0.012,0.01,0.008,0.006,0.016,0.014,0.006,0.01,0.008,0.01,0.008,0.01,0.014,0.014,0.012,0.008,0.012,0.01,0.0,0.0,0.01,0.0,0.01,0.01,0.006,0.008,0.01,0.014,0.0,0.008,0.014,0.006,0.01,0.008,0.012,0.006,0.016,0.004,0.008,0.01,0.01,0.008,0.006,0.018,0.012,0.004,0.01,0.008,0.01,0.01,0.014,0.012,0.01,0.014,0.01,0.008,0.01,0.022,0.018,0.01,0.012,0.016,0.0,0.086,0.012,0.008,0.004,0.012,0.012,0.004,0.0,0.01,0.008
207,0.014,0.018,0.016,0.014,0.012,0.008,0.008,0.004,0.006,0.0,0.014,0.012,0.012,0.012,0.008,0.014,0.008,0.01,0.008,0.008,0.01,0.01,0.008,0.012,0.01,0.008,0.006,0.016,0.014,0.006,0.01,0.008,0.01,0.008,0.01,0.014,0.014,0.012,0.008,0.012,0.01,0.0,0.0,0.01,0.0,0.01,0.01,0.006,0.008,0.01,0.014,0.0,0.008,0.014,0.006,0.01,0.008,0.012,0.006,0.016,0.004,0.008,0.01,0.01,0.008,0.006,0.018,0.012,0.004,0.01,0.008,0.01,0.01,0.014,0.012,0.01,0.014,0.01,0.008,0.01,0.022,0.018,0.01,0.012,0.016,0.0,0.086,0.012,0.008,0.004,0.012,0.012,0.004,0.0,0.01,0.008
208,0.014,0.018,0.016,0.014,0.012,0.008,0.008,0.004,0.006,0.0,0.014,0.012,0.012,0.012,0.008,0.014,0.008,0.01,0.008,0.008,0.01,0.01,0.008,0.012,0.01,0.008,0.006,0.016,0.014,0.006,0.01,0.008,0.01,0.008,0.01,0.014,0.014,0.012,0.008,0.012,0.01,0.0,0.0,0.01,0.0,0.01,0.01,0.006,0.008,0.01,0.014,0.0,0.008,0.014,0.006,0.01,0.008,0.012,0.006,0.016,0.004,0.008,0.01,0.01,0.008,0.006,0.018,0.012,0.004,0.01,0.008,0.01,0.01,0.014,0.012,0.01,0.014,0.01,0.008,0.01,0.022,0.018,0.01,0.012,0.016,0.0,0.086,0.012,0.008,0.004,0.012,0.012,0.004,0.0,0.01,0.008
209,0.014,0.018,0.016,0.014,0.012,0.008,0.008,0.004,0.006,0.0,0.014,0.012,0.012,0.012,0.008,0.014,0.008,0.01,0.008,0.008,0.01,0.01,0.01,0.012,0.01,0.008,0.006,0.016,0.014,0.006,0.01,0.008,0.01,0.008,0.01,0.014,0.014,0.012,0.008,0.012,0.01,0.0,0.0,0.01,0.0,0.01,0.01,0.006,0.008,0.01,0.014,0.0,0.008,0.014,0.004,0.01,0.008,0.012,0.006,0.016,0.004,0.008,0.01,0.01,0.008,0.006,0.018,0.012,0.004,0.01,0.008,0.01,0.01,0.014,0.012,0.01,0.014,0.01,0.008,0.01,0.022,0.018,0.01,0.012,0.016,0.0,0.086,0.012,0.008,0.004,0.012,0.012,0.004,0.0,0.01,0.008
210,0.014,0.016,0.016,0.014,0.012,0.008,0.008,0.004,0.006,0.0,0.014,0.012,0.012,0.012,0.008,0.014,0.008,0.01,0.008,0.008,0.01,0.01,0.01,0.012,0.01,0.008,0.006,0.016,0.014,0.006,0.01,0.008,0.01,0.008,0.01,0.014,0.014,0.012,0.008,0.012,0.01,0.0,0.0,0.01,0.0,0.01,0.01,0.006,0.008,0.01,0.014,0.0,0.008,0.014,0.004,0.01,0.008,0.014,0.006,0.016,0.004,0.008,0.01,0.01,0.008,0.006,0.018,0.012,0.004,0.01,0.008,0.01,0.01,0.014,0.012,0.01,0.014,0.01,0.008,0.01,0.022,0.018,0.01,0.012,0.016,0.0,0.086,0.012,0.008,0.004,0.012,0.012,0.004,0.0,0.01,0.008
211,0.014,0.016,0.016,0.014,0.012,0.008,0.008,0.004,0.006,0.0,0.014,0.012,0.012,0.012,0.008,0.014,0.008,0.01,0.008,0.008,0.01,0.01,0.01,0.012,0.008,0.008,0.006,0.016,0.014,0.006,0.01,0.008,0.01,0.008,0.01,0.014,0.014,0.012,0.008,0.012,0.01,0.0,0.0,0.01,0.0,0.01,0.01,0.006,0.008,0.01,0.014,0.0,0.008,0.014,0.004,0.01,0.008,0.014,0.006,0.016,0.004,0.008,0.01,0.01,0.008,0.006,0.018,0.012,0.004,0.012,0.008,0.01,0.01,0.014,0.012,0.01,0.014,0.01,0.008,0.01,0.022,0.018,0.01,0.012,0.016,0.0,0.086,0.012,0.008,0.004,0.012,0.012,0.004,0.0,0.01,0.008
212,0.014,0.016,0.016,0.014,0.012,0.008,0.008,0.004,0.006,0.0,0.014,0.012,0.012,0.012,0.008,0.014,0.008,0.01,0.008,0.008,0.01,0.01,0.01,0.012,0.008,0.008,0.006,0.016,0.014,0.006,0.01,0.008,0.01,0.008,0.01,0.014,0.014,0.012,0.008,0.012,0.01,0.0,0.0,0.01,0.0,0.01,0.01,0.006,0.008,0.01,0.014,0.0,0.008,0.014,0.004,0.01,0.008,0.014,0.006,0.016,0.004,0.008,0.01,0.01,0.008,0.006,0.018,0.012,0.004,0.012,0.008,0.01,0.01,0.014,0.012,0.01,0.014,0.01,0.008,0.01,0.022,0.018,0.01,0.012,0.016,0.0,0.086,0.012,0.008,0.004,0.012,0.012,0.004,0.0,0.01,0.008
213,0.014,0.016,0.016,0.014,0.012,0.008,0.008,0.004,0.006,0.0,0.014,0.012,0.012,0.012,0.008,0.014,0.008,0.01,0.008,0.008,0.01,0.01,0.01,0.012,0.008,0.008,0.006,0.016,0.014,0.006,0.01,0.008,0.01,0.008,0.01,0.014,0.014,0.012,0.008,0.012,0.008,0.0,0.0,0.01,0.0,0.01,0.01,0.006,0.008,0.01,0.014,0.0,0.008,0.016,0.004,0.01,0.008,0.014,0.006,0.016,0.004,0.008,0.01,0.01,0.008,0.006,0.018,0.012,0.004,0.012,0.008,0.01,0.01,0.014,0.012,0.01,0.014,0.01,0.008,0.01,0.022,0.018,0.01,0.012,0.016,0.0,0.086,0.012,0.008,0.004,0.012,0.012,0.004,0.0,0.01,0.008
214,0.014,0.016,0.016,0.014,0.012,0.008,0.008,0.004,0.006,0.0,0.014,0.012,0.012,0.012,0.01,0.014,0.008,0.01,0.008,0.008,0.01,0.01,0.008,0.012,0.008,0.008,0.006,0.016,0.014,0.006,0.01,0.008,0.01,0.008,0.01,0.014,0.014,0.012,0.008,0.012,0.008,0.0,0.0,0.01,0.0,0.01,0.01,0.006,0.008,0.01,0.014,0.0,0.008,0.016,0.004,0.01,0.008,0.014,0.006,0.016,0.004,0.008,0.01,0.01,0.008,0.006,0.018,0.012,0.004,0.012,0.008,0.01,0.01,0.014,0.012,0.01,0.014,0.01,0.008,0.01,0.022,0.018,0.01,0.012,0.016,0.0,0.086,0.012,0.008,0.004,0.012,0.012,0.004,0.0,0.01,0.008
215,0.014,0.016,0.016,0.014,0.012,0.008,0.008,0.004,0.006,0.0,0.014,0.012,0.012,0.012,0.01,0.014,0.008,0.01,0.008,0.008,0.01,0.01,0.008,0.012,0.008,0.008,0.006,0.016,0.014,0.006,0.01,0.008,0.01,0.008,0.01,0.014,0.014,0.012,0.008,0.012,0.008,0.0,0.0,0.01,0.0,0.01,0.01,0.006,0.008,0.01,0.014,0.0,0.008,0.016,0.004,0.01,0.008,0.014,0.006,0.016,0.004,0.008,0.01,0.01,0.008,0.006,0.02,0.012,0.004,0.012,0.008,0.01,0.01,0.014,0.012,0.01,0.014,0.008,0.008,0.01,0.022,0.018,0.01,0.012,0.016,0.0,0.086,0.012,0.008,0.004,0.012,0.012,0.004,0.0,0.01,0.008
216,0.014,0.016,0.016,0.014,0.012,0.008,0.008,0.004,0.006,0.0,0.014,0.012,0.012,0.012,0.01,0.014,0.008,0.01,0.008,0.008,0.01,0.01,0.008,0.012,0.008,0.008,0.006,0.016,0.014,0.006,0.01,0.008,0.01,0.008,0.01,0.014,0.014,0.012,0.008,0.012,0.008,0.0,0.0,0.01,0.0,0.01,0.01,0.006,0.008,0.01,0.014,0.0,0.008,0.016,0.004,0.01,0.008,0.014,0.006,0.016,0.004,0.008,0.01,0.01,0.008,0.006,0.02,0.012,0.004,0.012,0.008,0.01,0.01,0.014,0.012,0.01,0.014,0.008,0.008,0.01,0.022,0.018,0.01,0.012,0.016,0.0,0.086,0.012,0.008,0.004,0.012,0.012,0.004,0.0,0.01,0.008
217,0.014,0.016,0.016,0.014,0.012,0.008,0.008,0.004,0.006,0.0,0.014,0.012,0.012,0.012,0.01,0.014,0.008,0.01,0.008,0.008,0.01,0.01,0.008,0.012,0.01,0.008,0.006,0.016,0.014,0.004,0.01,0.008,0.01,0.008,0.01,0.014,0.014,0.012,0.008,0.012,0.008,0.0,0.0,0.01,0.0,0.01,0.01,0.006,0.008,0.01,0.014,0.0,0.008,0.016,0.004,0.01,0.008,0.014,0.006,0.016,0.004,0.008,0.01,0.01,0.008,0.006,0.02,0.012,0.004,0.012,0.008,0.01,0.01,0.014,0.012,0.01,0.014,0.008,0.008,0.01,0.022,0.018,0.01,0.012,0.016,0.0,0.086,0.012,0.008,0.004,0.012,0.012,0.004,0.0,0.01,0.008
218,0.014,0.016,0.016,0.014,0.012,0.008,0.008,0.004,0.006,0.0,0.014,0.012,0.012,0.012,0.01,0.014,0.008,0.01,0.008,0.008,0.01,0.01,0.008,0.012,0.01,0.008,0.006,0.016,0.014,0.004,0.01,0.008,0.01,0.008,0.01,0.014,0.014,0.012,0.008,0.012,0.008,0.0,0.0,0.01,0.0,0.01,0.01,0.006,0.008,0.01,0.014,0.0,0.008,0.016,0.004,0.01,0.008,0.014,0.006,0.016,0.004,0.008,0.01,0.01,0.008,0.006,0.02,0.012,0.004,0.012,0.008,0.01,0.01,0.014,0.012,0.01,0.014,0.008,0.008,0.01,0.022,0.018,0.01,0.012,0.016,0.0,0.086,0.012,0.008,0.004,0.012,0.012,0.004,0.0,0.01,0.008
219,0.014,0.016,0.016,0.014,0.012,0.008,0.008,0.004,0.006,0.0,0.014,0.012,0.012,0.012,0.01,0.014,0.008,0.01,0.008,0.008,0.01,0.01,0.008,0.012,0.01,0.008,0.006,0.016,0.014,0.004,0.01,0.008,0.01,0.008,0.01,0.014,0.014,0.012,0.008,0.012,0.008,0.0,0.0,0.01,0.0,0.01,0.01,0.006,0.008,0.01,0.014,0.0,0.008,0.016,0.004,0.01,0.008,0.014,0.006,0.016,0.004,0.008,0.01,0.01,0.008,0.006,0.02,0.012,0.004,0.012,0.008,0.01,0.01,0.014,0.012,0.01,0.014,0.008,0.008,0.01,0.022,0.018,0.01,0.012,0.016,0.0,0.086,0.012,0.008,0.004,0.012,0.012,0.004,0.0,0.01,0.008
220,0.014,0.016,0.016,0.014,0.012,0.008,0.008,0.004,0.006,0.0,0.014,0.012,0.012,0.012,0.01,0.014,0.008,0.01,0.008,0.008,0.01,0.01,0.008,0.012,0.01,0.008,0.006,0.016,0.014,0.004,0.01,0.008,0.01,0.008,0.01,0.014,0.014,0.012,0.008,0.012,0.008,0.0,0.0,0.01,0.0,0.01,0.01,0.006,0.008,0.01,0.014,0.0,0.008,0.016,0.004,0.01,0.008,0.014,0.006,0.016,0.004,0.008,0.01,0.01,0.008,0.006,0.02,0.012,0.004,0.012,0.008,0.01,0.01,0.014,0.012,0.01,0.014,0.008,0.008,0.01,0.022,0.018,0.01,0.012,0.016,0.0,0.086,0.012,0.008,0.004,0.012,0.012,0.004,0.0,0.01,0.008
221,0.014,0.016,0.016,0.014,0.012,0.008,0.008,0.004,0.006,0.0,0.014,0.012,0.012,0.012,0.01,0.014,0.008,0.01,0.008,0.008,0.01,0.01,0.008,0.012,0.01,0.008,0.006,0.016,0.014,0.004,0.01,0.008,0.01,0.008,0.01,0.014,0.014,0.012,0.008,0.012,0.008,0.0,0.0,0.01,0.0,0.01,0.01,0.006,0.008,0.01,0.014,0.0,0.008,0.016,0.004,0.01,0.008,0.014,0.006,0.016,0.004,0.008,0.01,0.01,0.008,0.006,0.02,0.012,0.004,0.012,0.008,0.01,0.01,0.014,0.012,0.01,0.014,0.008,0.008,0.01,0.022,0.018,0.01,0.012,0.016,0.0,0.086,0.012,0.008,0.004,0.012,0.012,0.004,0.0,0.01,0.008
222,0.014,0.016,0.016,0.014,0.012,0.008,0.008,0.004,0.006,0.0,0.014,0.012,0.012,0.012,0.01,0.014,0.008,0.01,0.008,0.008,0.01,0.01,0.008,0.012,0.01,0.008,0.006,0.016,0.014,0.004,0.01,0.008,0.01,0.008,0.01,0.014,0.014,0.012,0.008,0.012,0.008,0.0,0.0,0.01,0.0,0.01,0.01,0.006,0.008,0.01,0.014,0.0,0.008,0.016,0.004,0.01,0.008,0.014,0.006,0.016,0.004,0.008,0.01,0.01,0.008,0.006,0.02,0.012,0.004,0.012,0.008,0.01,0.01,0.014,0.012,0.01,0.014,0.008,0.008,0.01,0.022,0.018,0.01,0.012,0.016,0.0,0.086,0.012,0.008,0.004,0.012,0.012,0.004,0.0,0.01,0.008
223,0.014,0.016,0.016,0.014,0.012,0.008,0.008,0.004,0.006,0.0,0.014,0.012,0.012,0.012,0.01,0.014,0.008,0.01,0.008,0.008,0.01,0.01,0.008,0.012,0.01,0.008,0.006,0.016,0.014,0.004,0.01,0.008,0.01,0.008,0.01,0.014,0.014,0.012,0.008,0.012,0.008,0.0,0.0,0.01,0.0,0.01,0.01,0.006,0.008,0.01,0.014,0.0,0.008,0.016,0.004,0.01,0.008,0.014,0.006,0.016,0.004,0.008,0.01,0.01,0.008,0.006,0.02,0.012,0.004,0.012,0.008,0.01,0.01,0.014,0.012,0.01,0.014,0.008,0.008,0.01,0.022,0.018,0.01,0.012,0.016,0.0,0.086,0.012,0.008,0.004,0.012,0.012,0.004,0.0,0.01,0.008
224,0.014,0.016,0.016,0.014,0.012,0.008,0.008,0.004,0.006,0.0,0.014,0.012,0.012,0.012,0.01,0.014,0.008,0.01,0.008,0.008,0.01,0.01,0.008,0.012,0.01,0.008,0.006,0.016,0.014,0.004,0.01,0.008,0.01,0.008,0.01,0.014,0.014,0.012,0.008,0.012,0.008,0.0,0.0,0.01,0.0,0.01,0.01,0.006,0.008,0.01,0.014,0.0,0.008,0.016,0.004,0.01,0.008,0.014,0.006,0.016,0.004,0.008,0.01,0.01,0.008,0.006,0.02,0.012,0.004,0.012,0.008,0.01,0.01,0.014,0.012,0.01,0.014,0.008,0.008,0.01,0.022,0.018,0.01,0.012,0.016,0.0,0.086,0.012,0.008,0.004,0.012,0.012,0.004,0.0,0.01,0.008
225,0.014,0.016,0.016,0.014,0.014,0.008,0.008,0.004,0.006,0.0,0.014,0.012,0.012,0.012,0.01,0.014,0.008,0.01,0.008,0.008,0.01,0.01,0.008,0.012,0.01,0.008,0.006,0.016,0.012,0.004,0.01,0.008,0.01,0.008,0.01,0.014,0.014,0.012,0.008,0.012,0.006,0.0,0.0,0.01,0.0,0.01,0.01,0.006,0.008,0.01,0.014,0.0,0.008,0.016,0.004,0.01,0.008,0.014,0.006,0.016,0.004,0.008,0.01,0.01,0.008,0.006,0.02,0.012,0.004,0.012,0.008,0.01,0.01,0.014,0.012,0.01,0.014,0.008,0.008,0.01,0.022,0.018,0.01,0.014,0.016,0.0,0.086,0.012,0.008,0.004,0.012,0.012,0.004,0.0,0.01,0.008
226,0.014,0.016,0.016,0.014,0.014,0.008,0.008,0.004,0.006,0.0,0.014,0.012,0.012,0.012,0.01,0.014,0.008,0.01,0.008,0.008,0.01,0.01,0.008,0.012,0.01,0.008,0.006,0.016,0.012,0.004,0.01,0.008,0.01,0.008,0.01,0.014,0.014,0.012,0.008,0.012,0.006,0.0,0.0,0.01,0.0,0.012,0.01,0.006,0.008,0.01,0.014,0.0,0.008,0.016,0.004,0.01,0.008,0.014,0.006,0.016,0.004,0.008,0.01,0.01,0.008,0.006,0.02,0.012,0.004,0.012,0.008,0.01,0.01,0.014,0.012,0.01,0.014,0.008,0.008,0.01,0.02,0.018,0.01,0.014,0.016,0.0,0.086,0.012,0.008,0.004,0.012,0.012,0.004,0.0,0.01,0.008
227,0.014,0.016,0.016,0.014,0.014,0.008,0.008,0.004,0.006,0.0,0.014,0.012,0.012,0.012,0.01,0.014,0.008,0.01,0.008,0.008,0.01,0.01,0.008,0.012,0.01,0.008,0.006,0.016,0.012,0.004,0.01,0.008,0.01,0.008,0.01,0.014,0.014,0.012,0.008,0.012,0.006,0.0,0.0,0.01,0.0,0.012,0.01,0.006,0.008,0.01,0.014,0.0,0.008,0.016,0.004,0.01,0.008,0.014,0.006,0.016,0.004,0.008,0.01,0.01,0.008,0.006,0.02,0.012,0.004,0.012,0.008,0.01,0.01,0.014,0.012,0.01,0.014,0.008,0.008,0.01,0.02,0.018,0.01,0.014,0.016,0.0,0.086,0.012,0.008,0.004,0.012,0.012,0.004,0.0,0.01,0.008
228,0.014,0.016,0.016,0.014,0.014,0.008,0.008,0.004,0.006,0.0,0.014,0.012,0.012,0.012,0.01,0.014,0.008,0.01,0.008,0.008,0.01,0.01,0.008,0.012,0.01,0.008,0.006,0.016,0.012,0.004,0.01,0.008,0.01,0.008,0.01,0.014,0.014,0.012,0.008,0.012,0.006,0.0,0.0,0.01,0.0,0.012,0.01,0.006,0.008,0.01,0.014,0.0,0.008,0.016,0.004,0.01,0.008,0.014,0.006,0.016,0.004,0.008,0.01,0.01,0.008,0.006,0.02,0.012,0.004,0.012,0.008,0.01,0.01,0.014,0.012,0.01,0.014,0.008,0.008,0.01,0.02,0.018,0.01,0.014,0.016,0.0,0.086,0.014,0.008,0.004,0.012,0.012,0.004,0.0,0.01,0.006
229,0.014,0.016,0.016,0.014,0.014,0.008,0.008,0.004,0.006,0.0,0.014,0.012,0.012,0.012,0.01,0.014,0.008,0.01,0.008,0.008,0.01,0.01,0.008,0.012,0.01,0.008,0.006,0.016,0.012,0.004,0.01,0.008,0.01,0.008,0.01,0.014,0.014,0.012,0.008,0.012,0.006,0.0,0.0,0.01,0.0,0.012,0.01,0.006,0.008,0.01,0.014,0.0,0.008,0.016,0.004,0.01,0.008,0.014,0.006,0.016,0.004,0.008,0.01,0.01,0.008,0.006,0.02,0.012,0.004,0.012,0.008,0.01,0.01,0.014,0.012,0.01,0.014,0.008,0.008,0.01,0.02,0.018,0.01,0.014,0.016,0.0,0.086,0.014,0.008,0.004,0.012,0.012,0.004,0.0,0.01,0.006
230,0.014,0.016,0.016,0.014,0.014,0.008,0.008,0.004,0.006,0.0,0.014,0.012,0.012,0.012,0.01,0.014,0.008,0.01,0.008,0.008,0.01,0.01,0.008,0.012,0.01,0.008,0.006,0.016,0.012,0.004,0.01,0.008,0.01,0.008,0.01,0.014,0.014,0.012,0.008,0.012,0.006,0.0,0.0,0.01,0.0,0.012,0.01,0.006,0.008,0.01,0.014,0.0,0.008,0.016,0.004,0.01,0.008,0.014,0.006,0.016,0.004,0.008,0.01,0.01,0.008,0.006,0.02,0.012,0.004,0.012,0.008,0.01,0.01,0.014,0.012,0.01,0.014,0.008,0.008,0.01,0.02,0.018,0.01,0.014,0.016,0.0,0.086,0.014,0.008,0.004,0.012,0.012,0.004,0.0,0.01,0.006
231,0.014,0.016,0.016,0.014,0.014,0.008,0.008,0.004,0.006,0.0,0.014,0.012,0.012,0.012,0.01,0.014,0.008,0.01,0.008,0.008,0.01,0.01,0.008,0.012,0.01,0.008,0.006,0.016,0.012,0.004,0.01,0.008,0.01,0.008,0.01,0.014,0.014,0.012,0.008,0.012,0.006,0.0,0.0,0.01,0.0,0.012,0.01,0.006,0.008,0.01,0.014,0.0,0.008,0.016,0.004,0.01,0.008,0.012,0.006,0.016,0.004,0.008,0.01,0.01,0.008,0.006,0.02,0.012,0.004,0.012,0.008,0.01,0.01,0.014,0.012,0.012,0.014,0.008,0.008,0.01,0.02,0.018,0.01,0.014,0.016,0.0,0.086,0.014,0.008,0.004,0.012,0.012,0.004,0.0,0.01,0.006
232,0.014,0.016,0.016,0.014,0.014,0.008,0.008,0.004,0.006,0.0,0.014,0.012,0.012,0.012,0.01,0.014,0.008,0.01,0.008,0.008,0.01,0.01,0.008,0.012,0.01,0.008,0.006,0.016,0.012,0.004,0.01,0.008,0.01,0.008,0.01,0.014,0.014,0.012,0.008,0.012,0.006,0.0,0.0,0.01,0.0,0.012,0.01,0.006,0.008,0.01,0.014,0.0,0.008,0.016,0.004,0.01,0.008,0.012,0.006,0.016,0.004,0.008,0.01,0.01,0.008,0.006,0.02,0.012,0.004,0.012,0.008,0.01,0.01,0.014,0.012,0.012,0.014,0.008,0.008,0.01,0.02,0.018,0.01,0.014,0.016,0.0,0.086,0.014,0.008,0.004,0.012,0.012,0.004,0.0,0.01,0.006
233,0.014,0.016,0.016,0.014,0.014,0.008,0.008,0.004,0.006,0.0,0.014,0.012,0.012,0.012,0.01,0.014,0.008,0.01,0.008,0.008,0.01,0.01,0.008,0.012,0.01,0.008,0.006,0.016,0.012,0.004,0.01,0.008,0.01,0.008,0.01,0.014,0.014,0.012,0.008,0.012,0.006,0.0,0.0,0.01,0.0,0.012,0.01,0.006,0.008,0.01,0.012,0.0,0.008,0.016,0.004,0.01,0.008,0.012,0.006,0.016,0.004,0.008,0.01,0.01,0.008,0.006,0.02,0.012,0.004,0.012,0.008,0.01,0.01,0.014,0.012,0.012,0.014,0.008,0.008,0.01,0.02,0.018,0.01,0.014,0.016,0.0,0.086,0.014,0.008,0.006,0.012,0.012,0.004,0.0,0.01,0.006
234,0.014,0.016,0.016,0.014,0.014,0.008,0.008,0.004,0.006,0.0,0.014,0.012,0.012,0.012,0.01,0.014,0.008,0.01,0.008,0.008,0.01,0.012,0.008,0.012,0.01,0.008,0.006,0.016,0.012,0.004,0.01,0.008,0.01,0.008,0.01,0.014,0.014,0.012,0.008,0.012,0.006,0.0,0.0,0.01,0.0,0.012,0.01,0.006,0.008,0.01,0.012,0.0,0.008,0.016,0.004,0.01,0.008,0.012,0.006,0.016,0.004,0.008,0.01,0.01,0.008,0.006,0.02,0.012,0.004,0.012,0.008,0.01,0.01,0.014,0.012,0.012,0.014,0.008,0.008,0.01,0.018,0.018,0.01,0.014,0.016,0.0,0.086,0.014,0.008,0.006,0.012,0.012,0.004,0.0,0.01,0.006
235,0.014,0.016,0.016,0.014,0.014,0.008,0.008,0.004,0.006,0.0,0.014,0.012,0.012,0.012,0.01,0.014,0.008,0.01,0.008,0.008,0.01,0.012,0.008,0.012,0.01,0.008,0.006,0.016,0.012,0.004,0.01,0.008,0.01,0.008,0.01,0.014,0.014,0.012,0.008,0.012,0.006,0.0,0.0,0.01,0.0,0.012,0.01,0.006,0.008,0.01,0.012,0.0,0.008,0.016,0.004,0.01,0.008,0.012,0.006,0.016,0.004,0.008,0.01,0.01,0.008,0.006,0.02,0.012,0.004,0.012,0.008,0.01,0.01,0.014,0.012,0.012,0.014,0.008,0.008,0.01,0.018,0.018,0.01,0.014,0.016,0.0,0.086,0.014,0.008,0.006,0.012,0.012,0.004,0.0,0.01,0.006
236,0.014,0.016,0.018,0.014,0.014,0.008,0.008,0.004,0.006,0.0,0.014,0.012,0.012,0.012,0.01,0.014,0.008,0.01,0.008,0.008,0.01,0.012,0.008,0.012,0.01,0.008,0.006,0.016,0.012,0.004,0.01,0.008,0.01,0.008,0.01,0.012,0.014,0.012,0.008,0.012,0.006,0.0,0.0,0.01,0.0,0.012,0.01,0.006,0.008,0.01,0.012,0.0,0.008,0.016,0.004,0.01,0.008,0.012,0.006,0.016,0.004,0.008,0.01,0.01,0.008,0.006,0.02,0.012,0.004,0.012,0.008,0.01,0.01,0.014,0.012,0.012,0.014,0.008,0.008,0.01,0.018,0.018,0.01,0.014,0.016,0.0,0.086,0.014,0.008,0.006,0.012,0.012,0.004,0.0,0.01,0.006
237,0.014,0.016,0.018,0.014,0.014,0.008,0.008,0.004,0.006,0.0,0.014,0.012,0.012,0.012,0.01,0.014,0.008,0.01,0.008,0.008,0.01,0.012,0.008,0.012,0.01,0.008,0.006,0.016,0.012,0.004,0.01,0.008,0.01,0.008,0.01,0.012,0.014,0.012,0.008,0.012,0.006,0.0,0.0,0.01,0.0,0.012,0.01,0.006,0.008,0.01,0.012,0.0,0.008,0.016,0.004,0.01,0.008,0.012,0.006,0.016,0.004,0.008,0.01,0.01,0.008,0.006,0.02,0.012,0.004,0.012,0.008,0.01,0.01,0.014,0.012,0.012,0.014,0.008,0.008,0.01,0.018,0.018,0.01,0.014,0.016,0.0,0.086,0.014,0.008,0.006,0.012,0.012,0.004,0.0,0.01,0.006
238,0.014,0.016,0.018,0.014,0.012,0.008,0.008,0.004,0.006,0.0,0.014,0.012,0.012,0.012,0.01,0.014,0.008,0.01,0.008,0.008,0.01,0.012,0.008,0.012,0.01,0.008,0.006,0.016,0.012,0.004,0.01,0.008,0.01,0.008,0.01,0.012,0.014,0.012,0.008,0.012,0.006,0.0,0.0,0.01,0.0,0.012,0.01,0.006,0.008,0.01,0.012,0.0,0.008,0.016,0.004,0.01,0.008,0.012,0.006,0.016,0.004,0.008,0.01,0.01,0.008,0.006,0.02,0.012,0.004,0.012,0.008,0.01,0.01,0.014,0.012,0.012,0.014,0.008,0.008,0.01,0.02,0.018,0.01,0.014,0.016,0.0,0.086,0.014,0.008,0.006,0.012,0.012,0.004,0.0,0.01,0.006
239,0.014,0.016,0.018,0.014,0.012,0.008,0.008,0.004,0.006,0.0,0.014,0.012,0.012,0.012,0.01,0.014,0.008,0.01,0.008,0.008,0.01,0.012,0.008,0.012,0.01,0.008,0.006,0.016,0.012,0.002,0.012,0.008,0.01,0.008,0.01,0.012,0.014,0.012,0.008,0.012,0.006,0.0,0.0,0.01,0.0,0.012,0.01,0.006,0.008,0.01,0.012,0.0,0.008,0.016,0.004,0.01,0.008,0.012,0.006,0.016,0.004,0.008,0.01,0.01,0.008,0.006,0.02,0.012,0.004,0.012,0.008,0.01,0.01,0.014,0.012,0.012,0.014,0.008,0.008,0.01,0.02,0.018,0.01,0.014,0.016,0.0,0.086,0.014,0.008,0.006,0.012,0.012,0.004,0.0,0.01,0.006
240,0.014,0.016,0.018,0.014,0.012,0.008,0.008,0.004,0.006,0.0,0.014,0.012,0.012,0.012,0.01,0.014,0.008,0.01,0.008,0.008,0.01,0.012,0.008,0.012,0.01,0.008,0.006,0.016,0.012,0.002,0.012,0.008,0.01,0.008,0.01,0.012,0.014,0.012,0.008,0.012,0.006,0.0,0.0,0.01,0.0,0.012,0.01,0.006,0.008,0.01,0.012,0.0,0.008,0.016,0.004,0.01,0.008,0.012,0.006,0.016,0.004,0.008,0.01,0.01,0.008,0.006,0.02,0.012,0.004,0.012,0.008,0.01,0.01,0.014,0.012,0.012,0.014,0.008,0.008,0.01,0.02,0.018,0.01,0.014,0.016,0.0,0.086,0.014,0.008,0.006,0.012,0.012,0.004,0.0,0.01,0.006
241,0.014,0.016,0.018,0.014,0.012,0.008,0.008,0.004,0.006,0.0,0.014,0.012,0.012,0.012,0.01,0.014,0.008,0.01,0.008,0.008,0.01,0.012,0.008,0.012,0.01,0.008,0.006,0.016,0.012,0.002,0.012,0.008,0.01,0.008,0.01,0.012,0.014,0.012,0.008,0.012,0.006,0.0,0.0,0.01,0.0,0.012,0.01,0.006,0.008,0.01,0.012,0.0,0.008,0.016,0.004,0.01,0.008,0.012,0.006,0.016,0.004,0.008,0.01,0.01,0.008,0.006,0.02,0.012,0.004,0.012,0.008,0.01,0.01,0.014,0.012,0.012,0.014,0.008,0.008,0.01,0.02,0.018,0.01,0.014,0.016,0.0,0.086,0.014,0.008,0.006,0.012,0.012,0.004,0.0,0.01,0.006
242,0.014,0.016,0.02,0.014,0.012,0.008,0.008,0.004,0.006,0.0,0.014,0.012,0.012,0.012,0.01,0.014,0.008,0.01,0.008,0.008,0.01,0.012,0.008,0.012,0.008,0.008,0.006,0.016,0.012,0.002,0.012,0.008,0.01,0.008,0.01,0.012,0.014,0.012,0.008,0.012,0.006,0.0,0.0,0.01,0.0,0.012,0.01,0.006,0.008,0.01,0.012,0.0,0.008,0.016,0.004,0.01,0.008,0.012,0.006,0.016,0.004,0.008,0.01,0.01,0.008,0.006,0.02,0.012,0.004,0.012,0.008,0.01,0.01,0.014,0.012,0.012,0.014,0.008,0.008,0.01,0.02,0.016,0.01,0.014,0.016,0.0,0.086,0.014,0.008,0.006,0.014,0.012,0.004,0.0,0.01,0.006
243,0.014,0.016,0.02,0.014,0.012,0.008,0.008,0.004,0.006,0.0,0.014,0.012,0.012,0.012,0.01,0.014,0.008,0.01,0.008,0.008,0.01,0.012,0.008,0.012,0.008,0.008,0.006,0.016,0.012,0.002,0.012,0.008,0.01,0.01,0.01,0.012,0.014,0.012,0.008,0.012,0.006,0.0,0.0,0.01,0.0,0.01,0.01,0.006,0.008,0.01,0.012,0.0,0.008,0.016,0.004,0.01,0.008,0.012,0.006,0.016,0.004,0.008,0.01,0.01,0.008,0.006,0.02,0.012,0.004,0.012,0.008,0.01,0.01,0.014,0.012,0.012,0.014,0.008,0.008,0.01,0.02,0.016,0.01,0.014,0.016,0.0,0.086,0.014,0.008,0.006,0.014,0.012,0.004,0.0,0.01,0.006
244,0.016,0.016,0.02,0.014,0.012,0.008,0.008,0.004,0.006,0.0,0.014,0.012,0.012,0.012,0.01,0.014,0.008,0.01,0.008,0.008,0.01,0.012,0.008,0.012,0.008,0.008,0.006,0.016,0.012,0.002,0.012,0.008,0.01,0.01,0.01,0.012,0.014,0.012,0.008,0.012,0.006,0.0,0.0,0.01,0.0,0.01,0.01,0.006,0.008,0.01,0.012,0.0,0.008,0.016,0.004,0.01,0.008,0.012,0.006,0.016,0.004,0.008,0.01,0.01,0.008,0.006,0.018,0.012,0.004,0.012,0.008,0.01,0.01,0.014,0.012,0.012,0.014,0.008,0.008,0.01,0.02,0.016,0.01,0.014,0.016,0.0,0.086,0.014,0.008,0.006,0.014,0.012,0.004,0.0,0.01,0.006
245,0.016,0.016,0.02,0.014,0.012,0.008,0.008,0.004,0.006,0.0,0.014,0.012,0.012,0.012,0.01,0.014,0.008,0.008,0.008,0.008,0.01,0.012,0.008,0.012,0.008,0.008,0.006,0.016,0.012,0.002,0.012,0.008,0.01,0.01,0.01,0.012,0.014,0.012,0.008,0.012,0.006,0.0,0.0,0.01,0.0,0.01,0.01,0.006,0.008,0.01,0.012,0.0,0.008,0.016,0.004,0.01,0.008,0.012,0.006,0.016,0.004,0.008,0.01,0.01,0.008,0.006,0.018,0.012,0.004,0.012,0.008,0.01,0.01,0.014,0.012,0.012,0.014,0.008,0.008,0.01,0.02,0.018,0.01,0.014,0.016,0.0,0.086,0.014,0.008,0.006,0.014,0.012,0.004,0.0,0.01,0.006
246,0.018,0.016,0.02,0.014,0.012,0.008,0.008,0.002,0.006,0.0,0.014,0.012,0.012,0.012,0.01,0.014,0.008,0.008,0.008,0.008,0.01,0.012,0.008,0.012,0.008,0.008,0.006,0.016,0.012,0.002,0.012,0.008,0.01,0.01,0.01,0.012,0.014,0.012,0.008,0.012,0.006,0.0,0.0,0.01,0.0,0.01,0.01,0.006,0.008,0.01,0.012,0.0,0.008,0.016,0.004,0.01,0.008,0.012,0.006,0.016,0.004,0.008,0.01,0.01,0.008,0.006,0.018,0.012,0.004,0.012,0.008,0.01,0.01,0.014,0.012,0.012,0.014,0.008,0.008,0.01,0.02,0.018,0.01,0.014,0.016,0.0,0.086,0.014,0.008,0.006,0.014,0.012,0.004,0.0,0.01,0.006
247,0.018,0.016,0.02,0.014,0.012,0.008,0.008,0.002,0.006,0.0,0.014,0.012,0.012,0.012,0.01,0.014,0.008,0.008,0.008,0.008,0.01,0.012,0.008,0.012,0.008,0.008,0.006,0.016,0.012,0.002,0.012,0.008,0.01,0.01,0.01,0.012,0.014,0.012,0.008,0.012,0.006,0.0,0.0,0.01,0.0,0.01,0.01,0.006,0.008,0.01,0.012,0.0,0.008,0.016,0.004,0.01,0.008,0.012,0.006,0.016,0.004,0.008,0.01,0.01,0.008,0.006,0.018,0.012,0.004,0.012,0.008,0.01,0.01,0.014,0.012,0.012,0.014,0.008,0.008,0.01,0.02,0.018,0.01,0.014,0.016,0.0,0.086,0.014,0.008,0.006,0.014,0.012,0.004,0.0,0.01,0.006
248,0.018,0.016,0.02,0.014,0.012,0.01,0.008,0.002,0.006,0.0,0.014,0.012,0.012,0.012,0.01,0.014,0.008,0.008,0.008,0.008,0.01,0.012,0.008,0.012,0.008,0.008,0.006,0.016,0.012,0.002,0.012,0.008,0.01,0.01,0.01,0.012,0.014,0.012,0.008,0.012,0.006,0.0,0.0,0.01,0.0,0.01,0.01,0.006,0.008,0.01,0.012,0.0,0.008,0.016,0.004,0.01,0.008,0.012,0.006,0.016,0.004,0.008,0.01,0.01,0.008,0.006,0.016,0.012,0.004,0.012,0.008,0.01,0.01,0.014,0.012,0.012,0.014,0.008,0.008,0.01,0.02,0.018,0.01,0.014,0.016,0.0,0.086,0.014,0.008,0.006,0.014,0.012,0.004,0.0,0.01,0.006
249,0.018,0.016,0.02,0.014,0.012,0.01,0.008,0.002,0.006,0.0,0.016,0.012,0.012,0.012,0.01,0.014,0.008,0.008,0.008,0.008,0.01,0.012,0.006,0.012,0.008,0.008,0.006,0.016,0.012,0.002,0.012,0.008,0.01,0.01,0.01,0.012,0.014,0.012,0.008,0.012,0.006,0.0,0.0,0.01,0.0,0.01,0.01,0.006,0.008,0.01,0.012,0.0,0.008,0.016,0.004,0.01,0.008,0.012,0.006,0.016,0.004,0.008,0.01,0.01,0.008,0.006,0.016,0.012,0.004,0.012,0.008,0.01,0.01,0.014,0.012,0.012,0.014,0.008,0.008,0.01,0.02,0.018,0.01,0.014,0.016,0.0,0.086,0.014,0.008,0.006,0.014,0.012,0.004,0.0,0.01,0.006
250,0.018,0.016,0.02,0.014,0.012,0.01,0.008,0.002,0.006,0.0,0.016,0.012,0.012,0.01,0.01,0.014,0.008,0.008,0.008,0.008,0.01,0.012,0.006,0.012,0.008,0.008,0.006,0.016,0.012,0.002,0.012,0.008,0.01,0.01,0.01,0.012,0.014,0.012,0.008,0.012,0.006,0.0,0.0,0.01,0.0,0.01,0.01,0.006,0.008,0.01,0.012,0.0,0.008,0.016,0.004,0.01,0.008,0.012,0.006,0.016,0.004,0.008,0.012,0.01,0.008,0.006,0.016,0.012,0.004,0.012,0.008,0.01,0.01,0.014,0.012,0.012,0.014,0.008,0.008,0.01,0.02,0.018,0.01,0.014,0.016,0.0,0.086,0.014,0.008,0.006,0.014,0.012,0.004,0.0,0.01,0.006
251,0.018,0.016,0.02,0.014,0.012,0.01,0.008,0.002,0.006,0.0,0.016,0.012,0.012,0.01,0.01,0.014,0.008,0.008,0.008,0.008,0.01,0.012,0.006,0.012,0.008,0.008,0.006,0.016,0.012,0.002,0.012,0.008,0.01,0.012,0.01,0.012,0.014,0.012,0.008,0.012,0.006,0.0,0.0,0.01,0.0,0.01,0.01,0.006,0.008,0.01,0.012,0.0,0.008,0.016,0.004,0.01,0.008,0.012,0.006,0.016,0.004,0.008,0.012,0.01,0.008,0.006,0.016,0.012,0.004,0.012,0.008,0.01,0.01,0.014,0.012,0.012,0.014,0.006,0.008,0.01,0.02,0.018,0.01,0.014,0.016,0.0,0.086,0.014,0.008,0.006,0.014,0.012,0.004,0.0,0.01,0.006
252,0.018,0.016,0.02,0.014,0.012,0.01,0.008,0.002,0.006,0.0,0.016,0.012,0.012,0.01,0.01,0.014,0.008,0.008,0.008,0.008,0.01,0.012,0.006,0.012,0.008,0.008,0.006,0.016,0.012,0.002,0.012,0.008,0.01,0.012,0.01,0.012,0.014,0.012,0.008,0.012,0.006,0.0,0.0,0.01,0.0,0.01,0.01,0.006,0.008,0.01,0.012,0.0,0.008,0.016,0.004,0.01,0.008,0.012,0.006,0.016,0.004,0.008,0.012,0.01,0.008,0.006,0.016,0.012,0.004,0.012,0.008,0.01,0.01,0.014,0.012,0.012,0.014,0.006,0.008,0.01,0.02,0.018,0.01,0.014,0.016,0.0,0.086,0.014,0.008,0.006,0.014,0.012,0.004,0.0,0.01,0.006
253,0.018,0.016,0.02,0.014,0.012,0.01,0.008,0.002,0.006,0.0,0.016,0.012,0.012,0.01,0.01,0.014,0.008,0.008,0.008,0.008,0.01,0.012,0.008,0.012,0.008,0.008,0.006,0.016,0.012,0.002,0.012,0.008,0.01,0.012,0.01,0.012,0.014,0.012,0.008,0.012,0.006,0.0,0.0,0.01,0.0,0.01,0.01,0.004,0.008,0.01,0.012,0.0,0.008,0.016,0.004,0.01,0.008,0.012,0.006,0.016,0.004,0.008,0.012,0.01,0.008,0.006,0.016,0.012,0.004,0.012,0.008,0.01,0.01,0.014,0.012,0.012,0.014,0.006,0.008,0.01,0.02,0.018,0.01,0.014,0.016,0.0,0.086,0.014,0.008,0.006,0.014,0.012,0.004,0.0,0.01,0.006
254,0.018,0.016,0.02,0.014,0.012,0.01,0.008,0.002,0.006,0.0,0.016,0.012,0.012,0.01,0.01,0.014,0.008,0.008,0.008,0.008,0.01,0.012,0.008,0.012,0.008,0.008,0.006,0.016,0.012,0.002,0.012,0.008,0.01,0.012,0.01,0.012,0.014,0.012,0.008,0.012,0.006,0.0,0.0,0.01,0.0,0.01,0.01,0.004,0.008,0.01,0.012,0.0,0.008,0.016,0.004,0.01,0.008,0.012,0.006,0.016,0.004,0.008,0.012,0.01,0.008,0.006,0.016,0.012,0.004,0.012,0.008,0.01,0.01,0.014,0.012,0.012,0.014,0.006,0.008,0.01,0.02,0.018,0.01,0.014,0.016,0.0,0.086,0.014,0.008,0.006,0.014,0.012,0.004,0.0,0.01,0.006
255,0.018,0.016,0.02,0.014,0.012,0.01,0.008,0.002,0.006,0.0,0.016,0.012,0.012,0.01,0.01,0.014,0.008,0.008,0.008,0.008,0.01,0.012,0.008,0.012,0.008,0.008,0.006,0.016,0.012,0.002,0.012,0.008,0.01,0.012,0.01,0.012,0.014,0.012,0.008,0.012,0.006,0.0,0.0,0.01,0.0,0.01,0.01,0.004,0.008,0.01,0.012,0.0,0.008,0.016,0.004,0.01,0.008,0.012,0.006,0.016,0.004,0.008,0.012,0.01,0.008,0.006,0.016,0.012,0.004,0.012,0.008,0.01,0.01,0.014,0.012,0.012,0.014,0.006,0.008,0.01,0.02,0.018,0.01,0.014,0.016,0.0,0.086,0.014,0.008,0.006,0.014,0.012,0.004,0.0,0.01,0.006
256,0.018,0.016,0.02,0.014,0.012,0.01,0.008,0.002,0.006,0.0,0.016,0.012,0.012,0.01,0.01,0.014,0.008,0.008,0.008,0.008,0.01,0.012,0.008,0.012,0.008,0.008,0.006,0.016,0.012,0.002,0.012,0.008,0.01,0.012,0.01,0.012,0.014,0.012,0.008,0.012,0.006,0.0,0.0,0.01,0.0,0.01,0.01,0.004,0.008,0.01,0.012,0.0,0.008,0.016,0.004,0.01,0.008,0.012,0.006,0.016,0.004,0.008,0.012,0.01,0.008,0.006,0.016,0.012,0.004,0.012,0.008,0.01,0.012,0.014,0.012,0.012,0.014,0.006,0.008,0.01,0.02,0.018,0.01,0.012,0.016,0.0,0.086,0.014,0.008,0.006,0.014,0.012,0.004,0.0,0.01,0.006
257,0.018,0.016,0.02,0.014,0.012,0.01,0.008,0.002,0.006,0.0,0.016,0.012,0.012,0.01,0.01,0.014,0.008,0.008,0.008,0.008,0.01,0.012,0.008,0.012,0.008,0.008,0.006,0.016,0.012,0.002,0.012,0.008,0.01,0.012,0.01,0.012,0.014,0.012,0.008,0.012,0.006,0.0,0.0,0.01,0.0,0.01,0.01,0.004,0.008,0.01,0.012,0.0,0.008,0.016,0.004,0.01,0.008,0.012,0.006,0.016,0.004,0.008,0.012,0.01,0.008,0.006,0.016,0.012,0.004,0.012,0.008,0.01,0.012,0.014,0.012,0.012,0.014,0.006,0.008,0.01,0.02,0.018,0.01,0.012,0.016,0.0,0.086,0.014,0.008,0.006,0.014,0.012,0.004,0.0,0.01,0.006
258,0.018,0.016,0.02,0.014,0.012,0.01,0.008,0.002,0.006,0.0,0.016,0.012,0.012,0.01,0.01,0.014,0.008,0.008,0.008,0.008,0.01,0.012,0.008,0.014,0.008,0.008,0.006,0.016,0.012,0.002,0.012,0.008,0.01,0.012,0.01,0.012,0.014,0.012,0.008,0.012,0.006,0.0,0.0,0.01,0.0,0.01,0.01,0.004,0.008,0.01,0.012,0.0,0.008,0.016,0.004,0.01,0.008,0.012,0.006,0.016,0.004,0.008,0.012,0.01,0.008,0.006,0.016,0.012,0.004,0.012,0.008,0.01,0.012,0.012,0.012,0.012,0.014,0.006,0.008,0.01,0.02,0.018,0.01,0.012,0.016,0.0,0.086,0.014,0.008,0.006,0.014,0.012,0.004,0.0,0.01,0.006
259,0.018,0.016,0.02,0.014,0.012,0.01,0.008,0.002,0.006,0.0,0.016,0.012,0.012,0.01,0.01,0.014,0.008,0.008,0.008,0.008,0.01,0.012,0.008,0.014,0.008,0.008,0.006,0.016,0.012,0.002,0.012,0.008,0.01,0.012,0.01,0.012,0.014,0.012,0.008,0.012,0.006,0.0,0.0,0.01,0.0,0.01,0.01,0.004,0.008,0.01,0.012,0.0,0.008,0.016,0.004,0.01,0.008,0.012,0.006,0.016,0.004,0.008,0.012,0.01,0.008,0.006,0.016,0.012,0.004,0.012,0.008,0.01,0.012,0.012,0.012,0.012,0.014,0.006,0.008,0.01,0.02,0.018,0.01,0.012,0.016,0.0,0.086,0.014,0.008,0.006,0.014,0.012,0.004,0.0,0.01,0.006
260,0.018,0.016,0.02,0.014,0.012,0.01,0.008,0.002,0.006,0.0,0.016,0.012,0.012,0.01,0.01,0.014,0.008,0.008,0.008,0.008,0.01,0.012,0.008,0.014,0.008,0.008,0.006,0.016,0.012,0.002,0.012,0.008,0.01,0.012,0.01,0.012,0.014,0.012,0.008,0.012,0.006,0.0,0.0,0.01,0.0,0.01,0.01,0.004,0.008,0.01,0.012,0.0,0.008,0.016,0.004,0.01,0.008,0.012,0.006,0.016,0.004,0.008,0.012,0.01,0.008,0.006,0.016,0.012,0.004,0.012,0.008,0.01,0.012,0.012,0.012,0.012,0.014,0.006,0.008,0.01,0.02,0.018,0.01,0.012,0.016,0.0,0.086,0.014,0.008,0.006,0.014,0.012,0.004,0.0,0.01,0.006
261,0.018,0.016,0.02,0.014,0.012,0.01,0.008,0.002,0.006,0.0,0.016,0.012,0.012,0.01,0.01,0.014,0.008,0.008,0.008,0.008,0.01,0.012,0.008,0.014,0.008,0.008,0.006,0.016,0.012,0.002,0.012,0.008,0.01,0.012,0.01,0.012,0.014,0.012,0.008,0.012,0.006,0.0,0.0,0.01,0.0,0.01,0.01,0.004,0.008,0.01,0.012,0.0,0.008,0.016,0.004,0.01,0.008,0.012,0.006,0.016,0.004,0.008,0.012,0.01,0.008,0.006,0.016,0.012,0.004,0.012,0.008,0.01,0.012,0.012,0.012,0.012,0.014,0.006,0.008,0.01,0.02,0.018,0.01,0.012,0.016,0.0,0.086,0.014,0.008,0.006,0.014,0.012,0.004,0.0,0.01,0.006
262,0.018,0.016,0.02,0.014,0.012,0.01,0.008,0.002,0.006,0.0,0.016,0.012,0.012,0.01,0.01,0.014,0.008,0.008,0.008,0.008,0.01,0.012,0.008,0.014,0.008,0.008,0.006,0.016,0.012,0.002,0.012,0.008,0.01,0.012,0.01,0.012,0.014,0.012,0.008,0.012,0.006,0.0,0.0,0.01,0.0,0.01,0.01,0.004,0.008,0.01,0.012,0.0,0.008,0.016,0.004,0.01,0.008,0.012,0.006,0.016,0.004,0.008,0.012,0.01,0.008,0.006,0.016,0.012,0.004,0.012,0.008,0.01,0.012,0.012,0.012,0.012,0.014,0.006,0.008,0.01,0.02,0.018,0.01,0.012,0.016,0.0,0.086,0.014,0.008,0.006,0.014,0.012,0.004,0.0,0.01,0.006
263,0.018,0.016,0.02,0.014,0.012,0.01,0.008,0.002,0.006,0.0,0.016,0.012,0.012,0.01,0.01,0.014,0.008,0.008,0.008,0.008,0.01,0.012,0.008,0.014,0.008,0.008,0.006,0.016,0.012,0.002,0.012,0.008,0.01,0.012,0.01,0.012,0.014,0.012,0.008,0.012,0.006,0.0,0.0,0.01,0.0,0.01,0.01,0.004,0.008,0.01,0.012,0.0,0.008,0.016,0.004,0.01,0.008,0.012,0.006,0.016,0.004,0.008,0.012,0.01,0.008,0.006,0.016,0.012,0.004,0.012,0.008,0.01,0.012,0.012,0.012,0.012,0.014,0.006,0.008,0.01,0.02,0.018,0.01,0.012,0.016,0.0,0.086,0.014,0.008,0.006,0.014,0.012,0.004,0.0,0.01,0.006
264,0.018,0.016,0.02,0.014,0.012,0.01,0.008,0.002,0.006,0.0,0.016,0.012,0.012,0.01,0.01,0.014,0.008,0.008,0.008,0.008,0.01,0.012,0.008,0.014,0.008,0.008,0.006,0.016,0.012,0.002,0.012,0.008,0.01,0.012,0.01,0.012,0.014,0.012,0.008,0.012,0.006,0.0,0.0,0.01,0.0,0.012,0.01,0.004,0.008,0.01,0.012,0.0,0.008,0.016,0.004,0.01,0.008,0.01,0.006,0.016,0.004,0.008,0.012,0.01,0.008,0.006,0.016,0.012,0.004,0.012,0.008,0.01,0.012,0.012,0.012,0.014,0.014,0.006,0.008,0.01,0.02,0.018,0.01,0.012,0.016,0.0,0.086,0.014,0.008,0.006,0.014,0.012,0.002,0.0,0.01,0.006
265,0.018,0.016,0.02,0.014,0.012,0.01,0.008,0.002,0.006,0.0,0.016,0.012,0.01,0.01,0.01,0.014,0.008,0.008,0.008,0.008,0.01,0.012,0.008,0.014,0.008,0.008,0.006,0.016,0.012,0.002,0.012,0.008,0.01,0.012,0.01,0.012,0.014,0.012,0.008,0.012,0.006,0.0,0.0,0.01,0.0,0.012,0.01,0.004,0.008,0.01,0.012,0.0,0.008,0.016,0.004,0.01,0.008,0.01,0.006,0.016,0.004,0.008,0.012,0.01,0.008,0.006,0.016,0.012,0.004,0.012,0.008,0.01,0.012,0.012,0.012,0.014,0.016,0.006,0.008,0.01,0.02,0.018,0.01,0.012,0.016,0.0,0.086,0.014,0.008,0.006,0.014,0.012,0.002,0.0,0.01,0.006
266,0.018,0.016,0.02,0.014,0.012,0.01,0.008,0.002,0.006,0.0,0.016,0.012,0.01,0.01,0.01,0.014,0.008,0.008,0.008,0.008,0.01,0.012,0.008,0.014,0.008,0.008,0.006,0.016,0.012,0.002,0.012,0.008,0.01,0.012,0.01,0.012,0.014,0.012,0.008,0.012,0.006,0.0,0.0,0.01,0.0,0.012,0.01,0.004,0.008,0.01,0.012,0.0,0.008,0.016,0.004,0.008,0.008,0.01,0.006,0.016,0.004,0.008,0.012,0.01,0.008,0.006,0.016,0.012,0.004,0.012,0.008,0.01,0.012,0.012,0.012,0.014,0.016,0.006,0.01,0.01,0.02,0.018,0.01,0.012,0.016,0.0,0.086,0.014,0.008,0.006,0.014,0.012,0.002,0.0,0.01,0.006
267,0.018,0.016,0.02,0.014,0.012,0.01,0.008,0.002,0.006,0.0,0.016,0.012,0.01,0.01,0.01,0.014,0.008,0.008,0.008,0.008,0.01,0.012,0.008,0.014,0.008,0.008,0.006,0.016,0.012,0.002,0.012,0.008,0.01,0.012,0.01,0.012,0.014,0.014,0.008,0.012,0.006,0.0,0.0,0.01,0.0,0.012,0.01,0.004,0.008,0.01,0.01,0.0,0.008,0.016,0.004,0.008,0.008,0.01,0.006,0.016,0.004,0.008,0.012,0.01,0.008,0.006,0.016,0.012,0.004,0.012,0.008,0.01,0.012,0.012,0.012,0.014,0.016,0.006,0.01,0.01,0.02,0.018,0.01,0.012,0.016,0.0,0.086,0.014,0.008,0.006,0.014,0.012,0.002,0.0,0.01,0.006
268,0.018,0.016,0.02,0.014,0.012,0.01,0.008,0.002,0.006,0.0,0.016,0.012,0.01,0.01,0.01,0.014,0.008,0.008,0.008,0.008,0.01,0.012,0.008,0.014,0.008,0.008,0.006,0.016,0.012,0.002,0.012,0.008,0.01,0.012,0.01,0.012,0.014,0.014,0.008,0.012,0.006,0.0,0.0,0.01,0.0,0.012,0.01,0.004,0.008,0.01,0.01,0.0,0.008,0.016,0.004,0.008,0.008,0.01,0.006,0.016,0.004,0.008,0.012,0.01,0.008,0.006,0.016,0.012,0.004,0.012,0.008,0.01,0.012,0.012,0.012,0.014,0.016,0.006,0.01,0.01,0.02,0.018,0.01,0.012,0.016,0.0,0.086,0.014,0.008,0.006,0.014,0.012,0.002,0.0,0.01,0.006
269,0.018,0.016,0.02,0.014,0.012,0.01,0.008,0.002,0.006,0.0,0.016,0.01,0.01,0.01,0.01,0.014,0.008,0.008,0.008,0.008,0.01,0.012,0.008,0.014,0.008,0.008,0.006,0.016,0.012,0.002,0.012,0.008,0.01,0.012,0.01,0.012,0.014,0.016,0.008,0.012,0.006,0.0,0.0,0.01,0.0,0.012,0.01,0.004,0.008,0.01,0.01,0.0,0.008,0.016,0.004,0.008,0.008,0.01,0.006,0.016,0.004,0.008,0.012,0.01,0.008,0.006,0.016,0.012,0.004,0.012,0.008,0.01,0.012,0.012,0.012,0.014,0.016,0.006,0.01,0.01,0.02,0.018,0.01,0.012,0.016,0.0,0.086,0.014,0.008,0.006,0.014,0.012,0.002,0.0,0.01,0.006
270,0.018,0.016,0.02,0.014,0.012,0.01,0.008,0.002,0.006,0.0,0.016,0.01,0.01,0.01,0.01,0.014,0.008,0.008,0.008,0.008,0.01,0.012,0.008,0.014,0.008,0.008,0.006,0.016,0.012,0.002,0.012,0.008,0.01,0.012,0.01,0.012,0.014,0.016,0.008,0.012,0.006,0.0,0.0,0.01,0.0,0.012,0.01,0.004,0.008,0.01,0.01,0.0,0.008,0.016,0.004,0.008,0.008,0.01,0.006,0.016,0.004,0.008,0.012,0.01,0.008,0.006,0.016,0.012,0.004,0.012,0.008,0.01,0.012,0.012,0.012,0.014,0.016,0.006,0.01,0.01,0.02,0.018,0.01,0.012,0.016,0.0,0.086,0.014,0.008,0.006,0.014,0.012,0.002,0.0,0.01,0.006
271,0.018,0.016,0.02,0.014,0.012,0.01,0.008,0.002,0.006,0.0,0.016,0.01,0.01,0.01,0.01,0.014,0.008,0.008,0.008,0.008,0.01,0.012,0.008,0.014,0.008,0.008,0.006,0.016,0.012,0.002,0.012,0.008,0.01,0.012,0.01,0.012,0.014,0.016,0.008,0.012,0.006,0.0,0.0,0.01,0.0,0.012,0.01,0.004,0.008,0.01,0.01,0.0,0.008,0.016,0.004,0.008,0.008,0.01,0.006,0.016,0.004,0.008,0.012,0.01,0.008,0.006,0.016,0.012,0.004,0.012,0.008,0.01,0.012,0.012,0.012,0.014,0.016,0.006,0.01,0.01,0.02,0.018,0.01,0.012,0.016,0.0,0.086,0.014,0.008,0.006,0.014,0.012,0.002,0.0,0.01,0.006
272,0.018,0.016,0.02,0.014,0.012,0.01,0.008,0.002,0.006,0.0,0.016,0.01,0.01,0.01,0.01,0.014,0.008,0.008,0.008,0.008,0.01,0.012,0.008,0.014,0.008,0.008,0.006,0.016,0.012,0.002,0.012,0.008,0.01,0.012,0.01,0.012,0.014,0.014,0.008,0.012,0.006,0.0,0.0,0.01,0.0,0.012,0.01,0.004,0.008,0.01,0.01,0.0,0.008,0.016,0.004,0.008,0.008,0.01,0.006,0.016,0.004,0.008,0.012,0.01,0.008,0.006,0.016,0.012,0.004,0.014,0.008,0.01,0.012,0.012,0.012,0.014,0.016,0.006,0.01,0.01,0.02,0.018,0.01,0.012,0.016,0.0,0.086,0.014,0.008,0.006,0.014,0.012,0.002,0.0,0.01,0.006
273,0.018,0.016,0.02,0.014,0.012,0.01,0.008,0.002,0.006,0.0,0.016,0.01,0.01,0.01,0.01,0.014,0.008,0.008,0.008,0.008,0.01,0.012,0.008,0.014,0.008,0.008,0.006,0.016,0.012,0.002,0.012,0.008,0.01,0.012,0.01,0.012,0.014,0.014,0.008,0.012,0.006,0.0,0.0,0.01,0.0,0.012,0.01,0.004,0.008,0.01,0.01,0.0,0.008,0.016,0.004,0.008,0.008,0.01,0.006,0.016,0.004,0.008,0.012,0.01,0.008,0.006,0.016,0.012,0.004,0.014,0.008,0.01,0.012,0.012,0.012,0.014,0.016,0.006,0.01,0.01,0.02,0.018,0.01,0.012,0.016,0.0,0.086,0.014,0.008,0.006,0.014,0.012,0.002,0.0,0.01,0.006
274,0.018,0.016,0.02,0.014,0.012,0.01,0.008,0.002,0.006,0.0,0.016,0.01,0.01,0.01,0.01,0.014,0.008,0.008,0.008,0.008,0.01,0.012,0.008,0.014,0.008,0.008,0.006,0.016,0.012,0.002,0.012,0.008,0.01,0.012,0.01,0.012,0.014,0.014,0.008,0.012,0.006,0.0,0.0,0.01,0.0,0.012,0.01,0.004,0.008,0.01,0.01,0.0,0.008,0.016,0.004,0.008,0.008,0.01,0.006,0.016,0.004,0.008,0.012,0.01,0.008,0.006,0.016,0.012,0.004,0.014,0.008,0.01,0.012,0.012,0.012,0.014,0.016,0.006,0.01,0.01,0.02,0.018,0.01,0.012,0.016,0.0,0.086,0.014,0.008,0.006,0.014,0.012,0.002,0.0,0.01,0.006
275,0.018,0.016,0.02,0.014,0.012,0.01,0.008,0.002,0.006,0.0,0.016,0.01,0.01,0.01,0.01,0.014,0.008,0.008,0.008,0.008,0.01,0.012,0.006,0.014,0.008,0.008,0.006,0.016,0.012,0.002,0.012,0.008,0.01,0.012,0.01,0.012,0.014,0.014,0.008,0.012,0.006,0.0,0.0,0.01,0.0,0.012,0.01,0.004,0.008,0.01,0.01,0.0,0.008,0.016,0.004,0.008,0.008,0.01,0.006,0.016,0.004,0.008,0.012,0.01,0.008,0.006,0.016,0.012,0.004,0.014,0.008,0.01,0.012,0.012,0.012,0.014,0.016,0.006,0.01,0.01,0.02,0.018,0.01,0.012,0.016,0.0,0.086,0.014,0.008,0.006,0.014,0.014,0.002,0.0,0.01,0.006
276,0.018,0.016,0.02,0.014,0.012,0.01,0.008,0.002,0.006,0.0,0.016,0.01,0.01,0.01,0.01,0.014,0.008,0.008,0.008,0.008,0.01,0.012,0.006,0.014,0.008,0.008,0.006,0.016,0.012,0.002,0.012,0.008,0.01,0.012,0.01,0.012,0.014,0.014,0.008,0.012,0.006,0.0,0.0,0.01,0.0,0.012,0.01,0.004,0.008,0.01,0.01,0.0,0.008,0.016,0.004,0.008,0.008,0.01,0.006,0.016,0.004,0.008,0.012,0.01,0.008,0.006,0.016,0.012,0.004,0.014,0.008,0.01,0.012,0.012,0.012,0.014,0.016,0.006,0.01,0.01,0.02,0.02,0.01,0.012,0.016,0.0,0.086,0.014,0.006,0.006,0.014,0.014,0.002,0.0,0.01,0.006
277,0.018,0.016,0.02,0.014,0.012,0.01,0.008,0.002,0.006,0.0,0.016,0.01,0.01,0.01,0.01,0.014,0.008,0.008,0.008,0.008,0.01,0.012,0.006,0.014,0.008,0.008,0.006,0.016,0.012,0.002,0.012,0.008,0.01,0.012,0.01,0.012,0.014,0.014,0.008,0.012,0.006,0.0,0.0,0.01,0.0,0.012,0.01,0.004,0.008,0.01,0.01,0.0,0.008,0.016,0.004,0.008,0.008,0.01,0.006,0.016,0.004,0.008,0.012,0.01,0.008,0.006,0.016,0.012,0.004,0.014,0.008,0.01,0.012,0.012,0.012,0.014,0.016,0.006,0.01,0.01,0.02,0.02,0.01,0.012,0.016,0.0,0.086,0.014,0.006,0.006,0.014,0.014,0.002,0.0,0.01,0.006
278,0.018,0.016,0.02,0.014,0.012,0.01,0.008,0.002,0.006,0.0,0.016,0.01,0.01,0.01,0.01,0.014,0.008,0.008,0.008,0.008,0.01,0.012,0.006,0.014,0.008,0.008,0.006,0.016,0.012,0.002,0.012,0.008,0.01,0.012,0.01,0.012,0.014,0.014,0.008,0.012,0.006,0.0,0.0,0.01,0.0,0.012,0.01,0.004,0.008,0.008,0.01,0.0,0.008,0.016,0.004,0.008,0.008,0.01,0.006,0.016,0.004,0.008,0.012,0.01,0.008,0.006,0.016,0.012,0.004,0.016,0.008,0.01,0.012,0.012,0.012,0.014,0.016,0.006,0.01,0.01,0.02,0.02,0.01,0.012,0.016,0.0,0.086,0.014,0.006,0.006,0.014,0.014,0.002,0.0,0.01,0.006
279,0.018,0.016,0.02,0.014,0.012,0.01,0.008,0.002,0.006,0.0,0.016,0.01,0.01,0.01,0.01,0.014,0.008,0.008,0.008,0.008,0.01,0.012,0.006,0.014,0.008,0.008,0.006,0.016,0.012,0.002,0.012,0.008,0.01,0.012,0.01,0.012,0.014,0.014,0.008,0.012,0.006,0.0,0.0,0.01,0.0,0.012,0.01,0.004,0.008,0.008,0.01,0.0,0.008,0.016,0.004,0.008,0.008,0.01,0.006,0.016,0.004,0.008,0.012,0.01,0.008,0.006,0.016,0.012,0.004,0.016,0.008,0.01,0.012,0.012,0.012,0.014,0.016,0.006,0.01,0.01,0.02,0.02,0.01,0.012,0.016,0.0,0.086,0.014,0.006,0.006,0.014,0.014,0.002,0.0,0.01,0.006
280,0.018,0.016,0.02,0.014,0.012,0.01,0.008,0.002,0.006,0.0,0.016,0.01,0.01,0.01,0.01,0.014,0.008,0.008,0.008,0.008,0.01,0.012,0.006,0.014,0.008,0.008,0.006,0.016,0.012,0.002,0.012,0.008,0.01,0.012,0.01,0.012,0.014,0.014,0.008,0.012,0.006,0.0,0.0,0.01,0.0,0.012,0.01,0.004,0.008,0.008,0.01,0.0,0.008,0.016,0.004,0.008,0.008,0.01,0.006,0.016,0.004,0.008,0.012,0.01,0.008,0.006,0.016,0.012,0.004,0.016,0.008,0.01,0.012,0.012,0.012,0.014,0.016,0.006,0.01,0.01,0.02,0.02,0.01,0.012,0.016,0.0,0.086,0.014,0.006,0.006,0.014,0.014,0.002,0.0,0.01,0.006
281,0.018,0.016,0.02,0.014,0.012,0.01,0.008,0.002,0.006,0.0,0.016,0.01,0.01,0.01,0.01,0.014,0.008,0.008,0.008,0.008,0.01,0.012,0.006,0.014,0.008,0.008,0.006,0.016,0.012,0.002,0.012,0.008,0.01,0.012,0.01,0.012,0.014,0.014,0.008,0.012,0.006,0.0,0.0,0.01,0.0,0.012,0.01,0.004,0.008,0.008,0.01,0.0,0.008,0.016,0.004,0.008,0.008,0.01,0.006,0.016,0.004,0.008,0.012,0.01,0.008,0.006,0.016,0.012,0.004,0.016,0.008,0.01,0.012,0.012,0.012,0.014,0.016,0.006,0.01,0.01,0.02,0.02,0.01,0.012,0.016,0.0,0.086,0.014,0.006,0.006,0.014,0.014,0.002,0.0,0.01,0.006
282,0.018,0.016,0.02,0.014,0.012,0.01,0.008,0.002,0.006,0.0,0.016,0.01,0.01,0.01,0.01,0.014,0.008,0.008,0.008,0.008,0.01,0.012,0.006,0.014,0.008,0.008,0.006,0.016,0.012,0.002,0.012,0.008,0.01,0.012,0.01,0.012,0.014,0.014,0.008,0.012,0.006,0.0,0.0,0.01,0.0,0.012,0.01,0.004,0.008,0.008,0.01,0.0,0.008,0.016,0.004,0.008,0.008,0.01,0.006,0.016,0.004,0.008,0.012,0.01,0.008,0.006,0.016,0.012,0.004,0.016,0.008,0.01,0.012,0.012,0.012,0.014,0.016,0.006,0.01,0.01,0.02,0.02,0.01,0.012,0.016,0.0,0.086,0.014,0.006,0.006,0.014,0.014,0.002,0.0,0.01,0.006
283,0.018,0.016,0.02,0.014,0.012,0.01,0.008,0.002,0.006,0.0,0.016,0.01,0.01,0.01,0.01,0.014,0.008,0.008,0.008,0.008,0.01,0.012,0.006,0.014,0.008,0.008,0.006,0.016,0.012,0.002,0.012,0.008,0.01,0.012,0.01,0.012,0.014,0.014,0.008,0.012,0.006,0.0,0.0,0.01,0.0,0.012,0.01,0.004,0.008,0.008,0.01,0.0,0.008,0.016,0.004,0.008,0.008,0.01,0.006,0.016,0.004,0.008,0.012,0.01,0.008,0.006,0.016,0.012,0.004,0.016,0.008,0.01,0.012,0.012,0.012,0.014,0.016,0.006,0.01,0.01,0.02,0.02,0.01,0.012,0.016,0.0,0.086,0.014,0.006,0.006,0.014,0.014,0.002,0.0,0.01,0.006
284,0.018,0.016,0.02,0.014,0.012,0.01,0.008,0.002,0.006,0.0,0.016,0.01,0.01,0.01,0.01,0.014,0.008,0.008,0.008,0.008,0.01,0.012,0.006,0.014,0.008,0.008,0.006,0.016,0.012,0.002,0.012,0.008,0.01,0.012,0.01,0.012,0.014,0.014,0.008,0.012,0.006,0.0,0.0,0.01,0.0,0.012,0.01,0.004,0.008,0.008,0.01,0.0,0.008,0.016,0.004,0.008,0.008,0.01,0.006,0.016,0.004,0.008,0.012,0.01,0.008,0.006,0.016,0.012,0.004,0.016,0.008,0.01,0.012,0.012,0.012,0.014,0.016,0.006,0.01,0.01,0.02,0.02,0.01,0.012,0.016,0.0,0.086,0.014,0.006,0.006,0.014,0.014,0.002,0.0,0.01,0.006
285,0.018,0.016,0.02,0.014,0.012,0.01,0.008,0.002,0.006,0.0,0.016,0.01,0.01,0.01,0.01,0.014,0.008,0.008,0.008,0.008,0.01,0.012,0.006,0.014,0.008,0.008,0.006,0.016,0.012,0.002,0.012,0.008,0.01,0.012,0.01,0.012,0.014,0.014,0.008,0.012,0.006,0.0,0.0,0.01,0.0,0.012,0.01,0.004,0.008,0.008,0.01,0.0,0.008,0.016,0.004,0.008,0.008,0.01,0.006,0.016,0.004,0.008,0.012,0.01,0.008,0.006,0.016,0.012,0.004,0.016,0.008,0.01,0.012,0.012,0.012,0.014,0.016,0.006,0.01,0.01,0.02,0.02,0.01,0.012,0.016,0.0,0.086,0.014,0.006,0.006,0.014,0.014,0.002,0.0,0.01,0.006
286,0.02,0.016,0.02,0.014,0.012,0.01,0.008,0.002,0.006,0.0,0.016,0.01,0.01,0.01,0.01,0.014,0.008,0.008,0.008,0.008,0.01,0.012,0.006,0.014,0.008,0.008,0.006,0.016,0.012,0.002,0.012,0.008,0.01,0.012,0.01,0.012,0.014,0.014,0.008,0.012,0.006,0.0,0.0,0.01,0.0,0.012,0.01,0.004,0.008,0.008,0.008,0.0,0.008,0.016,0.004,0.008,0.008,0.01,0.006,0.016,0.004,0.008,0.012,0.01,0.008,0.006,0.016,0.012,0.004,0.016,0.008,0.01,0.012,0.012,0.012,0.014,0.016,0.006,0.01,0.01,0.02,0.02,0.01,0.012,0.016,0.0,0.086,0.014,0.006,0.006,0.014,0.014,0.002,0.0,0.01,0.006
287,0.02,0.016,0.02,0.014,0.012,0.01,0.008,0.002,0.006,0.0,0.016,0.01,0.01,0.01,0.01,0.014,0.008,0.008,0.008,0.008,0.01,0.012,0.006,0.014,0.008,0.008,0.006,0.016,0.012,0.002,0.012,0.008,0.01,0.012,0.01,0.012,0.014,0.014,0.008,0.012,0.006,0.0,0.0,0.01,0.0,0.012,0.01,0.004,0.008,0.008,0.008,0.0,0.008,0.016,0.004,0.008,0.008,0.01,0.006,0.016,0.004,0.008,0.012,0.01,0.008,0.006,0.016,0.012,0.004,0.016,0.008,0.01,0.012,0.012,0.012,0.014,0.016,0.006,0.01,0.01,0.02,0.02,0.01,0.012,0.016,0.0,0.086,0.014,0.006,0.006,0.014,0.014,0.002,0.0,0.01,0.006
288,0.02,0.016,0.02,0.014,0.012,0.01,0.008,0.002,0.006,0.0,0.016,0.01,0.01,0.008,0.01,0.014,0.008,0.008,0.008,0.008,0.01,0.012,0.006,0.014,0.008,0.008,0.006,0.016,0.012,0.002,0.012,0.008,0.01,0.014,0.01,0.012,0.014,0.014,0.008,0.012,0.006,0.0,0.0,0.01,0.0,0.012,0.01,0.004,0.008,0.008,0.008,0.0,0.008,0.016,0.004,0.008,0.008,0.01,0.006,0.016,0.004,0.008,0.012,0.01,0.008,0.006,0.016,0.012,0.004,0.016,0.008,0.01,0.012,0.012,0.012,0.014,0.016,0.006,0.01,0.01,0.02,0.02,0.01,0.012,0.016,0.0,0.086,0.014,0.006,0.006,0.014,0.014,0.002,0.0,0.01,0.006
289,0.02,0.016,0.02,0.014,0.012,0.01,0.008,0.002,0.006,0.0,0.016,0.01,0.01,0.008,0.01,0.014,0.008,0.008,0.008,0.008,0.01,0.012,0.006,0.014,0.008,0.008,0.006,0.016,0.012,0.002,0.012,0.008,0.01,0.014,0.01,0.012,0.014,0.014,0.008,0.012,0.006,0.0,0.0,0.01,0.0,0.012,0.01,0.004,0.008,0.008,0.008,0.0,0.008,0.016,0.004,0.008,0.008,0.01,0.006,0.016,0.004,0.008,0.012,0.01,0.008,0.006,0.016,0.012,0.004,0.016,0.008,0.01,0.012,0.012,0.012,0.014,0.016,0.006,0.01,0.01,0.02,0.02,0.01,0.012,0.016,0.0,0.086,0.014,0.006,0.006,0.014,0.014,0.002,0.0,0.01,0.006
290,0.02,0.016,0.02,0.014,0.012,0.01,0.008,0.002,0.006,0.0,0.016,0.01,0.01,0.008,0.01,0.014,0.008,0.008,0.008,0.008,0.01,0.012,0.006,0.014,0.008,0.008,0.006,0.016,0.012,0.002,0.012,0.006,0.01,0.014,0.01,0.012,0.014,0.014,0.008,0.012,0.006,0.0,0.0,0.01,0.0,0.012,0.01,0.004,0.008,0.01,0.008,0.0,0.008,0.016,0.004,0.008,0.008,0.01,0.006,0.016,0.004,0.008,0.012,0.01,0.008,0.006,0.016,0.012,0.004,0.016,0.008,0.01,0.012,0.012,0.012,0.014,0.016,0.006,0.01,0.01,0.02,0.02,0.01,0.012,0.016,0.0,0.086,0.014,0.006,0.006,0.014,0.014,0.002,0.0,0.01,0.006
291,0.02,0.016,0.02,0.014,0.012,0.01,0.008,0.002,0.006,0.0,0.016,0.01,0.01,0.008,0.01,0.014,0.008,0.008,0.008,0.008,0.01,0.012,0.006,0.012,0.008,0.008,0.006,0.018,0.012,0.002,0.012,0.006,0.01,0.014,0.01,0.012,0.014,0.014,0.008,0.012,0.006,0.0,0.0,0.01,0.0,0.012,0.01,0.004,0.008,0.01,0.008,0.0,0.008,0.016,0.004,0.008,0.008,0.01,0.006,0.016,0.004,0.008,0.012,0.01,0.008,0.006,0.016,0.012,0.004,0.016,0.008,0.01,0.012,0.012,0.012,0.014,0.016,0.006,0.01,0.01,0.02,0.02,0.01,0.012,0.016,0.0,0.086,0.014,0.006,0.006,0.014,0.014,0.002,0.0,0.01,0.006
292,0.022,0.016,0.02,0.014,0.012,0.01,0.008,0.002,0.006,0.0,0.016,0.01,0.01,0.008,0.01,0.014,0.008,0.008,0.008,0.008,0.01,0.012,0.006,0.012,0.008,0.008,0.006,0.018,0.012,0.002,0.012,0.006,0.01,0.014,0.01,0.012,0.014,0.014,0.008,0.012,0.006,0.0,0.0,0.01,0.0,0.012,0.01,0.004,0.008,0.01,0.008,0.0,0.008,0.016,0.004,0.008,0.008,0.01,0.006,0.016,0.004,0.008,0.012,0.01,0.008,0.006,0.016,0.012,0.004,0.016,0.008,0.01,0.01,0.012,0.012,0.014,0.016,0.006,0.01,0.01,0.02,0.02,0.01,0.012,0.016,0.0,0.086,0.014,0.006,0.006,0.014,0.014,0.002,0.0,0.01,0.006
293,0.022,0.016,0.02,0.014,0.012,0.01,0.008,0.002,0.006,0.0,0.016,0.01,0.01,0.008,0.01,0.014,0.008,0.008,0.008,0.008,0.012,0.012,0.006,0.012,0.008,0.008,0.006,0.018,0.012,0.002,0.012,0.006,0.01,0.014,0.01,0.012,0.014,0.014,0.008,0.012,0.006,0.0,0.0,0.01,0.0,0.012,0.01,0.004,0.008,0.01,0.008,0.0,0.008,0.016,0.004,0.008,0.008,0.01,0.006,0.016,0.004,0.008,0.012,0.01,0.006,0.006,0.016,0.012,0.004,0.016,0.008,0.01,0.01,0.012,0.012,0.014,0.016,0.006,0.01,0.01,0.02,0.02,0.01,0.012,0.016,0.0,0.086,0.014,0.006,0.006,0.014,0.014,0.002,0.0,0.01,0.006
294,0.022,0.016,0.02,0.014,0.012,0.01,0.008,0.002,0.006,0.0,0.016,0.01,0.01,0.008,0.01,0.014,0.008,0.008,0.008,0.008,0.012,0.012,0.006,0.012,0.008,0.008,0.006,0.018,0.012,0.002,0.012,0.006,0.01,0.014,0.01,0.012,0.014,0.014,0.008,0.012,0.006,0.0,0.0,0.01,0.0,0.012,0.01,0.004,0.008,0.01,0.008,0.0,0.008,0.016,0.004,0.008,0.008,0.01,0.006,0.016,0.004,0.008,0.012,0.01,0.006,0.006,0.016,0.012,0.004,0.016,0.008,0.01,0.01,0.012,0.012,0.014,0.016,0.006,0.01,0.01,0.02,0.02,0.01,0.012,0.016,0.0,0.086,0.014,0.006,0.006,0.014,0.014,0.002,0.0,0.01,0.006
295,0.022,0.016,0.02,0.014,0.012,0.01,0.008,0.002,0.006,0.0,0.016,0.01,0.01,0.008,0.01,0.014,0.008,0.008,0.008,0.008,0.012,0.012,0.006,0.012,0.008,0.008,0.006,0.018,0.012,0.002,0.012,0.006,0.01,0.014,0.01,0.012,0.014,0.014,0.008,0.012,0.006,0.0,0.0,0.01,0.0,0.012,0.01,0.004,0.008,0.01,0.008,0.0,0.008,0.016,0.004,0.008,0.008,0.01,0.006,0.016,0.004,0.008,0.012,0.01,0.006,0.006,0.016,0.012,0.004,0.016,0.008,0.01,0.01,0.012,0.012,0.014,0.016,0.006,0.01,0.01,0.02,0.02,0.01,0.012,0.016,0.0,0.086,0.014,0.006,0.006,0.014,0.014,0.002,0.0,0.01,0.006
296,0.022,0.016,0.02,0.014,0.012,0.01,0.008,0.002,0.006,0.0,0.016,0.01,0.01,0.008,0.01,0.014,0.008,0.008,0.008,0.008,0.012,0.012,0.006,0.012,0.008,0.008,0.006,0.018,0.012,0.002,0.012,0.006,0.01,0.014,0.01,0.012,0.014,0.014,0.008,0.012,0.006,0.0,0.0,0.01,0.0,0.012,0.01,0.004,0.008,0.01,0.008,0.0,0.008,0.016,0.004,0.008,0.008,0.01,0.006,0.016,0.004,0.008,0.012,0.01,0.006,0.006,0.016,0.012,0.004,0.016,0.008,0.01,0.01,0.012,0.012,0.014,0.016,0.006,0.01,0.01,0.02,0.018,0.01,0.012,0.016,0.0,0.086,0.014,0.006,0.006,0.014,0.014,0.002,0.0,0.012,0.006
297,0.022,0.016,0.02,0.014,0.012,0.01,0.008,0.002,0.006,0.0,0.016,0.01,0.01,0.008,0.01,0.014,0.008,0.008,0.008,0.008,0.012,0.012,0.006,0.012,0.008,0.008,0.006,0.018,0.012,0.002,0.012,0.006,0.01,0.014,0.01,0.012,0.014,0.014,0.008,0.012,0.006,0.0,0.0,0.01,0.0,0.012,0.01,0.004,0.008,0.01,0.008,0.0,0.008,0.016,0.004,0.008,0.008,0.01,0.006,0.016,0.004,0.008,0.012,0.01,0.006,0.006,0.016,0.012,0.004,0.016,0.008,0.01,0.01,0.012,0.012,0.014,0.016,0.006,0.01,0.01,0.02,0.018,0.01,0.012,0.016,0.0,0.086,0.014,0.006,0.006,0.014,0.014,0.002,0.0,0.012,0.006
298,0.022,0.016,0.02,0.014,0.012,0.01,0.008,0.002,0.006,0.0,0.016,0.01,0.01,0.008,0.01,0.014,0.008,0.008,0.008,0.008,0.012,0.012,0.006,0.012,0.008,0.008,0.006,0.018,0.012,0.002,0.012,0.006,0.01,0.014,0.01,0.012,0.014,0.014,0.008,0.012,0.006,0.0,0.0,0.01,0.0,0.012,0.01,0.004,0.008,0.01,0.008,0.0,0.008,0.016,0.004,0.008,0.008,0.01,0.006,0.016,0.004,0.008,0.012,0.01,0.006,0.006,0.016,0.012,0.004,0.016,0.008,0.01,0.01,0.012,0.012,0.014,0.016,0.006,0.01,0.01,0.02,0.018,0.01,0.012,0.016,0.0,0.086,0.014,0.006,0.006,0.014,0.014,0.002,0.0,0.012,0.006
299,0.022,0.016,0.02,0.014,0.012,0.01,0.008,0.002,0.006,0.0,0.016,0.01,0.01,0.008,0.01,0.014,0.008,0.008,0.008,0.008,0.012,0.012,0.006,0.012,0.008,0.008,0.006,0.018,0.012,0.002,0.012,0.006,0.01,0.014,0.01,0.012,0.014,0.014,0.008,0.012,0.006,0.0,0.0,0.01,0.0,0.012,0.01,0.004,0.008,0.01,0.008,0.0,0.008,0.016,0.004,0.008,0.008,0.01,0.006,0.016,0.004,0.008,0.012,0.01,0.006,0.006,0.016,0.012,0.004,0.016,0.008,0.01,0.01,0.012,0.012,0.014,0.016,0.006,0.01,0.01,0.02,0.018,0.01,0.012,0.016,0.0,0.086,0.014,0.006,0.006,0.014,0.014,0.002,0.0,0.012,0.006
300,0.022,0.016,0.02,0.014,0.012,0.01,0.008,0.002,0.006,0.0,0.016,0.01,0.01,0.008,0.01,0.014,0.008,0.008,0.008,0.008,0.012,0.012,0.006,0.012,0.008,0.008,0.006,0.018,0.012,0.002,0.012,0.006,0.01,0.014,0.01,0.012,0.014,0.014,0.008,0.012,0.006,0.0,0.0,0.01,0.0,0.012,0.01,0.004,0.008,0.01,0.008,0.0,0.008,0.016,0.004,0.008,0.008,0.01,0.006,0.016,0.004,0.008,0.012,0.01,0.006,0.006,0.016,0.012,0.004,0.016,0.008,0.01,0.01,0.012,0.012,0.014,0.016,0.006,0.01,0.01,0.02,0.018,0.01,0.012,0.016,0.0,0.086,0.014,0.006,0.006,0.014,0.014,0.002,0.0,0.012,0.006
301,0.022,0.016,0.02,0.014,0.012,0.01,0.008,0.002,0.006,0.0,0.016,0.01,0.01,0.008,0.01,0.014,0.008,0.008,0.008,0.008,0.012,0.012,0.006,0.012,0.008,0.008,0.006,0.018,0.012,0.002,0.012,0.006,0.01,0.014,0.01,0.012,0.014,0.014,0.008,0.012,0.006,0.0,0.0,0.01,0.0,0.012,0.01,0.004,0.008,0.01,0.008,0.0,0.008,0.016,0.004,0.008,0.008,0.01,0.006,0.016,0.004,0.008,0.012,0.01,0.006,0.006,0.016,0.012,0.004,0.016,0.008,0.01,0.01,0.012,0.012,0.014,0.016,0.006,0.01,0.01,0.02,0.018,0.01,0.012,0.016,0.0,0.086,0.014,0.006,0.006,0.014,0.014,0.002,0.0,0.012,0.006
302,0.022,0.016,0.02,0.014,0.012,0.01,0.008,0.002,0.006,0.0,0.016,0.01,0.01,0.008,0.01,0.014,0.008,0.008,0.008,0.008,0.012,0.012,0.006,0.012,0.008,0.008,0.006,0.018,0.012,0.002,0.012,0.006,0.01,0.014,0.01,0.012,0.012,0.014,0.008,0.012,0.006,0.0,0.0,0.01,0.0,0.012,0.01,0.004,0.008,0.01,0.008,0.0,0.008,0.016,0.004,0.01,0.008,0.01,0.006,0.016,0.004,0.008,0.012,0.01,0.006,0.006,0.016,0.012,0.004,0.016,0.008,0.01,0.01,0.012,0.012,0.014,0.016,0.006,0.01,0.01,0.02,0.018,0.01,0.012,0.016,0.0,0.086,0.014,0.006,0.006,0.014,0.014,0.002,0.0,0.012,0.006
303,0.022,0.016,0.02,0.014,0.012,0.01,0.008,0.002,0.006,0.0,0.016,0.01,0.01,0.008,0.01,0.014,0.008,0.008,0.008,0.008,0.012,0.012,0.006,0.012,0.008,0.008,0.006,0.018,0.012,0.002,0.012,0.006,0.01,0.014,0.01,0.012,0.012,0.014,0.008,0.012,0.006,0.0,0.0,0.01,0.0,0.012,0.01,0.004,0.008,0.01,0.008,0.0,0.008,0.016,0.004,0.01,0.008,0.01,0.006,0.016,0.004,0.008,0.012,0.01,0.006,0.006,0.016,0.012,0.004,0.016,0.008,0.01,0.01,0.012,0.012,0.014,0.016,0.006,0.01,0.01,0.02,0.018,0.01,0.012,0.016,0.0,0.086,0.014,0.006,0.006,0.014,0.014,0.002,0.0,0.012,0.006
304,0.022,0.016,0.02,0.014,0.012,0.01,0.008,0.002,0.006,0.0,0.016,0.01,0.01,0.008,0.01,0.014,0.008,0.008,0.008,0.008,0.012,0.012,0.006,0.012,0.008,0.008,0.006,0.018,0.012,0.002,0.012,0.006,0.012,0.014,0.01,0.012,0.012,0.014,0.008,0.012,0.006,0.0,0.0,0.01,0.0,0.012,0.01,0.004,0.008,0.008,0.008,0.0,0.008,0.016,0.004,0.01,0.008,0.01,0.006,0.016,0.004,0.008,0.012,0.01,0.006,0.006,0.016,0.012,0.004,0.016,0.008,0.01,0.01,0.012,0.012,0.014,0.016,0.006,0.01,0.01,0.02,0.018,0.01,0.012,0.016,0.0,0.086,0.014,0.006,0.006,0.014,0.014,0.002,0.0,0.012,0.006
305,0.022,0.016,0.02,0.014,0.012,0.01,0.008,0.002,0.006,0.0,0.016,0.01,0.01,0.008,0.01,0.014,0.008,0.008,0.008,0.008,0.012,0.012,0.006,0.012,0.008,0.008,0.006,0.018,0.012,0.0,0.012,0.006,0.012,0.014,0.01,0.012,0.012,0.014,0.008,0.012,0.006,0.0,0.0,0.01,0.0,0.012,0.01,0.004,0.008,0.008,0.008,0.0,0.008,0.016,0.004,0.01,0.008,0.01,0.006,0.016,0.004,0.008,0.012,0.01,0.006,0.006,0.016,0.012,0.004,0.016,0.008,0.01,0.01,0.012,0.012,0.014,0.016,0.006,0.01,0.01,0.02,0.02,0.01,0.012,0.016,0.0,0.086,0.014,0.006,0.006,0.014,0.014,0.002,0.0,0.012,0.006
306,0.022,0.016,0.02,0.014,0.012,0.01,0.008,0.002,0.006,0.0,0.016,0.01,0.01,0.008,0.01,0.014,0.008,0.008,0.008,0.008,0.012,0.012,0.006,0.012,0.008,0.008,0.006,0.018,0.012,0.0,0.012,0.006,0.012,0.014,0.01,0.012,0.012,0.014,0.008,0.012,0.006,0.0,0.0,0.01,0.0,0.012,0.01,0.004,0.008,0.008,0.008,0.0,0.008,0.016,0.004,0.01,0.008,0.01,0.006,0.016,0.004,0.008,0.012,0.01,0.006,0.006,0.016,0.012,0.004,0.016,0.008,0.01,0.01,0.012,0.012,0.014,0.016,0.006,0.01,0.01,0.02,0.02,0.01,0.012,0.016,0.0,0.086,0.014,0.006,0.006,0.014,0.014,0.002,0.0,0.012,0.006
307,0.022,0.016,0.02,0.014,0.012,0.01,0.008,0.002,0.006,0.0,0.016,0.01,0.01,0.008,0.01,0.014,0.008,0.008,0.008,0.008,0.012,0.012,0.006,0.012,0.008,0.008,0.006,0.018,0.012,0.0,0.012,0.006,0.012,0.014,0.008,0.012,0.012,0.014,0.008,0.012,0.006,0.0,0.0,0.01,0.0,0.012,0.01,0.004,0.008,0.008,0.008,0.0,0.008,0.016,0.004,0.01,0.008,0.01,0.006,0.016,0.004,0.008,0.012,0.01,0.006,0.006,0.016,0.012,0.004,0.016,0.008,0.01,0.01,0.012,0.012,0.014,0.016,0.006,0.01,0.01,0.02,0.02,0.01,0.012,0.016,0.0,0.086,0.016,0.006,0.006,0.014,0.014,0.002,0.0,0.012,0.006
308,0.022,0.016,0.02,0.014,0.012,0.01,0.008,0.002,0.006,0.0,0.016,0.01,0.01,0.008,0.01,0.014,0.008,0.008,0.008,0.008,0.012,0.012,0.006,0.012,0.008,0.008,0.006,0.018,0.012,0.0,0.012,0.006,0.012,0.014,0.008,0.012,0.012,0.014,0.008,0.012,0.006,0.0,0.0,0.01,0.0,0.012,0.01,0.004,0.008,0.008,0.008,0.0,0.008,0.016,0.004,0.01,0.008,0.01,0.006,0.016,0.004,0.008,0.012,0.01,0.006,0.006,0.016,0.012,0.004,0.016,0.008,0.01,0.01,0.012,0.012,0.014,0.016,0.006,0.01,0.01,0.02,0.02,0.01,0.012,0.016,0.0,0.086,0.016,0.006,0.006,0.014,0.014,0.002,0.0,0.012,0.006
309,0.022,0.016,0.02,0.014,0.012,0.01,0.008,0.002,0.006,0.0,0.016,0.01,0.01,0.008,0.01,0.014,0.008,0.008,0.008,0.008,0.012,0.012,0.006,0.012,0.008,0.008,0.006,0.018,0.012,0.0,0.012,0.006,0.012,0.014,0.008,0.012,0.012,0.014,0.008,0.012,0.006,0.0,0.0,0.01,0.0,0.012,0.01,0.004,0.008,0.008,0.008,0.0,0.008,0.016,0.004,0.01,0.008,0.01,0.006,0.016,0.004,0.008,0.012,0.01,0.006,0.006,0.016,0.012,0.004,0.016,0.008,0.01,0.01,0.012,0.012,0.014,0.016,0.006,0.01,0.01,0.02,0.02,0.01,0.012,0.016,0.0,0.086,0.016,0.006,0.006,0.014,0.014,0.002,0.0,0.012,0.006
310,0.022,0.016,0.02,0.014,0.012,0.01,0.008,0.002,0.006,0.0,0.016,0.01,0.01,0.008,0.01,0.014,0.008,0.008,0.008,0.008,0.012,0.012,0.006,0.012,0.006,0.008,0.006,0.018,0.012,0.0,0.012,0.006,0.012,0.014,0.008,0.014,0.012,0.014,0.008,0.012,0.006,0.0,0.0,0.01,0.0,0.012,0.01,0.004,0.008,0.008,0.008,0.0,0.008,0.016,0.004,0.01,0.008,0.01,0.006,0.016,0.004,0.008,0.012,0.01,0.006,0.006,0.016,0.012,0.004,0.016,0.008,0.01,0.01,0.012,0.012,0.014,0.016,0.006,0.01,0.01,0.02,0.02,0.01,0.012,0.016,0.0,0.086,0.016,0.006,0.006,0.014,0.014,0.002,0.0,0.012,0.006
311,0.022,0.016,0.02,0.014,0.012,0.01,0.008,0.002,0.006,0.0,0.016,0.01,0.01,0.008,0.01,0.014,0.008,0.008,0.008,0.008,0.012,0.012,0.006,0.012,0.006,0.008,0.006,0.018,0.012,0.0,0.012,0.006,0.012,0.014,0.008,0.014,0.012,0.014,0.008,0.012,0.006,0.0,0.0,0.01,0.0,0.012,0.01,0.004,0.008,0.008,0.008,0.0,0.008,0.016,0.004,0.01,0.008,0.01,0.006,0.016,0.004,0.008,0.012,0.01,0.006,0.006,0.016,0.012,0.004,0.016,0.008,0.01,0.01,0.012,0.012,0.014,0.016,0.006,0.01,0.01,0.02,0.02,0.01,0.012,0.016,0.0,0.086,0.016,0.006,0.006,0.014,0.014,0.002,0.0,0.012,0.006
312,0.022,0.016,0.02,0.014,0.012,0.01,0.008,0.002,0.006,0.0,0.016,0.01,0.01,0.008,0.01,0.014,0.008,0.008,0.008,0.008,0.012,0.012,0.006,0.012,0.006,0.008,0.006,0.018,0.012,0.0,0.012,0.006,0.012,0.014,0.008,0.014,0.012,0.014,0.008,0.012,0.006,0.0,0.0,0.01,0.0,0.012,0.01,0.004,0.008,0.008,0.008,0.0,0.008,0.016,0.004,0.01,0.008,0.01,0.006,0.016,0.004,0.008,0.012,0.01,0.006,0.006,0.016,0.012,0.004,0.016,0.008,0.01,0.01,0.012,0.012,0.014,0.016,0.006,0.01,0.01,0.02,0.02,0.01,0.012,0.016,0.0,0.086,0.016,0.006,0.006,0.014,0.014,0.002,0.0,0.012,0.006
313,0.022,0.016,0.02,0.014,0.012,0.01,0.008,0.002,0.006,0.0,0.016,0.01,0.01,0.008,0.01,0.014,0.008,0.008,0.008,0.008,0.012,0.012,0.006,0.012,0.006,0.008,0.006,0.018,0.012,0.0,0.012,0.006,0.012,0.014,0.008,0.014,0.012,0.014,0.008,0.012,0.004,0.0,0.0,0.01,0.0,0.012,0.01,0.004,0.008,0.008,0.008,0.0,0.008,0.016,0.004,0.01,0.008,0.01,0.006,0.016,0.004,0.008,0.012,0.01,0.006,0.006,0.016,0.012,0.004,0.016,0.008,0.01,0.01,0.012,0.012,0.014,0.016,0.006,0.01,0.01,0.02,0.022,0.01,0.012,0.016,0.0,0.086,0.016,0.006,0.006,0.014,0.014,0.002,0.0,0.012,0.006
314,0.022,0.016,0.02,0.014,0.012,0.01,0.008,0.002,0.006,0.0,0.016,0.01,0.01,0.008,0.01,0.014,0.008,0.008,0.008,0.008,0.012,0.012,0.006,0.012,0.006,0.008,0.006,0.018,0.012,0.0,0.012,0.006,0.012,0.014,0.008,0.014,0.012,0.014,0.008,0.012,0.004,0.0,0.0,0.01,0.0,0.012,0.01,0.004,0.008,0.008,0.008,0.0,0.008,0.016,0.004,0.01,0.008,0.01,0.006,0.016,0.004,0.008,0.012,0.01,0.006,0.006,0.016,0.012,0.004,0.016,0.008,0.01,0.01,0.012,0.012,0.014,0.016,0.006,0.01,0.01,0.02,0.022,0.01,0.012,0.016,0.0,0.086,0.016,0.006,0.006,0.014,0.014,0.002,0.0,0.012,0.006
315,0.022,0.016,0.02,0.014,0.012,0.01,0.008,0.002,0.006,0.0,0.016,0.01,0.01,0.008,0.01,0.014,0.008,0.008,0.008,0.008,0.012,0.012,0.006,0.012,0.006,0.008,0.006,0.018,0.012,0.0,0.012,0.008,0.012,0.014,0.008,0.014,0.012,0.014,0.008,0.012,0.004,0.0,0.0,0.01,0.0,0.012,0.01,0.004,0.008,0.008,0.008,0.0,0.008,0.016,0.004,0.008,0.008,0.01,0.006,0.016,0.004,0.008,0.012,0.01,0.006,0.006,0.016,0.012,0.004,0.016,0.008,0.01,0.01,0.012,0.012,0.014,0.016,0.006,0.01,0.01,0.02,0.022,0.01,0.012,0.016,0.0,0.086,0.016,0.006,0.006,0.014,0.014,0.002,0.0,0.012,0.006
316,0.022,0.016,0.02,0.014,0.012,0.01,0.008,0.002,0.006,0.0,0.016,0.01,0.01,0.008,0.01,0.014,0.008,0.008,0.008,0.008,0.012,0.012,0.006,0.012,0.006,0.008,0.006,0.018,0.012,0.0,0.012,0.008,0.012,0.014,0.008,0.014,0.012,0.014,0.008,0.012,0.004,0.0,0.0,0.01,0.0,0.012,0.01,0.004,0.008,0.008,0.008,0.0,0.008,0.016,0.004,0.008,0.008,0.01,0.004,0.016,0.004,0.008,0.012,0.01,0.006,0.006,0.016,0.012,0.004,0.016,0.008,0.01,0.01,0.012,0.012,0.014,0.016,0.006,0.01,0.01,0.02,0.024,0.01,0.012,0.016,0.0,0.086,0.016,0.006,0.006,0.014,0.014,0.002,0.0,0.012,0.006
317,0.022,0.016,0.02,0.014,0.012,0.01,0.008,0.002,0.006,0.0,0.016,0.01,0.01,0.008,0.01,0.014,0.008,0.006,0.008,0.008,0.012,0.012,0.006,0.012,0.006,0.008,0.006,0.02,0.012,0.0,0.012,0.008,0.012,0.014,0.008,0.014,0.012,0.014,0.008,0.012,0.004,0.0,0.0,0.01,0.0,0.012,0.01,0.004,0.008,0.008,0.008,0.0,0.008,0.016,0.004,0.008,0.008,0.01,0.004,0.016,0.004,0.008,0.012,0.01,0.006,0.006,0.016,0.012,0.004,0.016,0.008,0.01,0.01,0.012,0.012,0.014,0.016,0.006,0.01,0.01,0.02,0.024,0.01,0.012,0.016,0.0,0.086,0.016,0.006,0.006,0.014,0.014,0.002,0.0,0.012,0.006
318,0.022,0.016,0.02,0.014,0.012,0.01,0.008,0.002,0.006,0.0,0.016,0.01,0.01,0.008,0.01,0.014,0.008,0.006,0.008,0.008,0.012,0.012,0.006,0.012,0.006,0.008,0.006,0.02,0.012,0.0,0.012,0.008,0.012,0.014,0.008,0.014,0.012,0.014,0.008,0.012,0.004,0.0,0.0,0.01,0.0,0.012,0.01,0.004,0.008,0.008,0.008,0.0,0.008,0.016,0.004,0.008,0.008,0.01,0.004,0.016,0.004,0.008,0.01,0.01,0.006,0.006,0.016,0.012,0.004,0.016,0.008,0.01,0.01,0.012,0.012,0.016,0.016,0.006,0.01,0.01,0.02,0.024,0.01,0.012,0.016,0.0,0.086,0.016,0.006,0.006,0.014,0.014,0.002,0.0,0.012,0.006
319,0.022,0.016,0.02,0.014,0.014,0.01,0.008,0.002,0.004,0.0,0.016,0.01,0.01,0.008,0.01,0.014,0.008,0.006,0.008,0.008,0.012,0.012,0.006,0.012,0.006,0.008,0.006,0.02,0.012,0.0,0.012,0.008,0.012,0.014,0.008,0.014,0.012,0.014,0.008,0.012,0.004,0.0,0.0,0.01,0.0,0.012,0.01,0.004,0.008,0.008,0.008,0.0,0.008,0.016,0.004,0.008,0.008,0.01,0.004,0.016,0.004,0.008,0.01,0.01,0.006,0.006,0.016,0.012,0.004,0.016,0.008,0.01,0.01,0.012,0.012,0.016,0.016,0.006,0.01,0.01,0.02,0.024,0.01,0.012,0.016,0.0,0.086,0.016,0.006,0.006,0.014,0.014,0.002,0.0,0.012,0.006
320,0.022,0.016,0.02,0.014,0.014,0.01,0.008,0.002,0.004,0.0,0.016,0.01,0.01,0.008,0.01,0.014,0.008,0.006,0.008,0.008,0.012,0.012,0.006,0.012,0.006,0.008,0.006,0.02,0.012,0.0,0.012,0.008,0.012,0.014,0.008,0.014,0.012,0.014,0.008,0.012,0.004,0.0,0.0,0.01,0.0,0.012,0.01,0.004,0.008,0.008,0.008,0.0,0.008,0.016,0.004,0.008,0.008,0.01,0.004,0.016,0.004,0.008,0.01,0.01,0.006,0.006,0.016,0.012,0.004,0.016,0.008,0.01,0.01,0.012,0.012,0.016,0.016,0.006,0.01,0.01,0.02,0.024,0.01,0.012,0.016,0.0,0.086,0.016,0.006,0.006,0.014,0.014,0.002,0.0,0.012,0.006
321,0.022,0.016,0.02,0.014,0.014,0.01,0.008,0.002,0.004,0.0,0.016,0.01,0.01,0.008,0.01,0.014,0.008,0.006,0.008,0.008,0.012,0.012,0.006,0.012,0.006,0.008,0.006,0.02,0.012,0.0,0.012,0.008,0.012,0.014,0.008,0.014,0.012,0.014,0.008,0.012,0.004,0.0,0.0,0.01,0.0,0.012,0.01,0.004,0.008,0.008,0.008,0.0,0.008,0.016,0.004,0.008,0.008,0.01,0.004,0.016,0.004,0.008,0.01,0.01,0.006,0.006,0.016,0.012,0.004,0.016,0.008,0.01,0.01,0.012,0.012,0.016,0.016,0.006,0.01,0.01,0.02,0.024,0.01,0.012,0.016,0.0,0.086,0.016,0.006,0.006,0.014,0.014,0.002,0.0,0.012,0.006
322,0.022,0.016,0.02,0.014,0.014,0.01,0.008,0.002,0.004,0.0,0.016,0.01,0.01,0.008,0.01,0.014,0.008,0.006,0.008,0.008,0.012,0.012,0.006,0.012,0.006,0.008,0.006,0.02,0.012,0.0,0.012,0.008,0.012,0.014,0.008,0.014,0.01,0.014,0.008,0.012,0.004,0.0,0.0,0.01,0.0,0.012,0.01,0.004,0.008,0.008,0.008,0.0,0.008,0.016,0.004,0.008,0.008,0.01,0.004,0.016,0.004,0.008,0.01,0.01,0.006,0.006,0.016,0.012,0.004,0.016,0.008,0.01,0.01,0.012,0.012,0.016,0.016,0.006,0.01,0.01,0.02,0.024,0.012,0.012,0.016,0.0,0.086,0.016,0.006,0.006,0.014,0.014,0.002,0.0,0.012,0.006
323,0.022,0.016,0.02,0.014,0.014,0.01,0.008,0.002,0.004,0.0,0.016,0.01,0.01,0.008,0.01,0.014,0.008,0.006,0.008,0.008,0.012,0.012,0.006,0.012,0.006,0.008,0.006,0.02,0.012,0.0,0.012,0.008,0.012,0.014,0.008,0.014,0.01,0.014,0.008,0.012,0.004,0.0,0.0,0.008,0.0,0.012,0.01,0.004,0.008,0.008,0.008,0.0,0.008,0.016,0.004,0.008,0.008,0.01,0.004,0.016,0.004,0.008,0.01,0.01,0.006,0.006,0.016,0.012,0.004,0.016,0.008,0.01,0.01,0.012,0.012,0.016,0.016,0.006,0.01,0.01,0.02,0.024,0.012,0.012,0.016,0.0,0.086,0.016,0.006,0.006,0.014,0.014,0.002,0.0,0.012,0.008
324,0.022,0.016,0.02,0.014,0.014,0.01,0.008,0.002,0.004,0.0,0.016,0.01,0.012,0.008,0.01,0.014,0.008,0.006,0.008,0.008,0.012,0.012,0.006,0.012,0.006,0.008,0.006,0.02,0.012,0.0,0.012,0.008,0.012,0.014,0.008,0.014,0.01,0.014,0.008,0.012,0.004,0.0,0.0,0.008,0.0,0.012,0.01,0.004,0.008,0.008,0.008,0.0,0.008,0.016,0.004,0.008,0.008,0.01,0.004,0.016,0.004,0.008,0.01,0.01,0.006,0.006,0.016,0.012,0.004,0.016,0.008,0.01,0.01,0.012,0.012,0.016,0.016,0.006,0.01,0.01,0.02,0.024,0.012,0.01,0.016,0.0,0.086,0.016,0.006,0.006,0.014,0.014,0.002,0.0,0.012,0.008
325,0.022,0.016,0.02,0.014,0.014,0.01,0.008,0.002,0.004,0.0,0.016,0.012,0.012,0.008,0.01,0.014,0.008,0.006,0.008,0.008,0.012,0.01,0.006,0.012,0.006,0.008,0.006,0.02,0.012,0.0,0.012,0.008,0.012,0.014,0.008,0.014,0.01,0.014,0.008,0.012,0.004,0.0,0.0,0.008,0.0,0.012,0.01,0.004,0.008,0.008,0.008,0.0,0.008,0.016,0.004,0.008,0.008,0.01,0.004,0.016,0.004,0.008,0.01,0.01,0.006,0.006,0.016,0.012,0.004,0.016,0.008,0.01,0.01,0.012,0.012,0.016,0.016,0.006,0.01,0.01,0.02,0.024,0.012,0.01,0.016,0.0,0.086,0.016,0.006,0.006,0.014,0.014,0.002,0.0,0.012,0.008
326,0.022,0.016,0.02,0.014,0.014,0.01,0.008,0.002,0.004,0.0,0.016,0.012,0.012,0.008,0.01,0.014,0.008,0.006,0.008,0.008,0.012,0.01,0.006,0.012,0.006,0.008,0.006,0.02,0.012,0.0,0.012,0.008,0.012,0.014,0.008,0.014,0.01,0.014,0.008,0.012,0.004,0.0,0.0,0.008,0.0,0.012,0.01,0.004,0.008,0.008,0.008,0.0,0.008,0.016,0.004,0.008,0.008,0.01,0.004,0.016,0.004,0.008,0.01,0.01,0.006,0.006,0.016,0.012,0.004,0.016,0.008,0.01,0.01,0.012,0.012,0.016,0.016,0.006,0.01,0.01,0.02,0.024,0.012,0.01,0.016,0.0,0.086,0.016,0.006,0.006,0.014,0.014,0.002,0.0,0.012,0.008
327,0.022,0.016,0.02,0.014,0.014,0.01,0.008,0.002,0.004,0.0,0.016,0.012,0.012,0.008,0.01,0.014,0.008,0.006,0.008,0.008,0.012,0.01,0.006,0.012,0.006,0.008,0.006,0.02,0.012,0.0,0.012,0.008,0.012,0.014,0.008,0.014,0.01,0.014,0.008,0.012,0.004,0.0,0.0,0.008,0.0,0.012,0.01,0.004,0.008,0.008,0.008,0.0,0.008,0.016,0.004,0.008,0.008,0.01,0.004,0.016,0.004,0.008,0.01,0.01,0.006,0.006,0.016,0.012,0.004,0.016,0.008,0.01,0.01,0.012,0.012,0.016,0.016,0.006,0.01,0.01,0.02,0.024,0.012,0.01,0.016,0.0,0.086,0.016,0.006,0.006,0.014,0.014,0.002,0.0,0.012,0.008
328,0.022,0.016,0.02,0.014,0.014,0.01,0.008,0.002,0.004,0.0,0.016,0.012,0.012,0.008,0.01,0.014,0.008,0.006,0.008,0.008,0.012,0.01,0.006,0.012,0.006,0.008,0.006,0.02,0.012,0.0,0.012,0.008,0.012,0.014,0.008,0.014,0.01,0.014,0.008,0.012,0.004,0.0,0.0,0.008,0.0,0.012,0.01,0.004,0.008,0.01,0.006,0.0,0.008,0.016,0.004,0.008,0.008,0.01,0.004,0.016,0.004,0.008,0.01,0.01,0.006,0.006,0.016,0.012,0.004,0.016,0.008,0.01,0.01,0.012,0.012,0.016,0.016,0.006,0.01,0.01,0.02,0.024,0.012,0.01,0.016,0.0,0.086,0.016,0.006,0.006,0.014,0.014,0.002,0.0,0.012,0.008
329,0.022,0.016,0.02,0.014,0.014,0.01,0.008,0.002,0.004,0.0,0.016,0.012,0.012,0.008,0.01,0.014,0.008,0.006,0.008,0.008,0.012,0.01,0.006,0.012,0.006,0.008,0.006,0.02,0.012,0.0,0.012,0.008,0.012,0.014,0.008,0.014,0.01,0.014,0.008,0.012,0.004,0.0,0.0,0.008,0.0,0.012,0.01,0.004,0.008,0.01,0.006,0.0,0.008,0.016,0.004,0.008,0.008,0.01,0.004,0.016,0.004,0.008,0.01,0.01,0.006,0.006,0.016,0.012,0.004,0.016,0.008,0.01,0.01,0.012,0.012,0.016,0.016,0.006,0.01,0.01,0.02,0.024,0.012,0.01,0.016,0.0,0.086,0.016,0.006,0.006,0.014,0.014,0.002,0.0,0.012,0.008
330,0.022,0.016,0.02,0.014,0.014,0.01,0.008,0.002,0.004,0.0,0.016,0.012,0.012,0.008,0.01,0.014,0.008,0.006,0.008,0.008,0.012,0.01,0.006,0.012,0.006,0.008,0.006,0.02,0.012,0.0,0.012,0.008,0.012,0.014,0.008,0.014,0.01,0.014,0.008,0.012,0.004,0.0,0.0,0.008,0.0,0.012,0.012,0.004,0.008,0.01,0.006,0.0,0.008,0.016,0.004,0.008,0.008,0.01,0.004,0.016,0.004,0.008,0.01,0.01,0.006,0.006,0.016,0.012,0.004,0.016,0.008,0.01,0.01,0.012,0.012,0.016,0.016,0.006,0.008,0.01,0.02,0.024,0.012,0.01,0.016,0.0,0.086,0.016,0.006,0.006,0.014,0.014,0.002,0.0,0.012,0.008
331,0.022,0.016,0.02,0.014,0.014,0.01,0.008,0.002,0.004,0.0,0.016,0.012,0.012,0.008,0.01,0.014,0.008,0.006,0.008,0.008,0.012,0.01,0.006,0.012,0.006,0.008,0.006,0.02,0.012,0.0,0.012,0.008,0.012,0.014,0.008,0.014,0.01,0.014,0.008,0.012,0.004,0.0,0.0,0.008,0.0,0.012,0.012,0.004,0.008,0.01,0.006,0.0,0.008,0.016,0.004,0.008,0.008,0.01,0.004,0.016,0.004,0.008,0.01,0.01,0.004,0.006,0.016,0.012,0.004,0.016,0.008,0.01,0.01,0.012,0.012,0.016,0.016,0.006,0.008,0.01,0.02,0.024,0.012,0.01,0.016,0.0,0.086,0.016,0.006,0.006,0.014,0.016,0.002,0.0,0.012,0.008
332,0.022,0.016,0.02,0.014,0.014,0.01,0.008,0.002,0.004,0.0,0.016,0.012,0.012,0.008,0.01,0.014,0.008,0.006,0.008,0.008,0.012,0.01,0.006,0.012,0.006,0.008,0.006,0.02,0.012,0.0,0.012,0.008,0.012,0.014,0.008,0.014,0.01,0.014,0.008,0.012,0.004,0.0,0.0,0.008,0.0,0.012,0.012,0.004,0.008,0.01,0.006,0.0,0.008,0.016,0.004,0.008,0.008,0.01,0.004,0.016,0.004,0.008,0.01,0.01,0.004,0.006,0.016,0.012,0.004,0.016,0.008,0.01,0.01,0.012,0.012,0.016,0.016,0.006,0.008,0.01,0.02,0.024,0.012,0.01,0.016,0.0,0.086,0.016,0.006,0.006,0.014,0.016,0.002,0.0,0.012,0.008
333,0.022,0.016,0.02,0.014,0.014,0.01,0.008,0.002,0.004,0.0,0.016,0.012,0.012,0.008,0.01,0.014,0.008,0.006,0.008,0.008,0.012,0.01,0.006,0.012,0.006,0.008,0.006,0.02,0.012,0.0,0.012,0.008,0.012,0.014,0.008,0.014,0.01,0.014,0.008,0.012,0.004,0.0,0.0,0.008,0.0,0.012,0.012,0.004,0.008,0.01,0.006,0.0,0.008,0.016,0.004,0.008,0.008,0.01,0.004,0.016,0.004,0.008,0.01,0.01,0.004,0.006,0.016,0.012,0.004,0.016,0.008,0.01,0.01,0.012,0.012,0.016,0.016,0.006,0.008,0.01,0.02,0.024,0.012,0.01,0.016,0.0,0.086,0.016,0.006,0.006,0.014,0.016,0.002,0.0,0.012,0.008
334,0.022,0.016,0.02,0.014,0.014,0.01,0.008,0.002,0.004,0.0,0.016,0.012,0.012,0.008,0.01,0.014,0.008,0.006,0.006,0.008,0.012,0.01,0.006,0.012,0.006,0.008,0.006,0.02,0.012,0.0,0.012,0.008,0.012,0.014,0.008,0.014,0.01,0.014,0.008,0.012,0.004,0.0,0.0,0.008,0.0,0.012,0.012,0.004,0.008,0.01,0.006,0.0,0.008,0.016,0.004,0.008,0.008,0.01,0.004,0.018,0.004,0.008,0.01,0.01,0.004,0.006,0.016,0.012,0.004,0.016,0.008,0.01,0.01,0.012,0.012,0.016,0.016,0.006,0.008,0.01,0.02,0.024,0.012,0.01,0.016,0.0,0.086,0.016,0.006,0.006,0.014,0.016,0.002,0.0,0.012,0.008
335,0.024,0.016,0.02,0.014,0.014,0.01,0.008,0.002,0.004,0.0,0.016,0.012,0.012,0.008,0.01,0.014,0.008,0.006,0.006,0.008,0.012,0.01,0.006,0.012,0.006,0.006,0.006,0.02,0.012,0.0,0.012,0.008,0.012,0.014,0.008,0.014,0.01,0.014,0.008,0.012,0.004,0.0,0.0,0.008,0.0,0.012,0.012,0.004,0.008,0.01,0.006,0.0,0.008,0.016,0.004,0.008,0.008,0.01,0.004,0.018,0.004,0.008,0.01,0.01,0.004,0.006,0.016,0.012,0.004,0.016,0.008,0.01,0.01,0.012,0.012,0.016,0.016,0.006,0.008,0.01,0.02,0.024,0.012,0.01,0.016,0.0,0.086,0.016,0.006,0.006,0.014,0.016,0.002,0.0,0.012,0.008
336,0.024,0.016,0.02,0.014,0.014,0.01,0.008,0.002,0.004,0.0,0.016,0.012,0.012,0.008,0.01,0.014,0.008,0.006,0.006,0.008,0.012,0.01,0.006,0.012,0.006,0.006,0.006,0.02,0.012,0.0,0.012,0.008,0.012,0.014,0.008,0.014,0.01,0.014,0.008,0.012,0.004,0.0,0.0,0.008,0.0,0.012,0.012,0.004,0.008,0.01,0.006,0.0,0.008,0.016,0.004,0.008,0.008,0.01,0.004,0.018,0.004,0.008,0.01,0.01,0.004,0.006,0.016,0.012,0.004,0.016,0.008,0.01,0.01,0.012,0.012,0.016,0.016,0.006,0.008,0.01,0.02,0.024,0.012,0.01,0.016,0.0,0.086,0.016,0.006,0.006,0.014,0.016,0.002,0.0,0.012,0.008
337,0.024,0.016,0.02,0.014,0.014,0.01,0.008,0.002,0.004,0.0,0.016,0.012,0.012,0.008,0.01,0.014,0.008,0.006,0.006,0.008,0.012,0.01,0.006,0.012,0.006,0.006,0.006,0.02,0.012,0.0,0.012,0.008,0.012,0.014,0.008,0.014,0.01,0.014,0.008,0.012,0.004,0.0,0.0,0.008,0.0,0.012,0.012,0.004,0.008,0.01,0.006,0.0,0.008,0.016,0.004,0.008,0.008,0.01,0.004,0.018,0.004,0.008,0.01,0.01,0.004,0.006,0.016,0.012,0.004,0.016,0.008,0.01,0.01,0.012,0.012,0.016,0.016,0.006,0.008,0.01,0.02,0.024,0.012,0.01,0.016,0.0,0.086,0.016,0.006,0.006,0.014,0.016,0.002,0.0,0.012,0.008
338,0.024,0.016,0.02,0.016,0.014,0.01,0.008,0.002,0.004,0.0,0.016,0.012,0.012,0.008,0.01,0.014,0.008,0.006,0.006,0.008,0.012,0.01,0.006,0.012,0.006,0.006,0.006,0.02,0.012,0.0,0.012,0.008,0.012,0.014,0.008,0.014,0.01,0.014,0.008,0.012,0.004,0.0,0.0,0.008,0.0,0.012,0.012,0.004,0.008,0.012,0.006,0.0,0.008,0.016,0.004,0.008,0.008,0.01,0.004,0.018,0.004,0.008,0.01,0.01,0.004,0.006,0.016,0.012,0.004,0.014,0.008,0.01,0.01,0.012,0.012,0.016,0.014,0.006,0.008,0.01,0.02,0.024,0.012,0.01,0.016,0.0,0.086,0.016,0.006,0.006,0.014,0.016,0.002,0.0,0.012,0.008
339,0.024,0.016,0.02,0.016,0.014,0.01,0.008,0.002,0.004,0.0,0.016,0.012,0.012,0.008,0.01,0.014,0.008,0.006,0.006,0.008,0.012,0.01,0.006,0.012,0.006,0.006,0.006,0.02,0.012,0.0,0.012,0.008,0.012,0.014,0.008,0.014,0.01,0.014,0.008,0.012,0.004,0.0,0.0,0.008,0.0,0.012,0.012,0.004,0.008,0.012,0.006,0.0,0.008,0.016,0.004,0.008,0.008,0.01,0.004,0.018,0.004,0.008,0.01,0.01,0.004,0.006,0.016,0.012,0.004,0.014,0.008,0.01,0.01,0.012,0.012,0.016,0.014,0.006,0.008,0.01,0.02,0.024,0.012,0.01,0.016,0.0,0.086,0.016,0.006,0.006,0.014,0.016,0.002,0.0,0.012,0.008
340,0.024,0.016,0.02,0.016,0.014,0.01,0.008,0.002,0.004,0.0,0.016,0.012,0.012,0.008,0.01,0.014,0.008,0.006,0.006,0.008,0.012,0.01,0.006,0.012,0.006,0.006,0.006,0.02,0.012,0.0,0.012,0.008,0.012,0.014,0.008,0.014,0.01,0.014,0.008,0.012,0.004,0.0,0.0,0.008,0.0,0.012,0.012,0.004,0.008,0.012,0.006,0.0,0.008,0.016,0.004,0.008,0.008,0.01,0.004,0.018,0.004,0.008,0.01,0.01,0.004,0.006,0.016,0.012,0.004,0.014,0.008,0.01,0.01,0.012,0.012,0.016,0.014,0.006,0.008,0.01,0.02,0.024,0.012,0.01,0.016,0.0,0.086,0.016,0.006,0.006,0.014,0.016,0.002,0.0,0.012,0.008
341,0.024,0.016,0.02,0.016,0.014,0.01,0.008,0.002,0.004,0.0,0.016,0.012,0.012,0.008,0.01,0.014,0.008,0.006,0.006,0.008,0.012,0.01,0.006,0.012,0.006,0.006,0.006,0.02,0.012,0.0,0.012,0.008,0.012,0.014,0.008,0.014,0.01,0.014,0.008,0.012,0.004,0.0,0.0,0.008,0.0,0.012,0.012,0.004,0.008,0.012,0.006,0.0,0.008,0.016,0.004,0.008,0.008,0.01,0.004,0.018,0.004,0.008,0.01,0.01,0.004,0.006,0.016,0.012,0.004,0.014,0.008,0.01,0.01,0.012,0.012,0.016,0.014,0.006,0.008,0.01,0.02,0.024,0.012,0.01,0.016,0.0,0.086,0.016,0.006,0.006,0.014,0.016,0.002,0.0,0.012,0.008
342,0.024,0.016,0.02,0.016,0.014,0.01,0.008,0.002,0.004,0.0,0.016,0.012,0.012,0.008,0.01,0.014,0.008,0.006,0.006,0.008,0.012,0.01,0.006,0.012,0.006,0.006,0.006,0.02,0.012,0.0,0.012,0.008,0.012,0.014,0.008,0.014,0.01,0.014,0.008,0.012,0.004,0.0,0.0,0.008,0.0,0.012,0.012,0.004,0.008,0.012,0.006,0.0,0.008,0.016,0.004,0.008,0.008,0.01,0.004,0.018,0.004,0.008,0.01,0.01,0.004,0.006,0.016,0.012,0.004,0.014,0.008,0.01,0.01,0.012,0.012,0.016,0.014,0.006,0.008,0.01,0.022,0.022,0.012,0.01,0.016,0.0,0.086,0.016,0.006,0.006,0.014,0.016,0.002,0.0,0.012,0.008
343,0.024,0.016,0.02,0.016,0.014,0.01,0.008,0.002,0.004,0.0,0.016,0.012,0.012,0.008,0.01,0.014,0.008,0.006,0.006,0.008,0.012,0.01,0.006,0.012,0.006,0.006,0.006,0.02,0.012,0.0,0.012,0.008,0.012,0.014,0.008,0.014,0.01,0.014,0.008,0.012,0.004,0.0,0.0,0.008,0.0,0.012,0.012,0.004,0.008,0.012,0.006,0.0,0.008,0.016,0.004,0.008,0.008,0.01,0.004,0.018,0.004,0.008,0.01,0.01,0.004,0.006,0.016,0.012,0.004,0.014,0.008,0.01,0.01,0.012,0.012,0.016,0.014,0.006,0.008,0.01,0.022,0.022,0.012,0.01,0.016,0.0,0.086,0.016,0.006,0.006,0.014,0.016,0.002,0.0,0.012,0.008
344,0.024,0.016,0.02,0.016,0.014,0.01,0.008,0.002,0.004,0.0,0.016,0.012,0.012,0.008,0.01,0.014,0.008,0.006,0.006,0.008,0.012,0.01,0.006,0.012,0.006,0.006,0.006,0.02,0.012,0.0,0.012,0.008,0.012,0.014,0.008,0.014,0.01,0.014,0.008,0.012,0.004,0.0,0.0,0.008,0.0,0.012,0.012,0.004,0.008,0.01,0.006,0.0,0.008,0.016,0.004,0.008,0.008,0.01,0.004,0.018,0.004,0.008,0.01,0.01,0.004,0.008,0.016,0.012,0.004,0.014,0.008,0.01,0.01,0.012,0.012,0.016,0.014,0.006,0.008,0.01,0.022,0.022,0.012,0.01,0.016,0.0,0.086,0.016,0.006,0.006,0.014,0.016,0.002,0.0,0.012,0.008
345,0.024,0.016,0.02,0.016,0.014,0.008,0.008,0.002,0.004,0.0,0.018,0.012,0.012,0.008,0.01,0.014,0.008,0.006,0.006,0.008,0.012,0.01,0.006,0.012,0.006,0.006,0.006,0.02,0.012,0.0,0.012,0.008,0.012,0.014,0.008,0.014,0.01,0.014,0.008,0.012,0.004,0.0,0.0,0.008,0.0,0.012,0.012,0.004,0.008,0.01,0.006,0.0,0.008,0.016,0.004,0.008,0.008,0.01,0.004,0.018,0.004,0.008,0.01,0.01,0.004,0.008,0.016,0.012,0.004,0.014,0.008,0.01,0.01,0.012,0.012,0.016,0.014,0.006,0.008,0.01,0.022,0.022,0.012,0.01,0.016,0.0,0.086,0.016,0.006,0.006,0.014,0.016,0.002,0.0,0.012,0.008
346,0.024,0.016,0.02,0.016,0.014,0.008,0.008,0.002,0.004,0.0,0.018,0.012,0.012,0.008,0.01,0.014,0.008,0.006,0.006,0.008,0.012,0.01,0.006,0.012,0.006,0.006,0.006,0.02,0.012,0.0,0.012,0.008,0.012,0.014,0.008,0.014,0.01,0.014,0.008,0.012,0.004,0.0,0.0,0.008,0.0,0.012,0.012,0.004,0.008,0.01,0.006,0.0,0.008,0.016,0.004,0.008,0.008,0.01,0.004,0.018,0.004,0.008,0.01,0.01,0.004,0.008,0.016,0.012,0.004,0.014,0.008,0.01,0.01,0.012,0.012,0.016,0.014,0.006,0.008,0.01,0.022,0.022,0.012,0.01,0.016,0.0,0.086,0.016,0.006,0.006,0.014,0.016,0.002,0.0,0.012,0.008
347,0.024,0.016,0.02,0.016,0.014,0.008,0.008,0.002,0.004,0.0,0.018,0.012,0.012,0.008,0.01,0.014,0.008,0.006,0.006,0.008,0.012,0.01,0.006,0.012,0.006,0.006,0.006,0.02,0.014,0.0,0.012,0.008,0.012,0.014,0.008,0.014,0.01,0.014,0.008,0.012,0.004,0.0,0.0,0.008,0.0,0.012,0.012,0.004,0.008,0.01,0.006,0.0,0.008,0.016,0.004,0.008,0.008,0.01,0.004,0.018,0.004,0.008,0.01,0.01,0.004,0.008,0.016,0.012,0.004,0.014,0.008,0.01,0.01,0.012,0.012,0.016,0.014,0.006,0.008,0.01,0.022,0.022,0.012,0.01,0.016,0.0,0.086,0.016,0.006,0.004,0.014,0.016,0.002,0.0,0.012,0.008
348,0.024,0.016,0.02,0.016,0.014,0.008,0.008,0.002,0.004,0.0,0.018,0.012,0.01,0.008,0.01,0.014,0.008,0.006,0.006,0.008,0.012,0.01,0.006,0.012,0.006,0.006,0.006,0.02,0.014,0.0,0.012,0.008,0.012,0.014,0.008,0.014,0.01,0.014,0.008,0.012,0.004,0.0,0.0,0.008,0.0,0.012,0.012,0.004,0.008,0.01,0.006,0.0,0.008,0.016,0.004,0.008,0.008,0.01,0.004,0.018,0.004,0.008,0.01,0.01,0.004,0.008,0.016,0.012,0.004,0.014,0.008,0.01,0.01,0.012,0.012,0.016,0.014,0.006,0.008,0.01,0.022,0.022,0.012,0.01,0.016,0.0,0.086,0.016,0.006,0.004,0.014,0.016,0.002,0.0,0.014,0.008
349,0.024,0.016,0.02,0.016,0.014,0.008,0.008,0.002,0.004,0.0,0.018,0.012,0.01,0.008,0.01,0.014,0.008,0.006,0.006,0.008,0.012,0.01,0.006,0.012,0.006,0.006,0.006,0.02,0.014,0.0,0.012,0.008,0.012,0.014,0.008,0.014,0.01,0.014,0.008,0.012,0.004,0.0,0.0,0.008,0.0,0.012,0.012,0.004,0.008,0.01,0.006,0.0,0.008,0.016,0.004,0.008,0.008,0.01,0.004,0.018,0.004,0.008,0.01,0.01,0.004,0.008,0.016,0.012,0.004,0.014,0.008,0.01,0.01,0.012,0.012,0.016,0.014,0.006,0.008,0.01,0.022,0.022,0.012,0.01,0.016,0.0,0.086,0.016,0.006,0.004,0.014,0.016,0.002,0.0,0.014,0.008
350,0.024,0.016,0.02,0.016,0.014,0.008,0.008,0.002,0.004,0.0,0.018,0.012,0.01,0.008,0.01,0.014,0.008,0.006,0.006,0.008,0.012,0.01,0.006,0.012,0.006,0.006,0.006,0.02,0.014,0.0,0.012,0.008,0.012,0.014,0.008,0.014,0.01,0.014,0.008,0.012,0.004,0.0,0.0,0.008,0.0,0.012,0.012,0.004,0.008,0.01,0.006,0.0,0.008,0.016,0.004,0.008,0.008,0.01,0.004,0.018,0.004,0.008,0.01,0.01,0.004,0.008,0.016,0.012,0.004,0.014,0.008,0.01,0.01,0.012,0.012,0.016,0.014,0.006,0.008,0.01,0.022,0.022,0.012,0.01,0.016,0.0,0.086,0.016,0.006,0.004,0.014,0.016,0.002,0.0,0.014,0.008
351,0.024,0.016,0.02,0.016,0.014,0.008,0.008,0.002,0.004,0.0,0.018,0.012,0.01,0.008,0.01,0.016,0.008,0.006,0.006,0.008,0.012,0.01,0.006,0.012,0.006,0.006,0.006,0.02,0.014,0.0,0.012,0.008,0.012,0.014,0.008,0.014,0.01,0.014,0.008,0.012,0.002,0.0,0.0,0.008,0.0,0.012,0.012,0.004,0.008,0.01,0.006,0.0,0.008,0.016,0.004,0.008,0.008,0.01,0.004,0.018,0.004,0.008,0.01,0.01,0.004,0.008,0.016,0.012,0.004,0.014,0.008,0.01,0.01,0.012,0.012,0.016,0.014,0.006,0.008,0.01,0.022,0.022,0.012,0.01,0.016,0.0,0.086,0.016,0.006,0.004,0.014,0.016,0.002,0.0,0.014,0.008
352,0.024,0.016,0.02,0.016,0.014,0.008,0.008,0.002,0.004,0.0,0.018,0.012,0.01,0.008,0.01,0.016,0.008,0.006,0.006,0.008,0.012,0.01,0.006,0.012,0.006,0.006,0.006,0.02,0.014,0.0,0.012,0.008,0.012,0.014,0.008,0.014,0.01,0.014,0.008,0.012,0.002,0.0,0.0,0.008,0.0,0.012,0.012,0.004,0.008,0.01,0.006,0.0,0.008,0.016,0.004,0.008,0.008,0.01,0.004,0.018,0.004,0.008,0.01,0.01,0.004,0.008,0.016,0.012,0.004,0.014,0.008,0.01,0.01,0.012,0.012,0.016,0.014,0.006,0.008,0.01,0.022,0.022,0.012,0.01,0.016,0.0,0.086,0.016,0.006,0.004,0.014,0.016,0.002,0.0,0.014,0.008
353,0.024,0.016,0.02,0.016,0.014,0.008,0.008,0.002,0.004,0.0,0.018,0.012,0.01,0.008,0.01,0.016,0.008,0.006,0.006,0.008,0.012,0.01,0.006,0.012,0.006,0.006,0.006,0.02,0.014,0.0,0.012,0.008,0.012,0.014,0.008,0.014,0.01,0.014,0.008,0.012,0.002,0.0,0.0,0.008,0.0,0.012,0.012,0.004,0.008,0.01,0.006,0.0,0.008,0.016,0.004,0.008,0.008,0.01,0.004,0.018,0.004,0.008,0.01,0.01,0.004,0.008,0.016,0.012,0.004,0.014,0.008,0.01,0.01,0.012,0.012,0.018,0.014,0.006,0.008,0.01,0.022,0.022,0.012,0.01,0.016,0.0,0.086,0.014,0.006,0.004,0.014,0.016,0.002,0.0,0.014,0.008
354,0.024,0.016,0.02,0.016,0.014,0.008,0.008,0.002,0.004,0.0,0.018,0.012,0.01,0.008,0.01,0.016,0.008,0.006,0.006,0.008,0.012,0.01,0.006,0.012,0.006,0.006,0.006,0.02,0.014,0.0,0.012,0.008,0.012,0.014,0.008,0.014,0.01,0.014,0.008,0.012,0.002,0.0,0.0,0.008,0.0,0.012,0.012,0.004,0.008,0.01,0.006,0.0,0.008,0.016,0.004,0.008,0.008,0.01,0.004,0.018,0.004,0.008,0.01,0.01,0.004,0.008,0.016,0.012,0.004,0.014,0.008,0.01,0.01,0.012,0.012,0.018,0.014,0.006,0.008,0.01,0.022,0.022,0.012,0.01,0.016,0.0,0.086,0.014,0.006,0.004,0.014,0.016,0.002,0.0,0.014,0.008
355,0.024,0.016,0.02,0.016,0.014,0.008,0.008,0.002,0.004,0.0,0.018,0.012,0.01,0.008,0.01,0.016,0.008,0.006,0.006,0.008,0.012,0.01,0.006,0.012,0.006,0.006,0.006,0.02,0.014,0.0,0.012,0.008,0.012,0.014,0.008,0.014,0.01,0.014,0.008,0.012,0.002,0.0,0.0,0.008,0.0,0.012,0.01,0.004,0.008,0.01,0.006,0.0,0.008,0.016,0.004,0.008,0.008,0.01,0.004,0.018,0.004,0.008,0.01,0.01,0.004,0.008,0.016,0.012,0.004,0.014,0.008,0.01,0.01,0.012,0.012,0.018,0.014,0.006,0.008,0.01,0.022,0.022,0.012,0.01,0.016,0.0,0.086,0.016,0.006,0.004,0.014,0.016,0.002,0.0,0.014,0.008
356,0.024,0.016,0.02,0.016,0.014,0.008,0.006,0.002,0.004,0.0,0.018,0.012,0.01,0.008,0.01,0.016,0.008,0.006,0.006,0.008,0.012,0.01,0.006,0.012,0.006,0.006,0.006,0.02,0.014,0.0,0.012,0.008,0.012,0.014,0.008,0.014,0.01,0.014,0.008,0.012,0.002,0.0,0.0,0.008,0.0,0.012,0.01,0.004,0.008,0.01,0.006,0.0,0.008,0.016,0.004,0.008,0.01,0.01,0.004,0.018,0.004,0.008,0.01,0.01,0.004,0.008,0.016,0.012,0.004,0.014,0.008,0.01,0.01,0.012,0.012,0.018,0.014,0.006,0.008,0.01,0.022,0.022,0.012,0.01,0.016,0.0,0.086,0.016,0.006,0.004,0.014,0.016,0.002,0.0,0.014,0.008
357,0.024,0.016,0.02,0.016,0.014,0.008,0.006,0.002,0.004,0.0,0.018,0.012,0.01,0.008,0.01,0.016,0.008,0.006,0.006,0.008,0.012,0.01,0.006,0.012,0.006,0.006,0.006,0.02,0.014,0.0,0.012,0.008,0.012,0.014,0.008,0.014,0.01,0.014,0.008,0.012,0.002,0.0,0.0,0.008,0.0,0.012,0.01,0.004,0.008,0.01,0.006,0.0,0.008,0.016,0.004,0.008,0.01,0.01,0.004,0.018,0.004,0.008,0.01,0.01,0.004,0.008,0.016,0.012,0.004,0.014,0.008,0.01,0.01,0.012,0.012,0.018,0.014,0.006,0.008,0.01,0.022,0.022,0.012,0.01,0.016,0.0,0.086,0.016,0.006,0.004,0.014,0.016,0.002,0.0,0.014,0.008
358,0.024,0.016,0.02,0.016,0.014,0.008,0.006,0.002,0.004,0.0,0.018,0.012,0.01,0.008,0.01,0.016,0.008,0.006,0.006,0.008,0.012,0.01,0.006,0.012,0.006,0.006,0.006,0.02,0.014,0.0,0.012,0.008,0.012,0.014,0.008,0.014,0.01,0.014,0.008,0.012,0.002,0.0,0.0,0.008,0.0,0.012,0.01,0.004,0.008,0.01,0.006,0.0,0.008,0.016,0.004,0.008,0.01,0.01,0.004,0.018,0.004,0.008,0.01,0.01,0.004,0.008,0.016,0.012,0.004,0.014,0.008,0.01,0.01,0.012,0.012,0.018,0.014,0.006,0.008,0.01,0.022,0.022,0.012,0.01,0.016,0.0,0.086,0.016,0.006,0.004,0.014,0.016,0.002,0.0,0.014,0.008
359,0.024,0.016,0.02,0.016,0.014,0.008,0.006,0.002,0.004,0.0,0.018,0.012,0.01,0.008,0.01,0.016,0.008,0.006,0.006,0.008,0.012,0.01,0.006,0.012,0.006,0.006,0.006,0.02,0.014,0.0,0.012,0.008,0.012,0.014,0.008,0.014,0.01,0.014,0.008,0.012,0.002,0.0,0.0,0.008,0.0,0.012,0.01,0.004,0.008,0.01,0.006,0.0,0.008,0.016,0.004,0.008,0.01,0.01,0.004,0.018,0.004,0.008,0.01,0.01,0.004,0.008,0.016,0.012,0.004,0.014,0.008,0.01,0.01,0.012,0.012,0.018,0.014,0.006,0.008,0.01,0.022,0.022,0.012,0.01,0.016,0.0,0.086,0.016,0.006,0.004,0.014,0.016,0.002,0.0,0.014,0.008
360,0.024,0.016,0.02,0.016,0.014,0.008,0.006,0.002,0.004,0.0,0.018,0.012,0.01,0.008,0.01,0.016,0.008,0.006,0.006,0.008,0.012,0.01,0.006,0.012,0.006,0.006,0.006,0.02,0.014,0.0,0.012,0.008,0.012,0.014,0.008,0.014,0.01,0.014,0.008,0.012,0.002,0.0,0.0,0.008,0.0,0.012,0.012,0.004,0.008,0.01,0.006,0.0,0.008,0.016,0.002,0.008,0.01,0.01,0.004,0.018,0.004,0.008,0.01,0.01,0.004,0.008,0.016,0.012,0.004,0.014,0.008,0.01,0.01,0.012,0.012,0.018,0.014,0.006,0.008,0.01,0.022,0.022,0.012,0.01,0.016,0.0,0.086,0.016,0.006,0.004,0.014,0.016,0.002,0.0,0.014,0.008
361,0.024,0.016,0.02,0.016,0.014,0.008,0.006,0.002,0.004,0.0,0.018,0.012,0.01,0.008,0.01,0.016,0.008,0.006,0.006,0.008,0.012,0.01,0.006,0.012,0.006,0.006,0.006,0.02,0.014,0.0,0.012,0.008,0.012,0.014,0.008,0.014,0.01,0.014,0.008,0.012,0.002,0.0,0.0,0.008,0.0,0.012,0.012,0.004,0.008,0.01,0.006,0.0,0.008,0.016,0.002,0.008,0.01,0.01,0.004,0.018,0.004,0.008,0.01,0.01,0.004,0.008,0.016,0.012,0.004,0.014,0.008,0.01,0.01,0.012,0.012,0.018,0.014,0.006,0.008,0.01,0.022,0.022,0.012,0.01,0.016,0.0,0.086,0.016,0.006,0.004,0.014,0.016,0.002,0.0,0.014,0.008
362,0.026,0.016,0.02,0.016,0.014,0.008,0.006,0.004,0.004,0.0,0.018,0.01,0.01,0.008,0.01,0.016,0.008,0.006,0.006,0.008,0.012,0.01,0.006,0.012,0.006,0.006,0.006,0.02,0.014,0.0,0.012,0.008,0.012,0.012,0.008,0.014,0.01,0.014,0.008,0.012,0.002,0.0,0.0,0.008,0.0,0.012,0.012,0.004,0.008,0.01,0.006,0.0,0.008,0.016,0.002,0.008,0.01,0.01,0.004,0.018,0.004,0.008,0.01,0.01,0.004,0.008,0.016,0.012,0.004,0.014,0.008,0.01,0.01,0.012,0.012,0.018,0.014,0.006,0.008,0.01,0.022,0.022,0.012,0.01,0.016,0.0,0.086,0.016,0.006,0.004,0.014,0.016,0.002,0.0,0.014,0.008
363,0.026,0.016,0.02,0.016,0.014,0.008,0.006,0.004,0.004,0.0,0.018,0.01,0.01,0.008,0.01,0.016,0.008,0.006,0.006,0.008,0.012,0.01,0.006,0.012,0.006,0.006,0.006,0.02,0.014,0.0,0.012,0.008,0.012,0.012,0.008,0.014,0.01,0.014,0.008,0.012,0.002,0.0,0.0,0.008,0.0,0.012,0.012,0.004,0.008,0.01,0.006,0.0,0.008,0.016,0.002,0.008,0.01,0.01,0.004,0.018,0.004,0.008,0.01,0.01,0.004,0.008,0.016,0.012,0.004,0.014,0.008,0.01,0.01,0.012,0.012,0.018,0.014,0.006,0.008,0.01,0.022,0.022,0.012,0.01,0.016,0.0,0.086,0.016,0.006,0.004,0.014,0.016,0.002,0.0,0.014,0.008
364,0.026,0.016,0.02,0.016,0.014,0.008,0.006,0.004,0.004,0.0,0.018,0.01,0.01,0.008,0.01,0.016,0.008,0.006,0.006,0.008,0.012,0.01,0.006,0.012,0.008,0.006,0.006,0.02,0.014,0.0,0.012,0.008,0.012,0.012,0.008,0.014,0.01,0.012,0.008,0.012,0.002,0.0,0.0,0.008,0.0,0.012,0.014,0.004,0.008,0.01,0.006,0.0,0.008,0.016,0.002,0.008,0.01,0.01,0.004,0.018,0.004,0.008,0.01,0.01,0.004,0.008,0.016,0.012,0.004,0.014,0.008,0.01,0.01,0.012,0.012,0.018,0.014,0.006,0.008,0.01,0.022,0.022,0.012,0.01,0.016,0.0,0.086,0.016,0.006,0.004,0.012,0.016,0.002,0.0,0.014,0.008
365,0.026,0.016,0.02,0.016,0.014,0.008,0.006,0.004,0.004,0.0,0.018,0.01,0.01,0.008,0.01,0.016,0.008,0.006,0.006,0.008,0.012,0.01,0.006,0.012,0.008,0.006,0.006,0.02,0.014,0.0,0.012,0.008,0.012,0.012,0.008,0.014,0.01,0.012,0.008,0.012,0.002,0.0,0.0,0.008,0.0,0.012,0.014,0.004,0.008,0.01,0.006,0.0,0.008,0.016,0.002,0.008,0.01,0.01,0.004,0.018,0.004,0.008,0.01,0.01,0.004,0.008,0.016,0.012,0.004,0.014,0.008,0.01,0.01,0.012,0.012,0.018,0.014,0.006,0.008,0.01,0.022,0.022,0.012,0.01,0.016,0.0,0.086,0.016,0.006,0.004,0.012,0.016,0.002,0.0,0.014,0.008
366,0.026,0.016,0.02,0.016,0.014,0.008,0.006,0.004,0.004,0.0,0.018,0.01,0.01,0.008,0.01,0.016,0.008,0.006,0.006,0.008,0.012,0.01,0.006,0.012,0.008,0.006,0.006,0.02,0.014,0.0,0.012,0.008,0.012,0.012,0.008,0.014,0.01,0.012,0.008,0.012,0.002,0.0,0.0,0.008,0.0,0.012,0.014,0.004,0.008,0.01,0.006,0.0,0.008,0.016,0.002,0.008,0.01,0.01,0.004,0.018,0.004,0.008,0.01,0.01,0.004,0.008,0.016,0.012,0.004,0.014,0.008,0.01,0.01,0.012,0.012,0.018,0.014,0.006,0.008,0.01,0.022,0.022,0.012,0.01,0.016,0.0,0.086,0.016,0.006,0.004,0.012,0.016,0.002,0.0,0.014,0.008
367,0.026,0.016,0.02,0.016,0.014,0.008,0.006,0.004,0.004,0.0,0.018,0.01,0.01,0.008,0.01,0.016,0.008,0.006,0.006,0.008,0.012,0.01,0.006,0.012,0.008,0.006,0.006,0.02,0.014,0.0,0.012,0.008,0.012,0.012,0.008,0.014,0.01,0.012,0.01,0.012,0.002,0.0,0.0,0.008,0.0,0.012,0.014,0.004,0.008,0.01,0.006,0.0,0.008,0.016,0.002,0.008,0.01,0.01,0.004,0.018,0.004,0.008,0.01,0.01,0.004,0.008,0.016,0.012,0.004,0.014,0.008,0.01,0.01,0.012,0.012,0.018,0.014,0.006,0.008,0.01,0.022,0.022,0.012,0.01,0.016,0.0,0.086,0.014,0.006,0.004,0.012,0.016,0.002,0.0,0.014,0.008
368,0.026,0.016,0.02,0.016,0.014,0.008,0.006,0.004,0.004,0.0,0.018,0.01,0.01,0.008,0.01,0.016,0.008,0.006,0.006,0.008,0.012,0.01,0.006,0.012,0.008,0.006,0.006,0.02,0.014,0.0,0.012,0.008,0.012,0.012,0.008,0.014,0.01,0.012,0.01,0.012,0.002,0.0,0.0,0.008,0.0,0.012,0.014,0.004,0.008,0.01,0.006,0.0,0.008,0.016,0.002,0.008,0.01,0.01,0.004,0.018,0.004,0.008,0.01,0.01,0.004,0.008,0.016,0.012,0.004,0.014,0.008,0.01,0.01,0.012,0.012,0.018,0.014,0.006,0.008,0.01,0.022,0.022,0.012,0.01,0.016,0.0,0.086,0.014,0.006,0.004,0.012,0.016,0.002,0.0,0.014,0.008
369,0.026,0.016,0.02,0.016,0.014,0.008,0.006,0.004,0.004,0.0,0.018,0.01,0.01,0.008,0.01,0.016,0.008,0.006,0.006,0.008,0.012,0.01,0.006,0.012,0.008,0.006,0.006,0.02,0.012,0.0,0.012,0.008,0.012,0.012,0.008,0.014,0.01,0.012,0.01,0.012,0.002,0.0,0.0,0.01,0.0,0.012,0.014,0.004,0.008,0.01,0.006,0.0,0.008,0.016,0.002,0.008,0.01,0.01,0.004,0.018,0.004,0.008,0.01,0.01,0.004,0.008,0.016,0.012,0.004,0.014,0.008,0.01,0.01,0.012,0.012,0.018,0.014,0.006,0.008,0.01,0.022,0.022,0.012,0.01,0.016,0.0,0.086,0.014,0.006,0.004,0.012,0.016,0.002,0.0,0.014,0.008
370,0.026,0.016,0.02,0.016,0.014,0.008,0.006,0.004,0.004,0.0,0.018,0.01,0.01,0.01,0.01,0.016,0.008,0.006,0.006,0.008,0.012,0.01,0.006,0.012,0.008,0.006,0.006,0.02,0.012,0.0,0.012,0.008,0.012,0.012,0.008,0.014,0.01,0.012,0.01,0.012,0.002,0.0,0.0,0.01,0.0,0.012,0.014,0.004,0.008,0.008,0.006,0.0,0.008,0.016,0.002,0.008,0.01,0.01,0.004,0.018,0.004,0.008,0.01,0.01,0.004,0.008,0.016,0.012,0.004,0.014,0.008,0.01,0.01,0.012,0.012,0.018,0.014,0.006,0.008,0.01,0.022,0.022,0.012,0.01,0.016,0.0,0.086,0.014,0.006,0.004,0.012,0.016,0.002,0.0,0.014,0.008
371,0.026,0.016,0.02,0.016,0.014,0.008,0.006,0.004,0.004,0.0,0.018,0.01,0.01,0.01,0.01,0.016,0.008,0.006,0.006,0.008,0.012,0.01,0.006,0.012,0.008,0.006,0.006,0.02,0.012,0.0,0.012,0.008,0.012,0.012,0.008,0.014,0.01,0.012,0.01,0.012,0.002,0.0,0.0,0.01,0.0,0.012,0.014,0.004,0.008,0.008,0.006,0.0,0.008,0.016,0.002,0.008,0.01,0.01,0.004,0.018,0.004,0.008,0.01,0.01,0.004,0.008,0.016,0.012,0.006,0.014,0.008,0.01,0.01,0.012,0.012,0.018,0.014,0.006,0.008,0.008,0.022,0.022,0.012,0.01,0.016,0.0,0.086,0.014,0.006,0.004,0.012,0.016,0.002,0.0,0.014,0.008
372,0.026,0.016,0.02,0.016,0.014,0.008,0.006,0.004,0.004,0.0,0.018,0.01,0.01,0.01,0.01,0.016,0.008,0.006,0.006,0.008,0.012,0.01,0.006,0.012,0.008,0.006,0.006,0.02,0.012,0.0,0.012,0.008,0.012,0.012,0.008,0.014,0.01,0.012,0.01,0.012,0.002,0.0,0.0,0.01,0.0,0.012,0.014,0.004,0.008,0.008,0.006,0.0,0.008,0.016,0.002,0.008,0.01,0.01,0.004,0.018,0.004,0.008,0.01,0.008,0.004,0.008,0.016,0.012,0.006,0.014,0.008,0.01,0.01,0.012,0.012,0.018,0.014,0.006,0.008,0.008,0.022,0.022,0.012,0.01,0.016,0.0,0.086,0.014,0.006,0.006,0.012,0.016,0.002,0.0,0.014,0.008
373,0.026,0.016,0.02,0.016,0.014,0.008,0.006,0.004,0.004,0.0,0.018,0.01,0.01,0.01,0.01,0.016,0.008,0.006,0.006,0.008,0.012,0.01,0.006,0.012,0.008,0.006,0.006,0.02,0.012,0.0,0.012,0.008,0.012,0.012,0.008,0.014,0.01,0.012,0.01,0.012,0.002,0.0,0.0,0.01,0.0,0.012,0.014,0.004,0.008,0.008,0.006,0.0,0.008,0.016,0.002,0.008,0.01,0.01,0.004,0.018,0.004,0.008,0.01,0.008,0.004,0.008,0.016,0.012,0.006,0.014,0.008,0.01,0.01,0.012,0.012,0.018,0.014,0.006,0.008,0.008,0.022,0.022,0.012,0.01,0.016,0.0,0.086,0.014,0.006,0.006,0.012,0.016,0.002,0.0,0.014,0.008
374,0.026,0.016,0.02,0.016,0.014,0.008,0.006,0.004,0.004,0.0,0.018,0.01,0.01,0.01,0.01,0.016,0.008,0.006,0.006,0.008,0.012,0.01,0.006,0.012,0.008,0.006,0.006,0.02,0.012,0.0,0.012,0.008,0.012,0.012,0.008,0.014,0.01,0.012,0.01,0.012,0.002,0.0,0.0,0.01,0.0,0.012,0.014,0.004,0.008,0.008,0.006,0.0,0.008,0.016,0.002,0.008,0.01,0.01,0.004,0.018,0.004,0.008,0.01,0.008,0.004,0.008,0.016,0.012,0.006,0.014,0.008,0.01,0.01,0.012,0.012,0.018,0.014,0.006,0.008,0.008,0.022,0.022,0.012,0.01,0.016,0.0,0.086,0.014,0.006,0.006,0.012,0.016,0.002,0.0,0.014,0.008
375,0.026,0.016,0.02,0.016,0.014,0.008,0.006,0.004,0.004,0.0,0.018,0.01,0.01,0.01,0.01,0.016,0.008,0.006,0.006,0.008,0.012,0.01,0.006,0.012,0.008,0.006,0.006,0.02,0.012,0.0,0.012,0.008,0.012,0.012,0.008,0.014,0.01,0.012,0.01,0.012,0.002,0.0,0.0,0.01,0.0,0.012,0.014,0.004,0.008,0.008,0.006,0.0,0.008,0.016,0.002,0.008,0.01,0.01,0.004,0.018,0.004,0.008,0.01,0.008,0.004,0.008,0.016,0.012,0.006,0.014,0.008,0.01,0.01,0.012,0.012,0.018,0.014,0.006,0.008,0.008,0.022,0.022,0.012,0.01,0.016,0.0,0.086,0.014,0.006,0.006,0.012,0.016,0.002,0.0,0.014,0.008
376,0.026,0.016,0.02,0.016,0.014,0.008,0.006,0.004,0.004,0.0,0.018,0.01,0.01,0.01,0.01,0.016,0.008,0.006,0.006,0.008,0.012,0.01,0.006,0.012,0.008,0.006,0.006,0.02,0.012,0.0,0.012,0.008,0.012,0.012,0.008,0.014,0.01,0.014,0.01,0.012,0.002,0.0,0.0,0.01,0.0,0.012,0.014,0.004,0.008,0.008,0.006,0.0,0.008,0.016,0.002,0.008,0.01,0.01,0.004,0.018,0.004,0.008,0.01,0.008,0.004,0.006,0.016,0.012,0.006,0.014,0.008,0.01,0.01,0.012,0.012,0.018,0.014,0.006,0.008,0.008,0.022,0.022,0.012,0.01,0.016,0.0,0.086,0.014,0.006,0.006,0.012,0.016,0.002,0.0,0.014,0.008
377,0.026,0.016,0.02,0.016,0.014,0.008,0.006,0.004,0.004,0.0,0.018,0.01,0.01,0.01,0.01,0.016,0.008,0.006,0.006,0.008,0.012,0.01,0.006,0.012,0.008,0.006,0.006,0.02,0.012,0.0,0.012,0.008,0.012,0.012,0.008,0.014,0.01,0.014,0.01,0.012,0.002,0.0,0.0,0.01,0.0,0.012,0.014,0.004,0.008,0.008,0.006,0.0,0.008,0.016,0.002,0.008,0.01,0.01,0.004,0.018,0.004,0.008,0.01,0.008,0.004,0.006,0.016,0.012,0.006,0.014,0.008,0.01,0.01,0.012,0.012,0.018,0.014,0.006,0.008,0.008,0.022,0.022,0.012,0.01,0.016,0.0,0.086,0.014,0.006,0.006,0.012,0.016,0.002,0.0,0.014,0.008
378,0.026,0.016,0.02,0.016,0.014,0.008,0.006,0.004,0.004,0.0,0.018,0.01,0.01,0.01,0.01,0.016,0.008,0.006,0.006,0.008,0.012,0.01,0.006,0.012,0.008,0.006,0.006,0.02,0.012,0.0,0.012,0.008,0.012,0.012,0.008,0.014,0.01,0.014,0.01,0.012,0.002,0.0,0.0,0.01,0.0,0.012,0.014,0.004,0.008,0.008,0.006,0.0,0.008,0.016,0.002,0.008,0.01,0.01,0.004,0.018,0.004,0.008,0.01,0.008,0.004,0.006,0.016,0.012,0.006,0.014,0.008,0.01,0.01,0.012,0.012,0.018,0.014,0.006,0.008,0.008,0.022,0.022,0.012,0.01,0.016,0.0,0.086,0.014,0.006,0.006,0.012,0.016,0.002,0.0,0.014,0.008
379,0.026,0.016,0.02,0.016,0.014,0.008,0.006,0.004,0.004,0.0,0.018,0.01,0.01,0.01,0.01,0.016,0.008,0.006,0.006,0.008,0.012,0.01,0.006,0.012,0.008,0.006,0.006,0.02,0.012,0.0,0.012,0.008,0.012,0.012,0.008,0.014,0.01,0.014,0.01,0.012,0.002,0.0,0.0,0.01,0.0,0.012,0.014,0.004,0.008,0.008,0.006,0.0,0.008,0.016,0.002,0.008,0.01,0.01,0.004,0.018,0.004,0.008,0.01,0.008,0.004,0.006,0.016,0.012,0.006,0.014,0.008,0.01,0.01,0.012,0.012,0.018,0.014,0.006,0.008,0.008,0.022,0.022,0.012,0.01,0.016,0.0,0.086,0.014,0.006,0.006,0.012,0.016,0.002,0.0,0.014,0.008
380,0.026,0.016,0.02,0.016,0.014,0.008,0.006,0.004,0.004,0.0,0.018,0.01,0.01,0.01,0.01,0.016,0.008,0.006,0.006,0.008,0.012,0.01,0.006,0.012,0.008,0.006,0.006,0.02,0.012,0.0,0.012,0.008,0.012,0.01,0.008,0.014,0.01,0.014,0.01,0.012,0.002,0.0,0.0,0.01,0.0,0.012,0.014,0.004,0.008,0.008,0.006,0.0,0.008,0.016,0.002,0.008,0.01,0.01,0.004,0.018,0.004,0.008,0.01,0.008,0.004,0.006,0.016,0.012,0.006,0.014,0.008,0.01,0.01,0.012,0.012,0.018,0.014,0.006,0.008,0.01,0.022,0.022,0.012,0.01,0.016,0.0,0.086,0.014,0.006,0.006,0.012,0.016,0.002,0.0,0.014,0.008
381,0.026,0.016,0.02,0.016,0.014,0.008,0.006,0.004,0.004,0.0,0.018,0.01,0.01,0.01,0.01,0.016,0.008,0.006,0.006,0.008,0.012,0.01,0.006,0.012,0.008,0.006,0.006,0.02,0.012,0.0,0.01,0.008,0.012,0.01,0.008,0.014,0.01,0.014,0.01,0.012,0.002,0.0,0.0,0.01,0.0,0.012,0.014,0.004,0.008,0.008,0.006,0.0,0.008,0.016,0.002,0.008,0.01,0.01,0.004,0.018,0.004,0.008,0.01,0.008,0.004,0.006,0.016,0.012,0.006,0.014,0.008,0.01,0.01,0.012,0.012,0.018,0.014,0.006,0.008,0.01,0.024,0.022,0.012,0.01,0.016,0.0,0.086,0.014,0.006,0.006,0.012,0.016,0.002,0.0,0.014,0.008
382,0.026,0.016,0.02,0.016,0.014,0.008,0.006,0.004,0.004,0.0,0.018,0.01,0.01,0.01,0.01,0.016,0.008,0.006,0.006,0.008,0.012,0.01,0.006,0.012,0.008,0.006,0.006,0.02,0.012,0.0,0.01,0.008,0.012,0.01,0.008,0.014,0.01,0.014,0.01,0.012,0.002,0.0,0.0,0.01,0.0,0.012,0.014,0.004,0.008,0.008,0.006,0.0,0.008,0.016,0.002,0.008,0.01,0.01,0.004,0.018,0.004,0.008,0.01,0.008,0.004,0.006,0.016,0.012,0.006,0.014,0.008,0.01,0.01,0.012,0.012,0.018,0.014,0.006,0.008,0.01,0.024,0.022,0.012,0.01,0.016,0.0,0.086,0.014,0.006,0.006,0.012,0.016,0.002,0.0,0.014,0.008
383,0.026,0.016,0.02,0.016,0.014,0.008,0.006,0.004,0.004,0.0,0.018,0.01,0.01,0.01,0.01,0.016,0.008,0.006,0.006,0.008,0.012,0.01,0.006,0.012,0.008,0.006,0.006,0.02,0.012,0.0,0.01,0.008,0.012,0.01,0.008,0.014,0.01,0.014,0.01,0.012,0.002,0.0,0.0,0.01,0.0,0.012,0.014,0.004,0.008,0.008,0.006,0.0,0.008,0.016,0.002,0.008,0.01,0.01,0.004,0.018,0.004,0.008,0.01,0.008,0.004,0.006,0.016,0.012,0.006,0.014,0.008,0.01,0.01,0.012,0.012,0.018,0.014,0.006,0.008,0.01,0.024,0.022,0.012,0.01,0.016,0.0,0.086,0.014,0.006,0.006,0.012,0.016,0.002,0.0,0.014,0.008
384,0.026,0.016,0.02,0.016,0.014,0.008,0.006,0.004,0.004,0.0,0.018,0.01,0.01,0.01,0.01,0.016,0.008,0.006,0.006,0.008,0.012,0.01,0.006,0.012,0.008,0.006,0.006,0.02,0.012,0.0,0.01,0.008,0.012,0.01,0.008,0.014,0.01,0.014,0.01,0.012,0.002,0.0,0.0,0.01,0.0,0.012,0.014,0.004,0.008,0.008,0.006,0.0,0.008,0.016,0.002,0.008,0.01,0.01,0.004,0.018,0.004,0.008,0.01,0.008,0.004,0.006,0.016,0.012,0.006,0.014,0.008,0.01,0.01,0.012,0.012,0.018,0.014,0.006,0.008,0.01,0.024,0.022,0.012,0.01,0.016,0.0,0.086,0.014,0.006,0.006,0.012,0.016,0.002,0.0,0.014,0.008
385,0.026,0.016,0.02,0.016,0.014,0.008,0.006,0.004,0.004,0.0,0.018,0.01,0.01,0.01,0.01,0.016,0.008,0.006,0.006,0.008,0.012,0.01,0.006,0.012,0.008,0.006,0.006,0.02,0.012,0.0,0.01,0.008,0.012,0.01,0.008,0.014,0.01,0.014,0.01,0.012,0.002,0.0,0.0,0.01,0.0,0.012,0.014,0.004,0.008,0.008,0.006,0.0,0.008,0.016,0.002,0.008,0.01,0.01,0.004,0.018,0.004,0.008,0.01,0.008,0.004,0.006,0.016,0.012,0.006,0.014,0.008,0.01,0.01,0.012,0.012,0.018,0.014,0.006,0.008,0.01,0.024,0.022,0.012,0.01,0.016,0.0,0.086,0.014,0.006,0.006,0.012,0.016,0.002,0.0,0.014,0.008
386,0.026,0.016,0.02,0.016,0.014,0.008,0.006,0.004,0.004,0.0,0.018,0.01,0.01,0.01,0.01,0.016,0.008,0.006,0.006,0.008,0.012,0.01,0.006,0.012,0.008,0.006,0.006,0.02,0.012,0.0,0.01,0.008,0.012,0.01,0.008,0.014,0.01,0.014,0.01,0.012,0.002,0.0,0.0,0.01,0.0,0.012,0.014,0.004,0.008,0.008,0.006,0.0,0.008,0.016,0.002,0.008,0.01,0.01,0.004,0.018,0.004,0.008,0.01,0.008,0.004,0.006,0.016,0.012,0.006,0.014,0.008,0.01,0.01,0.012,0.012,0.018,0.014,0.006,0.01,0.01,0.024,0.022,0.012,0.008,0.016,0.0,0.086,0.014,0.006,0.006,0.012,0.016,0.002,0.0,0.014,0.008
387,0.026,0.016,0.02,0.016,0.014,0.008,0.006,0.004,0.004,0.0,0.018,0.01,0.01,0.01,0.01,0.016,0.008,0.006,0.006,0.008,0.012,0.01,0.006,0.012,0.008,0.006,0.006,0.02,0.012,0.0,0.01,0.008,0.012,0.01,0.008,0.014,0.01,0.014,0.01,0.012,0.002,0.0,0.0,0.01,0.0,0.012,0.014,0.004,0.008,0.008,0.006,0.0,0.008,0.016,0.002,0.008,0.01,0.01,0.004,0.018,0.004,0.008,0.01,0.008,0.004,0.006,0.016,0.014,0.006,0.014,0.008,0.01,0.01,0.012,0.012,0.016,0.014,0.006,0.01,0.01,0.024,0.022,0.012,0.008,0.016,0.0,0.086,0.014,0.006,0.006,0.012,0.016,0.002,0.0,0.014,0.008
388,0.026,0.016,0.02,0.016,0.014,0.008,0.006,0.004,0.004,0.0,0.018,0.01,0.01,0.01,0.01,0.016,0.008,0.006,0.006,0.008,0.012,0.01,0.006,0.012,0.008,0.006,0.006,0.02,0.012,0.0,0.01,0.008,0.012,0.01,0.008,0.014,0.01,0.014,0.01,0.012,0.002,0.0,0.0,0.01,0.0,0.012,0.014,0.004,0.008,0.008,0.006,0.0,0.008,0.016,0.002,0.008,0.01,0.01,0.004,0.018,0.004,0.008,0.01,0.008,0.004,0.006,0.016,0.014,0.006,0.014,0.008,0.01,0.01,0.012,0.012,0.016,0.014,0.006,0.01,0.01,0.024,0.022,0.012,0.008,0.016,0.0,0.086,0.014,0.006,0.006,0.012,0.016,0.002,0.0,0.014,0.008
389,0.026,0.016,0.02,0.016,0.014,0.008,0.006,0.004,0.004,0.0,0.018,0.01,0.01,0.01,0.01,0.016,0.008,0.006,0.006,0.008,0.012,0.01,0.006,0.012,0.008,0.006,0.006,0.02,0.012,0.0,0.008,0.008,0.012,0.01,0.008,0.014,0.01,0.014,0.01,0.012,0.002,0.0,0.0,0.01,0.0,0.012,0.014,0.004,0.008,0.008,0.006,0.0,0.008,0.016,0.002,0.008,0.01,0.01,0.004,0.018,0.004,0.008,0.01,0.008,0.004,0.006,0.016,0.014,0.006,0.014,0.008,0.01,0.01,0.012,0.012,0.016,0.016,0.006,0.01,0.01,0.024,0.022,0.012,0.008,0.016,0.0,0.086,0.014,0.006,0.006,0.012,0.016,0.002,0.0,0.014,0.008
390,0.026,0.016,0.02,0.016,0.016,0.008,0.006,0.004,0.004,0.0,0.018,0.01,0.01,0.01,0.01,0.016,0.008,0.006,0.006,0.008,0.012,0.01,0.006,0.012,0.008,0.006,0.006,0.02,0.012,0.0,0.008,0.008,0.012,0.01,0.008,0.014,0.01,0.014,0.01,0.012,0.002,0.0,0.0,0.01,0.0,0.012,0.014,0.004,0.008,0.008,0.006,0.0,0.008,0.016,0.002,0.008,0.01,0.01,0.004,0.018,0.004,0.008,0.01,0.008,0.004,0.006,0.016,0.012,0.006,0.014,0.008,0.01,0.01,0.012,0.012,0.016,0.016,0.006,0.01,0.01,0.024,0.022,0.012,0.008,0.016,0.0,0.086,0.014,0.006,0.006,0.012,0.016,0.002,0.0,0.014,0.008
391,0.026,0.016,0.02,0.016,0.016,0.008,0.006,0.004,0.004,0.0,0.018,0.01,0.01,0.01,0.01,0.016,0.008,0.006,0.006,0.008,0.012,0.01,0.006,0.012,0.008,0.006,0.006,0.02,0.012,0.0,0.008,0.008,0.012,0.01,0.008,0.014,0.01,0.014,0.01,0.012,0.002,0.0,0.0,0.01,0.0,0.012,0.014,0.004,0.008,0.008,0.006,0.0,0.008,0.016,0.002,0.008,0.01,0.01,0.004,0.018,0.004,0.008,0.01,0.008,0.004,0.006,0.016,0.012,0.006,0.014,0.008,0.01,0.01,0.012,0.012,0.016,0.016,0.006,0.01,0.01,0.024,0.022,0.012,0.008,0.016,0.0,0.086,0.014,0.006,0.006,0.012,0.016,0.002,0.0,0.014,0.008
392,0.026,0.016,0.02,0.016,0.016,0.008,0.006,0.004,0.004,0.0,0.018,0.01,0.01,0.01,0.008,0.016,0.008,0.006,0.006,0.008,0.012,0.01,0.006,0.012,0.008,0.006,0.006,0.02,0.012,0.0,0.008,0.008,0.012,0.01,0.008,0.014,0.01,0.014,0.01,0.012,0.002,0.0,0.0,0.01,0.0,0.012,0.014,0.004,0.008,0.008,0.006,0.0,0.008,0.016,0.002,0.008,0.01,0.01,0.004,0.018,0.004,0.008,0.01,0.008,0.004,0.006,0.016,0.014,0.006,0.014,0.008,0.01,0.01,0.012,0.012,0.016,0.016,0.006,0.01,0.01,0.024,0.022,0.012,0.008,0.016,0.0,0.086,0.014,0.006,0.006,0.012,0.016,0.002,0.0,0.014,0.008
393,0.026,0.016,0.02,0.016,0.016,0.008,0.006,0.004,0.004,0.0,0.018,0.01,0.01,0.01,0.008,0.016,0.008,0.006,0.006,0.008,0.012,0.01,0.006,0.012,0.008,0.006,0.006,0.02,0.012,0.0,0.008,0.008,0.012,0.01,0.008,0.014,0.01,0.014,0.01,0.012,0.002,0.0,0.0,0.01,0.0,0.012,0.014,0.004,0.008,0.008,0.006,0.0,0.008,0.016,0.002,0.008,0.01,0.01,0.004,0.018,0.004,0.008,0.01,0.008,0.004,0.006,0.016,0.014,0.006,0.014,0.008,0.01,0.01,0.012,0.012,0.016,0.016,0.006,0.01,0.01,0.024,0.022,0.012,0.008,0.016,0.0,0.086,0.014,0.006,0.006,0.012,0.016,0.002,0.0,0.014,0.008
394,0.026,0.016,0.02,0.016,0.016,0.008,0.006,0.004,0.004,0.0,0.018,0.01,0.01,0.01,0.008,0.016,0.008,0.006,0.006,0.008,0.012,0.01,0.006,0.012,0.008,0.006,0.006,0.02,0.012,0.0,0.008,0.008,0.012,0.01,0.008,0.014,0.01,0.014,0.01,0.012,0.002,0.0,0.0,0.01,0.0,0.012,0.014,0.004,0.008,0.008,0.006,0.0,0.008,0.016,0.002,0.008,0.01,0.01,0.004,0.018,0.004,0.008,0.01,0.006,0.004,0.006,0.016,0.014,0.006,0.016,0.008,0.01,0.01,0.012,0.012,0.016,0.016,0.006,0.01,0.01,0.024,0.022,0.012,0.008,0.016,0.0,0.086,0.014,0.006,0.006,0.012,0.016,0.002,0.0,0.014,0.008
395,0.026,0.016,0.02,0.016,0.016,0.008,0.006,0.004,0.004,0.0,0.018,0.01,0.01,0.01,0.008,0.016,0.008,0.006,0.006,0.008,0.012,0.01,0.006,0.012,0.008,0.006,0.006,0.02,0.012,0.0,0.008,0.008,0.012,0.01,0.008,0.014,0.01,0.014,0.01,0.012,0.002,0.0,0.0,0.01,0.0,0.012,0.014,0.004,0.008,0.008,0.006,0.0,0.008,0.016,0.002,0.008,0.01,0.01,0.004,0.018,0.004,0.008,0.01,0.006,0.004,0.006,0.016,0.014,0.006,0.016,0.008,0.01,0.01,0.012,0.012,0.016,0.016,0.006,0.01,0.01,0.024,0.022,0.012,0.008,0.016,0.0,0.086,0.014,0.006,0.006,0.012,0.016,0.002,0.0,0.014,0.008
396,0.026,0.016,0.02,0.016,0.016,0.008,0.006,0.004,0.004,0.0,0.018,0.01,0.01,0.01,0.008,0.016,0.008,0.006,0.006,0.008,0.012,0.01,0.006,0.012,0.008,0.006,0.006,0.02,0.012,0.0,0.008,0.008,0.012,0.01,0.008,0.014,0.01,0.014,0.01,0.012,0.002,0.0,0.0,0.01,0.0,0.012,0.014,0.004,0.008,0.008,0.006,0.0,0.008,0.016,0.002,0.008,0.01,0.01,0.004,0.018,0.004,0.008,0.01,0.006,0.004,0.006,0.016,0.014,0.006,0.016,0.008,0.01,0.01,0.012,0.012,0.016,0.016,0.006,0.01,0.01,0.024,0.022,0.012,0.008,0.016,0.0,0.086,0.014,0.006,0.006,0.012,0.016,0.002,0.0,0.014,0.008
397,0.026,0.016,0.02,0.016,0.016,0.008,0.006,0.004,0.004,0.0,0.018,0.01,0.01,0.01,0.008,0.016,0.008,0.006,0.006,0.008,0.012,0.01,0.006,0.012,0.008,0.006,0.006,0.02,0.012,0.0,0.008,0.008,0.012,0.01,0.008,0.014,0.01,0.014,0.01,0.012,0.002,0.0,0.0,0.01,0.0,0.012,0.014,0.004,0.008,0.008,0.006,0.0,0.008,0.016,0.002,0.008,0.01,0.01,0.004,0.018,0.004,0.008,0.01,0.006,0.004,0.006,0.016,0.014,0.006,0.016,0.008,0.01,0.01,0.012,0.012,0.016,0.016,0.006,0.01,0.01,0.024,0.022,0.012,0.008,0.016,0.0,0.086,0.014,0.006,0.006,0.012,0.016,0.002,0.0,0.014,0.008
398,0.026,0.016,0.02,0.016,0.016,0.008,0.006,0.004,0.004,0.0,0.018,0.01,0.01,0.01,0.008,0.016,0.008,0.006,0.006,0.008,0.012,0.01,0.006,0.012,0.008,0.006,0.006,0.02,0.012,0.0,0.008,0.008,0.012,0.01,0.008,0.014,0.01,0.014,0.01,0.012,0.002,0.0,0.0,0.01,0.0,0.012,0.014,0.004,0.008,0.008,0.006,0.0,0.008,0.016,0.002,0.008,0.01,0.01,0.004,0.018,0.004,0.008,0.01,0.006,0.004,0.006,0.016,0.014,0.006,0.016,0.008,0.01,0.01,0.012,0.012,0.016,0.016,0.006,0.01,0.01,0.024,0.022,0.012,0.008,0.016,0.0,0.086,0.014,0.006,0.006,0.012,0.016,0.002,0.0,0.014,0.008
399,0.026,0.016,0.022,0.016,0.016,0.008,0.006,0.004,0.004,0.0,0.018,0.01,0.01,0.01,0.008,0.016,0.008,0.006,0.006,0.008,0.012,0.01,0.006,0.012,0.008,0.006,0.006,0.02,0.012,0.0,0.008,0.008,0.012,0.01,0.008,0.012,0.01,0.014,0.01,0.012,0.002,0.0,0.0,0.01,0.0,0.012,0.014,0.004,0.008,0.008,0.006,0.0,0.008,0.016,0.002,0.008,0.01,0.01,0.004,0.018,0.004,0.008,0.01,0.006,0.004,0.006,0.016,0.014,0.006,0.016,0.008,0.01,0.01,0.012,0.012,0.016,0.016,0.006,0.01,0.01,0.024,0.022,0.012,0.008,0.016,0.0,0.086,0.014,0.006,0.006,0.012,0.016,0.002,0.0,0.014,0.008
400,0.026,0.016,0.022,0.016,0.016,0.008,0.006,0.004,0.004,0.0,0.018,0.01,0.01,0.01,0.008,0.016,0.008,0.006,0.006,0.008,0.012,0.01,0.006,0.012,0.008,0.006,0.006,0.02,0.012,0.0,0.008,0.008,0.012,0.01,0.008,0.012,0.01,0.014,0.01,0.012,0.002,0.0,0.0,0.01,0.0,0.012,0.014,0.004,0.008,0.008,0.006,0.0,0.008,0.016,0.002,0.008,0.01,0.01,0.004,0.018,0.004,0.008,0.01,0.006,0.004,0.006,0.016,0.014,0.006,0.016,0.008,0.01,0.01,0.012,0.012,0.016,0.016,0.006,0.01,0.01,0.024,0.022,0.012,0.008,0.016,0.0,0.086,0.014,0.006,0.006,0.012,0.016,0.002,0.0,0.014,0.008
401,0.026,0.016,0.022,0.016,0.016,0.008,0.006,0.004,0.004,0.0,0.018,0.01,0.01,0.01,0.008,0.016,0.008,0.006,0.006,0.008,0.012,0.01,0.006,0.012,0.008,0.006,0.006,0.02,0.012,0.0,0.008,0.008,0.012,0.01,0.008,0.012,0.01,0.014,0.01,0.012,0.002,0.0,0.0,0.01,0.0,0.012,0.012,0.004,0.008,0.008,0.006,0.0,0.01,0.016,0.002,0.008,0.01,0.01,0.004,0.018,0.004,0.008,0.01,0.006,0.004,0.006,0.016,0.014,0.006,0.016,0.008,0.01,0.01,0.012,0.012,0.016,0.016,0.006,0.01,0.01,0.024,0.022,0.012,0.008,0.016,0.0,0.086,0.014,0.006,0.006,0.012,0.016,0.002,0.0,0.014,0.008
402,0.026,0.016,0.022,0.016,0.016,0.008,0.006,0.004,0.004,0.0,0.018,0.01,0.01,0.01,0.008,0.016,0.008,0.006,0.006,0.008,0.012,0.01,0.006,0.012,0.008,0.006,0.006,0.02,0.012,0.0,0.008,0.008,0.012,0.01,0.008,0.012,0.01,0.014,0.01,0.012,0.002,0.0,0.0,0.01,0.0,0.012,0.012,0.004,0.008,0.008,0.006,0.0,0.01,0.016,0.002,0.008,0.01,0.01,0.004,0.018,0.004,0.008,0.01,0.006,0.004,0.006,0.016,0.014,0.006,0.016,0.008,0.01,0.01,0.012,0.012,0.016,0.016,0.006,0.01,0.01,0.024,0.022,0.014,0.008,0.016,0.0,0.086,0.014,0.006,0.006,0.012,0.016,0.002,0.0,0.012,0.008
403,0.026,0.016,0.022,0.016,0.016,0.008,0.006,0.004,0.004,0.0,0.018,0.012,0.01,0.01,0.008,0.016,0.008,0.006,0.006,0.008,0.012,0.01,0.006,0.01,0.008,0.006,0.006,0.02,0.012,0.0,0.008,0.008,0.012,0.01,0.008,0.012,0.01,0.014,0.01,0.012,0.002,0.0,0.0,0.01,0.0,0.012,0.012,0.004,0.008,0.008,0.006,0.0,0.01,0.016,0.002,0.008,0.01,0.01,0.004,0.018,0.004,0.008,0.01,0.006,0.004,0.006,0.016,0.014,0.006,0.016,0.008,0.01,0.01,0.012,0.012,0.016,0.016,0.006,0.01,0.01,0.024,0.022,0.014,0.008,0.016,0.0,0.086,0.014,0.006,0.006,0.012,0.016,0.002,0.0,0.012,0.008
404,0.026,0.016,0.022,0.016,0.016,0.008,0.006,0.004,0.004,0.0,0.018,0.012,0.01,0.01,0.008,0.016,0.008,0.006,0.006,0.008,0.012,0.01,0.006,0.01,0.008,0.006,0.006,0.02,0.012,0.0,0.008,0.008,0.012,0.01,0.008,0.012,0.01,0.014,0.01,0.012,0.002,0.0,0.0,0.01,0.0,0.012,0.012,0.004,0.008,0.008,0.006,0.0,0.01,0.016,0.002,0.008,0.01,0.01,0.004,0.018,0.004,0.008,0.01,0.006,0.004,0.006,0.016,0.014,0.006,0.016,0.008,0.01,0.01,0.012,0.012,0.016,0.016,0.006,0.01,0.01,0.024,0.022,0.014,0.008,0.016,0.0,0.086,0.014,0.006,0.006,0.012,0.016,0.002,0.0,0.012,0.008
405,0.026,0.016,0.022,0.016,0.016,0.008,0.006,0.004,0.004,0.0,0.018,0.012,0.01,0.01,0.008,0.016,0.008,0.006,0.004,0.008,0.012,0.01,0.006,0.01,0.008,0.006,0.006,0.02,0.012,0.0,0.008,0.008,0.012,0.01,0.008,0.012,0.01,0.016,0.01,0.012,0.002,0.0,0.0,0.01,0.0,0.012,0.012,0.004,0.008,0.008,0.006,0.0,0.01,0.016,0.002,0.008,0.01,0.01,0.004,0.018,0.004,0.008,0.01,0.006,0.004,0.006,0.016,0.014,0.006,0.016,0.008,0.01,0.01,0.012,0.012,0.016,0.016,0.006,0.01,0.01,0.024,0.022,0.014,0.008,0.016,0.0,0.086,0.014,0.006,0.006,0.012,0.016,0.002,0.0,0.012,0.008
406,0.026,0.016,0.02,0.016,0.016,0.008,0.006,0.004,0.004,0.0,0.018,0.012,0.01,0.01,0.008,0.016,0.008,0.006,0.004,0.008,0.012,0.01,0.006,0.01,0.008,0.006,0.006,0.022,0.012,0.0,0.008,0.008,0.012,0.01,0.008,0.012,0.01,0.016,0.01,0.012,0.002,0.0,0.0,0.01,0.0,0.012,0.012,0.004,0.008,0.008,0.006,0.0,0.01,0.016,0.002,0.008,0.01,0.01,0.004,0.018,0.004,0.008,0.01,0.006,0.004,0.006,0.016,0.014,0.006,0.016,0.008,0.01,0.01,0.012,0.012,0.016,0.016,0.006,0.01,0.01,0.024,0.022,0.014,0.008,0.016,0.0,0.086,0.014,0.006,0.006,0.012,0.016,0.002,0.0,0.012,0.008
407,0.026,0.016,0.02,0.016,0.016,0.008,0.006,0.004,0.004,0.0,0.018,0.012,0.01,0.01,0.008,0.016,0.008,0.006,0.004,0.008,0.012,0.01,0.008,0.01,0.008,0.006,0.006,0.022,0.012,0.0,0.008,0.008,0.012,0.01,0.008,0.012,0.01,0.016,0.01,0.012,0.002,0.0,0.0,0.01,0.0,0.012,0.012,0.004,0.008,0.008,0.006,0.0,0.01,0.016,0.002,0.008,0.01,0.01,0.004,0.018,0.004,0.008,0.01,0.006,0.004,0.006,0.016,0.012,0.006,0.016,0.008,0.01,0.01,0.012,0.012,0.016,0.016,0.006,0.01,0.01,0.024,0.022,0.014,0.008,0.016,0.0,0.086,0.014,0.006,0.006,0.012,0.016,0.002,0.0,0.012,0.008
408,0.026,0.016,0.02,0.016,0.016,0.008,0.006,0.004,0.004,0.0,0.018,0.012,0.01,0.01,0.008,0.016,0.008,0.006,0.004,0.008,0.012,0.01,0.008,0.01,0.008,0.006,0.006,0.022,0.012,0.0,0.008,0.008,0.012,0.01,0.008,0.012,0.01,0.016,0.01,0.012,0.002,0.0,0.0,0.01,0.0,0.012,0.012,0.004,0.008,0.008,0.006,0.0,0.01,0.016,0.002,0.008,0.01,0.01,0.004,0.018,0.004,0.008,0.01,0.006,0.004,0.006,0.016,0.012,0.006,0.016,0.008,0.01,0.01,0.012,0.012,0.016,0.016,0.006,0.01,0.01,0.024,0.022,0.014,0.008,0.016,0.0,0.086,0.014,0.006,0.006,0.012,0.016,0.002,0.0,0.012,0.008
409,0.026,0.016,0.02,0.016,0.016,0.008,0.006,0.004,0.004,0.0,0.018,0.012,0.008,0.01,0.008,0.016,0.008,0.006,0.004,0.008,0.012,0.01,0.008,0.01,0.008,0.006,0.006,0.022,0.012,0.0,0.008,0.008,0.012,0.01,0.008,0.014,0.01,0.016,0.01,0.012,0.002,0.0,0.0,0.01,0.0,0.012,0.012,0.004,0.008,0.008,0.006,0.0,0.01,0.016,0.002,0.008,0.01,0.01,0.004,0.018,0.004,0.008,0.01,0.006,0.004,0.006,0.016,0.012,0.006,0.016,0.008,0.01,0.01,0.012,0.012,0.016,0.016,0.006,0.01,0.01,0.024,0.022,0.014,0.008,0.016,0.0,0.086,0.014,0.006,0.006,0.012,0.016,0.002,0.0,0.012,0.008
410,0.024,0.016,0.02,0.016,0.016,0.008,0.006,0.004,0.004,0.0,0.018,0.012,0.008,0.01,0.008,0.016,0.008,0.006,0.004,0.008,0.012,0.01,0.008,0.01,0.01,0.006,0.006,0.022,0.012,0.0,0.008,0.008,0.012,0.01,0.008,0.014,0.01,0.016,0.01,0.012,0.002,0.0,0.0,0.01,0.0,0.012,0.012,0.004,0.008,0.008,0.006,0.0,0.01,0.016,0.002,0.008,0.01,0.01,0.004,0.018,0.004,0.008,0.01,0.006,0.004,0.006,0.016,0.012,0.006,0.016,0.008,0.01,0.01,0.012,0.012,0.016,0.016,0.006,0.01,0.01,0.024,0.022,0.014,0.008,0.016,0.0,0.086,0.014,0.006,0.006,0.012,0.016,0.002,0.0,0.012,0.008
411,0.022,0.016,0.02,0.016,0.016,0.008,0.006,0.004,0.004,0.0,0.018,0.012,0.008,0.01,0.008,0.016,0.008,0.006,0.004,0.008,0.012,0.01,0.008,0.01,0.01,0.006,0.006,0.022,0.014,0.0,0.008,0.008,0.012,0.01,0.008,0.014,0.01,0.016,0.01,0.012,0.002,0.0,0.0,0.01,0.0,0.012,0.012,0.004,0.008,0.008,0.006,0.0,0.01,0.016,0.002,0.008,0.01,0.01,0.004,0.018,0.004,0.008,0.01,0.006,0.004,0.006,0.016,0.012,0.006,0.016,0.008,0.01,0.01,0.012,0.012,0.016,0.016,0.006,0.01,0.01,0.024,0.022,0.014,0.008,0.016,0.0,0.086,0.014,0.006,0.006,0.012,0.016,0.002,0.0,0.012,0.008
412,0.022,0.016,0.02,0.016,0.016,0.008,0.006,0.004,0.004,0.0,0.018,0.012,0.008,0.012,0.008,0.016,0.008,0.006,0.004,0.008,0.012,0.01,0.008,0.01,0.01,0.006,0.006,0.022,0.014,0.0,0.008,0.008,0.012,0.01,0.008,0.014,0.01,0.016,0.01,0.012,0.002,0.0,0.0,0.01,0.0,0.012,0.012,0.004,0.008,0.008,0.006,0.0,0.01,0.016,0.002,0.008,0.01,0.01,0.004,0.018,0.004,0.008,0.01,0.006,0.004,0.006,0.016,0.012,0.006,0.016,0.008,0.008,0.01,0.012,0.012,0.016,0.016,0.006,0.01,0.01,0.024,0.022,0.014,0.008,0.016,0.0,0.086,0.014,0.006,0.006,0.012,0.016,0.002,0.0,0.012,0.008
413,0.022,0.016,0.02,0.016,0.016,0.008,0.006,0.004,0.004,0.0,0.018,0.012,0.008,0.012,0.008,0.016,0.008,0.006,0.004,0.008,0.012,0.01,0.008,0.01,0.01,0.006,0.006,0.022,0.014,0.0,0.008,0.008,0.012,0.01,0.008,0.014,0.01,0.016,0.01,0.012,0.002,0.0,0.0,0.01,0.0,0.012,0.012,0.004,0.008,0.008,0.006,0.0,0.01,0.016,0.002,0.008,0.01,0.01,0.004,0.018,0.004,0.008,0.01,0.006,0.004,0.006,0.016,0.012,0.006,0.016,0.008,0.008,0.01,0.012,0.012,0.016,0.016,0.006,0.01,0.01,0.024,0.022,0.014,0.008,0.016,0.0,0.086,0.014,0.006,0.006,0.012,0.016,0.002,0.0,0.012,0.008
414,0.022,0.016,0.02,0.016,0.016,0.008,0.006,0.004,0.004,0.0,0.018,0.012,0.008,0.012,0.008,0.016,0.008,0.006,0.004,0.008,0.012,0.01,0.008,0.01,0.01,0.006,0.006,0.022,0.014,0.0,0.008,0.008,0.012,0.01,0.008,0.014,0.01,0.016,0.01,0.012,0.002,0.0,0.0,0.01,0.0,0.012,0.012,0.004,0.008,0.008,0.006,0.0,0.01,0.016,0.002,0.008,0.01,0.01,0.004,0.018,0.004,0.008,0.01,0.006,0.004,0.006,0.016,0.012,0.006,0.016,0.008,0.008,0.01,0.012,0.012,0.016,0.016,0.006,0.01,0.01,0.024,0.022,0.014,0.008,0.016,0.0,0.086,0.014,0.006,0.006,0.012,0.016,0.002,0.0,0.012,0.008
415,0.022,0.016,0.02,0.016,0.016,0.008,0.006,0.004,0.004,0.0,0.018,0.012,0.008,0.012,0.008,0.016,0.008,0.006,0.004,0.008,0.012,0.01,0.008,0.01,0.01,0.006,0.006,0.022,0.014,0.0,0.008,0.008,0.012,0.01,0.008,0.014,0.01,0.016,0.01,0.012,0.002,0.0,0.0,0.01,0.0,0.012,0.012,0.004,0.008,0.008,0.006,0.0,0.01,0.016,0.002,0.008,0.01,0.01,0.004,0.018,0.004,0.008,0.01,0.006,0.004,0.006,0.016,0.012,0.006,0.016,0.008,0.008,0.01,0.012,0.012,0.016,0.016,0.006,0.01,0.01,0.024,0.022,0.014,0.008,0.016,0.0,0.086,0.014,0.006,0.006,0.012,0.016,0.002,0.0,0.012,0.008
416,0.022,0.016,0.02,0.016,0.016,0.008,0.006,0.004,0.004,0.0,0.018,0.01,0.008,0.012,0.008,0.016,0.008,0.006,0.004,0.008,0.012,0.01,0.008,0.01,0.01,0.006,0.006,0.022,0.014,0.0,0.008,0.008,0.012,0.01,0.008,0.014,0.01,0.018,0.01,0.012,0.002,0.0,0.0,0.01,0.0,0.012,0.012,0.004,0.008,0.008,0.006,0.0,0.01,0.016,0.002,0.008,0.01,0.01,0.004,0.018,0.004,0.008,0.01,0.006,0.004,0.006,0.016,0.012,0.006,0.016,0.008,0.008,0.01,0.012,0.012,0.016,0.016,0.006,0.01,0.01,0.024,0.022,0.014,0.008,0.016,0.0,0.086,0.014,0.006,0.006,0.012,0.016,0.002,0.0,0.012,0.008
417,0.022,0.016,0.02,0.016,0.016,0.008,0.006,0.004,0.004,0.0,0.018,0.01,0.006,0.012,0.008,0.016,0.008,0.006,0.004,0.008,0.012,0.01,0.008,0.01,0.01,0.006,0.006,0.022,0.014,0.0,0.008,0.008,0.012,0.01,0.008,0.014,0.01,0.018,0.01,0.012,0.002,0.0,0.0,0.01,0.0,0.012,0.012,0.004,0.008,0.008,0.006,0.0,0.01,0.016,0.002,0.008,0.01,0.01,0.004,0.018,0.004,0.008,0.01,0.006,0.004,0.006,0.016,0.012,0.006,0.016,0.008,0.008,0.01,0.012,0.012,0.016,0.018,0.006,0.01,0.01,0.024,0.022,0.014,0.008,0.016,0.0,0.086,0.014,0.006,0.006,0.012,0.016,0.002,0.0,0.012,0.008
418,0.022,0.016,0.02,0.016,0.016,0.008,0.006,0.004,0.004,0.0,0.018,0.01,0.006,0.012,0.008,0.016,0.008,0.006,0.004,0.008,0.012,0.01,0.008,0.01,0.01,0.006,0.006,0.022,0.014,0.0,0.008,0.008,0.012,0.01,0.008,0.014,0.01,0.018,0.01,0.012,0.002,0.0,0.0,0.01,0.0,0.012,0.012,0.004,0.008,0.008,0.006,0.0,0.01,0.016,0.002,0.008,0.01,0.01,0.004,0.018,0.004,0.008,0.01,0.006,0.004,0.006,0.016,0.012,0.006,0.016,0.008,0.008,0.01,0.012,0.012,0.016,0.018,0.006,0.01,0.01,0.024,0.022,0.014,0.008,0.016,0.0,0.086,0.014,0.006,0.006,0.012,0.016,0.002,0.0,0.012,0.008
419,0.022,0.016,0.02,0.016,0.016,0.008,0.006,0.004,0.004,0.0,0.018,0.01,0.006,0.012,0.008,0.016,0.008,0.006,0.004,0.008,0.012,0.01,0.008,0.01,0.01,0.006,0.006,0.022,0.014,0.0,0.008,0.008,0.01,0.01,0.008,0.014,0.01,0.018,0.01,0.012,0.002,0.0,0.0,0.01,0.0,0.012,0.014,0.004,0.008,0.008,0.006,0.0,0.01,0.016,0.002,0.008,0.01,0.01,0.004,0.018,0.004,0.008,0.01,0.006,0.004,0.006,0.016,0.012,0.006,0.016,0.008,0.008,0.01,0.012,0.012,0.016,0.018,0.006,0.01,0.01,0.024,0.022,0.014,0.008,0.016,0.0,0.086,0.014,0.006,0.006,0.012,0.016,0.002,0.0,0.012,0.008
420,0.022,0.016,0.02,0.016,0.016,0.008,0.006,0.004,0.004,0.0,0.018,0.01,0.006,0.012,0.008,0.016,0.008,0.006,0.004,0.008,0.012,0.01,0.008,0.01,0.008,0.006,0.006,0.022,0.016,0.0,0.008,0.008,0.01,0.01,0.008,0.014,0.01,0.018,0.01,0.012,0.002,0.0,0.0,0.01,0.0,0.012,0.014,0.004,0.008,0.008,0.006,0.0,0.01,0.016,0.002,0.008,0.01,0.01,0.004,0.018,0.004,0.008,0.01,0.006,0.004,0.006,0.016,0.012,0.006,0.016,0.008,0.008,0.01,0.012,0.012,0.016,0.018,0.006,0.01,0.01,0.024,0.022,0.014,0.008,0.016,0.0,0.086,0.014,0.006,0.006,0.012,0.016,0.002,0.0,0.012,0.008
421,0.022,0.016,0.02,0.016,0.014,0.008,0.006,0.004,0.004,0.0,0.018,0.01,0.006,0.012,0.008,0.016,0.008,0.006,0.004,0.008,0.012,0.01,0.008,0.01,0.008,0.006,0.006,0.022,0.016,0.0,0.008,0.008,0.01,0.01,0.008,0.014,0.01,0.018,0.01,0.012,0.002,0.0,0.0,0.01,0.0,0.012,0.014,0.004,0.008,0.008,0.006,0.0,0.01,0.016,0.002,0.008,0.01,0.01,0.004,0.018,0.004,0.008,0.01,0.006,0.004,0.006,0.016,0.012,0.006,0.016,0.008,0.008,0.01,0.012,0.012,0.016,0.018,0.006,0.01,0.01,0.026,0.022,0.014,0.008,0.016,0.0,0.086,0.014,0.006,0.006,0.012,0.016,0.002,0.0,0.012,0.008
422,0.022,0.016,0.02,0.016,0.014,0.008,0.006,0.004,0.004,0.0,0.018,0.01,0.006,0.012,0.008,0.016,0.008,0.006,0.004,0.008,0.012,0.01,0.008,0.01,0.008,0.006,0.006,0.024,0.016,0.0,0.008,0.008,0.01,0.01,0.008,0.014,0.01,0.018,0.01,0.012,0.002,0.0,0.0,0.01,0.0,0.012,0.014,0.004,0.008,0.008,0.006,0.0,0.01,0.016,0.002,0.008,0.01,0.01,0.004,0.018,0.004,0.008,0.01,0.006,0.004,0.006,0.016,0.012,0.006,0.016,0.008,0.008,0.01,0.012,0.012,0.016,0.018,0.006,0.01,0.01,0.026,0.022,0.014,0.008,0.016,0.0,0.086,0.014,0.006,0.006,0.012,0.014,0.002,0.0,0.012,0.008
423,0.022,0.016,0.02,0.016,0.014,0.008,0.006,0.004,0.004,0.0,0.018,0.01,0.006,0.012,0.008,0.016,0.008,0.006,0.004,0.008,0.012,0.01,0.008,0.01,0.008,0.006,0.006,0.024,0.016,0.0,0.008,0.008,0.01,0.01,0.008,0.014,0.01,0.018,0.01,0.012,0.002,0.0,0.0,0.01,0.0,0.012,0.014,0.004,0.008,0.008,0.006,0.0,0.01,0.016,0.002,0.008,0.01,0.01,0.004,0.018,0.004,0.008,0.01,0.006,0.004,0.006,0.016,0.012,0.006,0.016,0.008,0.008,0.01,0.012,0.012,0.016,0.018,0.006,0.01,0.01,0.026,0.022,0.014,0.008,0.016,0.0,0.086,0.014,0.006,0.006,0.012,0.014,0.002,0.0,0.012,0.008
424,0.022,0.016,0.02,0.016,0.014,0.008,0.006,0.004,0.004,0.0,0.018,0.01,0.006,0.012,0.008,0.016,0.008,0.006,0.004,0.008,0.012,0.01,0.008,0.01,0.008,0.006,0.006,0.024,0.016,0.0,0.008,0.008,0.01,0.01,0.008,0.014,0.01,0.018,0.01,0.012,0.002,0.0,0.0,0.01,0.0,0.012,0.014,0.004,0.008,0.008,0.006,0.0,0.01,0.016,0.002,0.008,0.01,0.01,0.004,0.018,0.004,0.008,0.01,0.006,0.004,0.006,0.016,0.012,0.006,0.016,0.008,0.008,0.01,0.012,0.012,0.016,0.018,0.006,0.01,0.01,0.026,0.022,0.014,0.008,0.016,0.0,0.086,0.014,0.006,0.006,0.012,0.014,0.002,0.0,0.012,0.008
425,0.022,0.016,0.02,0.016,0.014,0.008,0.006,0.004,0.004,0.0,0.018,0.01,0.006,0.012,0.008,0.016,0.008,0.006,0.004,0.008,0.012,0.01,0.008,0.01,0.008,0.006,0.006,0.024,0.016,0.0,0.008,0.008,0.01,0.01,0.008,0.014,0.01,0.02,0.01,0.012,0.002,0.0,0.0,0.01,0.0,0.012,0.014,0.004,0.008,0.008,0.006,0.0,0.01,0.016,0.002,0.008,0.01,0.01,0.004,0.018,0.004,0.008,0.01,0.006,0.004,0.006,0.016,0.012,0.006,0.016,0.006,0.008,0.01,0.012,0.012,0.016,0.018,0.006,0.01,0.01,0.026,0.022,0.014,0.008,0.016,0.0,0.086,0.014,0.006,0.006,0.012,0.014,0.002,0.0,0.012,0.008
426,0.022,0.016,0.02,0.016,0.014,0.008,0.006,0.004,0.004,0.0,0.018,0.01,0.006,0.012,0.008,0.016,0.008,0.004,0.004,0.008,0.012,0.01,0.008,0.01,0.008,0.006,0.006,0.024,0.016,0.0,0.008,0.008,0.01,0.01,0.008,0.014,0.01,0.02,0.01,0.012,0.002,0.0,0.0,0.01,0.0,0.012,0.014,0.004,0.01,0.008,0.006,0.0,0.01,0.016,0.002,0.008,0.01,0.01,0.004,0.018,0.004,0.008,0.01,0.006,0.004,0.006,0.016,0.012,0.006,0.016,0.006,0.008,0.01,0.012,0.012,0.016,0.018,0.006,0.01,0.01,0.026,0.022,0.014,0.008,0.016,0.0,0.086,0.014,0.006,0.006,0.012,0.014,0.002,0.0,0.012,0.008
427,0.022,0.016,0.02,0.016,0.014,0.008,0.006,0.004,0.004,0.0,0.018,0.01,0.006,0.012,0.008,0.016,0.008,0.004,0.004,0.008,0.012,0.01,0.008,0.01,0.008,0.006,0.006,0.024,0.016,0.0,0.008,0.008,0.01,0.01,0.008,0.014,0.01,0.02,0.01,0.012,0.002,0.0,0.0,0.01,0.0,0.012,0.014,0.004,0.01,0.008,0.006,0.0,0.01,0.016,0.002,0.008,0.01,0.01,0.004,0.018,0.004,0.008,0.01,0.006,0.004,0.006,0.016,0.012,0.006,0.016,0.006,0.008,0.01,0.012,0.012,0.016,0.018,0.006,0.01,0.01,0.026,0.022,0.014,0.008,0.016,0.0,0.086,0.014,0.006,0.006,0.012,0.014,0.002,0.0,0.012,0.008
428,0.022,0.016,0.02,0.016,0.014,0.008,0.006,0.004,0.004,0.0,0.018,0.01,0.006,0.012,0.008,0.016,0.008,0.004,0.004,0.008,0.012,0.01,0.008,0.01,0.008,0.006,0.006,0.024,0.016,0.0,0.008,0.008,0.01,0.01,0.008,0.014,0.01,0.02,0.01,0.012,0.002,0.0,0.0,0.01,0.0,0.012,0.014,0.004,0.01,0.008,0.006,0.0,0.01,0.016,0.002,0.008,0.01,0.01,0.004,0.018,0.004,0.008,0.01,0.006,0.004,0.006,0.016,0.012,0.006,0.016,0.006,0.008,0.01,0.014,0.012,0.016,0.018,0.006,0.01,0.01,0.026,0.022,0.014,0.008,0.016,0.0,0.086,0.014,0.006,0.006,0.012,0.014,0.0,0.0,0.012,0.008
429,0.022,0.016,0.02,0.016,0.014,0.008,0.006,0.004,0.004,0.0,0.018,0.01,0.006,0.012,0.008,0.018,0.008,0.004,0.004,0.008,0.012,0.01,0.008,0.01,0.008,0.006,0.006,0.024,0.016,0.0,0.008,0.008,0.01,0.01,0.008,0.014,0.01,0.02,0.01,0.012,0.002,0.0,0.0,0.01,0.0,0.012,0.014,0.004,0.01,0.008,0.006,0.0,0.01,0.016,0.002,0.008,0.01,0.01,0.004,0.018,0.004,0.008,0.01,0.006,0.004,0.006,0.016,0.012,0.006,0.016,0.006,0.008,0.01,0.014,0.01,0.016,0.018,0.006,0.01,0.01,0.026,0.022,0.014,0.008,0.016,0.0,0.086,0.014,0.006,0.006,0.012,0.014,0.0,0.0,0.012,0.008
430,0.022,0.016,0.02,0.016,0.014,0.008,0.006,0.004,0.004,0.0,0.018,0.01,0.006,0.012,0.008,0.018,0.008,0.004,0.004,0.008,0.012,0.01,0.008,0.01,0.008,0.006,0.006,0.024,0.016,0.0,0.008,0.008,0.01,0.01,0.008,0.014,0.01,0.02,0.01,0.012,0.002,0.0,0.0,0.01,0.0,0.012,0.014,0.004,0.01,0.008,0.006,0.0,0.01,0.016,0.002,0.008,0.01,0.01,0.004,0.018,0.004,0.008,0.01,0.006,0.004,0.006,0.016,0.012,0.006,0.016,0.006,0.008,0.01,0.014,0.01,0.016,0.018,0.006,0.01,0.01,0.026,0.022,0.014,0.008,0.016,0.0,0.086,0.014,0.006,0.006,0.012,0.014,0.0,0.0,0.012,0.008
431,0.022,0.016,0.02,0.016,0.014,0.008,0.006,0.004,0.004,0.0,0.018,0.01,0.006,0.012,0.008,0.018,0.008,0.004,0.004,0.008,0.012,0.01,0.008,0.01,0.008,0.006,0.006,0.024,0.016,0.0,0.008,0.008,0.01,0.01,0.008,0.014,0.01,0.02,0.01,0.012,0.002,0.0,0.0,0.01,0.0,0.012,0.014,0.006,0.01,0.008,0.006,0.0,0.01,0.016,0.002,0.008,0.01,0.01,0.004,0.018,0.004,0.008,0.01,0.006,0.004,0.006,0.016,0.012,0.006,0.016,0.006,0.008,0.01,0.014,0.008,0.016,0.018,0.006,0.01,0.01,0.026,0.022,0.014,0.008,0.016,0.0,0.086,0.014,0.006,0.006,0.012,0.014,0.0,0.0,0.012,0.008
432,0.022,0.016,0.02,0.016,0.016,0.008,0.006,0.004,0.004,0.0,0.018,0.01,0.006,0.012,0.008,0.018,0.008,0.004,0.004,0.008,0.012,0.01,0.008,0.01,0.008,0.006,0.006,0.024,0.016,0.0,0.008,0.008,0.01,0.01,0.008,0.014,0.01,0.02,0.01,0.012,0.002,0.0,0.0,0.01,0.0,0.012,0.014,0.006,0.01,0.008,0.006,0.0,0.01,0.016,0.002,0.008,0.01,0.01,0.004,0.018,0.004,0.008,0.01,0.006,0.004,0.006,0.014,0.012,0.006,0.016,0.006,0.008,0.01,0.014,0.008,0.016,0.018,0.006,0.01,0.01,0.026,0.022,0.014,0.008,0.016,0.0,0.086,0.014,0.006,0.006,0.012,0.014,0.0,0.0,0.012,0.008
433,0.022,0.016,0.02,0.016,0.016,0.008,0.006,0.004,0.004,0.0,0.018,0.01,0.006,0.012,0.008,0.018,0.008,0.004,0.004,0.008,0.012,0.01,0.008,0.01,0.008,0.006,0.006,0.024,0.016,0.0,0.008,0.008,0.01,0.01,0.008,0.014,0.01,0.018,0.01,0.012,0.002,0.0,0.0,0.01,0.0,0.012,0.014,0.006,0.01,0.008,0.006,0.0,0.01,0.016,0.002,0.008,0.01,0.01,0.004,0.018,0.004,0.008,0.01,0.006,0.004,0.006,0.014,0.012,0.006,0.016,0.006,0.008,0.01,0.014,0.008,0.016,0.018,0.006,0.01,0.01,0.026,0.022,0.014,0.008,0.016,0.0,0.086,0.014,0.008,0.006,0.012,0.014,0.0,0.0,0.012,0.008
434,0.022,0.016,0.02,0.016,0.016,0.008,0.006,0.004,0.004,0.0,0.018,0.01,0.006,0.012,0.008,0.018,0.008,0.004,0.004,0.008,0.012,0.01,0.008,0.01,0.008,0.006,0.006,0.024,0.016,0.0,0.008,0.008,0.01,0.01,0.008,0.014,0.01,0.018,0.01,0.012,0.002,0.0,0.0,0.01,0.0,0.012,0.014,0.006,0.01,0.008,0.006,0.0,0.01,0.016,0.002,0.008,0.01,0.01,0.004,0.018,0.004,0.008,0.01,0.006,0.004,0.006,0.014,0.012,0.006,0.016,0.006,0.008,0.01,0.014,0.008,0.016,0.018,0.006,0.01,0.01,0.026,0.022,0.014,0.008,0.016,0.0,0.086,0.014,0.008,0.006,0.012,0.014,0.0,0.0,0.012,0.008
435,0.022,0.016,0.02,0.016,0.016,0.008,0.006,0.004,0.004,0.0,0.018,0.01,0.006,0.012,0.008,0.018,0.008,0.004,0.004,0.008,0.012,0.01,0.008,0.01,0.008,0.006,0.006,0.024,0.016,0.0,0.008,0.008,0.01,0.01,0.008,0.014,0.01,0.018,0.01,0.012,0.002,0.0,0.0,0.01,0.0,0.012,0.014,0.006,0.01,0.008,0.006,0.0,0.01,0.016,0.002,0.008,0.01,0.01,0.004,0.018,0.004,0.008,0.01,0.006,0.004,0.006,0.014,0.012,0.006,0.016,0.006,0.008,0.01,0.014,0.01,0.016,0.018,0.006,0.01,0.008,0.026,0.022,0.014,0.008,0.016,0.0,0.086,0.014,0.008,0.006,0.012,0.014,0.0,0.0,0.012,0.008
436,0.022,0.016,0.02,0.016,0.016,0.008,0.006,0.004,0.004,0.0,0.018,0.01,0.006,0.012,0.008,0.018,0.008,0.004,0.004,0.008,0.012,0.01,0.008,0.01,0.008,0.006,0.006,0.024,0.016,0.0,0.008,0.008,0.01,0.01,0.008,0.014,0.01,0.018,0.01,0.012,0.002,0.0,0.0,0.01,0.0,0.012,0.014,0.006,0.01,0.008,0.006,0.0,0.01,0.016,0.002,0.008,0.01,0.01,0.004,0.018,0.004,0.008,0.01,0.006,0.004,0.006,0.014,0.012,0.006,0.016,0.006,0.008,0.01,0.014,0.01,0.016,0.018,0.006,0.01,0.008,0.026,0.022,0.014,0.008,0.016,0.0,0.086,0.014,0.008,0.006,0.012,0.014,0.0,0.0,0.012,0.008
437,0.022,0.016,0.02,0.016,0.016,0.008,0.006,0.004,0.004,0.0,0.018,0.01,0.006,0.012,0.008,0.018,0.008,0.004,0.004,0.008,0.012,0.01,0.008,0.01,0.008,0.006,0.006,0.024,0.016,0.0,0.008,0.008,0.01,0.01,0.008,0.014,0.01,0.018,0.01,0.012,0.002,0.0,0.0,0.01,0.0,0.012,0.014,0.006,0.01,0.008,0.006,0.0,0.01,0.016,0.002,0.008,0.01,0.01,0.004,0.018,0.004,0.008,0.01,0.006,0.004,0.006,0.014,0.012,0.006,0.016,0.006,0.008,0.01,0.014,0.01,0.016,0.018,0.006,0.01,0.008,0.026,0.024,0.014,0.008,0.014,0.0,0.086,0.014,0.008,0.006,0.012,0.014,0.0,0.0,0.012,0.008
438,0.022,0.016,0.02,0.016,0.016,0.008,0.006,0.004,0.004,0.0,0.018,0.01,0.006,0.012,0.008,0.018,0.008,0.004,0.004,0.008,0.012,0.01,0.008,0.01,0.008,0.006,0.006,0.024,0.016,0.0,0.008,0.008,0.01,0.01,0.008,0.014,0.01,0.018,0.01,0.012,0.002,0.0,0.0,0.01,0.0,0.012,0.014,0.006,0.01,0.008,0.006,0.0,0.01,0.016,0.002,0.008,0.01,0.01,0.004,0.018,0.004,0.008,0.01,0.006,0.004,0.006,0.014,0.012,0.006,0.016,0.006,0.008,0.01,0.014,0.01,0.016,0.018,0.006,0.01,0.008,0.026,0.024,0.014,0.008,0.014,0.0,0.086,0.014,0.008,0.006,0.012,0.014,0.0,0.0,0.012,0.008
439,0.022,0.016,0.02,0.016,0.016,0.008,0.006,0.004,0.004,0.0,0.018,0.01,0.006,0.012,0.008,0.018,0.008,0.004,0.004,0.008,0.012,0.01,0.008,0.01,0.008,0.006,0.006,0.024,0.016,0.0,0.008,0.008,0.01,0.01,0.008,0.014,0.01,0.018,0.01,0.012,0.002,0.0,0.0,0.01,0.0,0.012,0.014,0.006,0.01,0.008,0.006,0.0,0.01,0.016,0.002,0.008,0.01,0.01,0.004,0.018,0.006,0.008,0.01,0.006,0.004,0.006,0.014,0.012,0.006,0.014,0.006,0.008,0.01,0.014,0.01,0.016,0.018,0.006,0.01,0.008,0.026,0.024,0.014,0.008,0.014,0.0,0.086,0.014,0.008,0.006,0.012,0.014,0.0,0.0,0.012,0.008
440,0.022,0.016,0.02,0.016,0.016,0.008,0.006,0.004,0.004,0.0,0.018,0.01,0.006,0.012,0.008,0.018,0.008,0.004,0.004,0.008,0.012,0.01,0.008,0.01,0.008,0.006,0.006,0.024,0.016,0.0,0.008,0.008,0.01,0.01,0.008,0.014,0.01,0.018,0.01,0.012,0.002,0.0,0.0,0.01,0.0,0.012,0.014,0.006,0.01,0.008,0.006,0.0,0.01,0.016,0.002,0.008,0.01,0.01,0.004,0.018,0.006,0.008,0.01,0.006,0.004,0.006,0.014,0.012,0.006,0.014,0.006,0.008,0.01,0.014,0.01,0.016,0.018,0.006,0.01,0.008,0.026,0.024,0.014,0.008,0.014,0.0,0.086,0.014,0.008,0.006,0.012,0.014,0.0,0.0,0.012,0.008
441,0.022,0.016,0.02,0.016,0.016,0.008,0.006,0.004,0.004,0.0,0.018,0.01,0.006,0.012,0.008,0.018,0.008,0.004,0.004,0.008,0.012,0.01,0.008,0.01,0.008,0.006,0.006,0.024,0.016,0.0,0.008,0.008,0.01,0.01,0.008,0.014,0.01,0.018,0.01,0.012,0.002,0.0,0.0,0.01,0.0,0.012,0.014,0.006,0.01,0.008,0.006,0.0,0.01,0.016,0.0,0.008,0.01,0.01,0.004,0.018,0.006,0.008,0.01,0.006,0.004,0.006,0.014,0.012,0.006,0.014,0.006,0.008,0.01,0.014,0.01,0.016,0.02,0.006,0.01,0.008,0.026,0.024,0.014,0.008,0.014,0.0,0.086,0.014,0.008,0.006,0.012,0.014,0.0,0.0,0.012,0.008
442,0.024,0.016,0.02,0.016,0.016,0.008,0.006,0.004,0.004,0.0,0.018,0.01,0.006,0.012,0.008,0.016,0.008,0.004,0.004,0.008,0.012,0.01,0.008,0.01,0.008,0.006,0.006,0.024,0.016,0.0,0.008,0.008,0.01,0.01,0.008,0.014,0.01,0.018,0.01,0.012,0.002,0.0,0.0,0.01,0.0,0.012,0.014,0.006,0.01,0.008,0.006,0.0,0.01,0.016,0.0,0.008,0.01,0.01,0.004,0.018,0.006,0.008,0.01,0.006,0.004,0.006,0.014,0.012,0.006,0.014,0.006,0.008,0.01,0.014,0.01,0.016,0.02,0.006,0.01,0.008,0.026,0.024,0.014,0.008,0.014,0.0,0.086,0.014,0.008,0.006,0.012,0.014,0.0,0.0,0.012,0.008
443,0.026,0.016,0.02,0.016,0.016,0.008,0.006,0.004,0.004,0.0,0.018,0.01,0.006,0.012,0.008,0.016,0.008,0.004,0.004,0.008,0.012,0.01,0.008,0.01,0.008,0.006,0.006,0.024,0.016,0.0,0.008,0.008,0.01,0.01,0.008,0.014,0.01,0.018,0.01,0.012,0.002,0.0,0.0,0.01,0.0,0.012,0.014,0.006,0.01,0.008,0.006,0.0,0.01,0.016,0.0,0.008,0.01,0.01,0.004,0.018,0.006,0.008,0.01,0.006,0.004,0.006,0.014,0.012,0.006,0.014,0.006,0.008,0.01,0.014,0.008,0.016,0.02,0.006,0.01,0.008,0.026,0.024,0.014,0.008,0.014,0.0,0.086,0.014,0.008,0.006,0.012,0.014,0.0,0.0,0.012,0.008
444,0.026,0.016,0.02,0.016,0.016,0.008,0.006,0.004,0.004,0.0,0.018,0.01,0.006,0.012,0.008,0.016,0.008,0.004,0.004,0.008,0.012,0.01,0.008,0.01,0.008,0.006,0.006,0.024,0.016,0.0,0.008,0.008,0.01,0.01,0.008,0.014,0.01,0.018,0.01,0.012,0.002,0.0,0.0,0.01,0.0,0.012,0.014,0.006,0.01,0.008,0.006,0.0,0.01,0.016,0.0,0.008,0.01,0.01,0.004,0.018,0.006,0.008,0.01,0.006,0.004,0.006,0.014,0.012,0.006,0.014,0.006,0.008,0.01,0.014,0.008,0.016,0.02,0.006,0.01,0.008,0.026,0.024,0.014,0.008,0.014,0.0,0.086,0.014,0.008,0.006,0.012,0.014,0.0,0.0,0.012,0.008
445,0.026,0.016,0.02,0.016,0.016,0.008,0.006,0.004,0.004,0.0,0.018,0.01,0.006,0.012,0.008,0.016,0.008,0.004,0.004,0.008,0.012,0.01,0.008,0.01,0.008,0.006,0.006,0.024,0.016,0.0,0.008,0.008,0.01,0.01,0.008,0.014,0.01,0.018,0.01,0.012,0.002,0.0,0.0,0.01,0.0,0.012,0.012,0.006,0.01,0.008,0.006,0.0,0.01,0.016,0.0,0.008,0.01,0.01,0.004,0.018,0.006,0.008,0.01,0.006,0.004,0.006,0.014,0.012,0.006,0.014,0.006,0.008,0.01,0.014,0.008,0.016,0.02,0.006,0.01,0.008,0.028,0.024,0.014,0.008,0.014,0.0,0.086,0.014,0.008,0.006,0.012,0.014,0.0,0.0,0.012,0.008
446,0.026,0.016,0.02,0.016,0.016,0.008,0.006,0.004,0.004,0.0,0.018,0.01,0.006,0.012,0.008,0.016,0.008,0.004,0.004,0.008,0.012,0.01,0.008,0.01,0.008,0.006,0.006,0.024,0.016,0.0,0.008,0.008,0.01,0.01,0.008,0.014,0.01,0.018,0.01,0.012,0.002,0.0,0.0,0.01,0.0,0.012,0.012,0.006,0.01,0.008,0.006,0.0,0.01,0.016,0.0,0.008,0.01,0.01,0.004,0.018,0.006,0.008,0.01,0.006,0.004,0.006,0.014,0.012,0.006,0.014,0.006,0.008,0.01,0.014,0.008,0.016,0.02,0.006,0.01,0.008,0.028,0.024,0.014,0.008,0.014,0.0,0.086,0.014,0.008,0.006,0.012,0.014,0.0,0.0,0.012,0.008
447,0.026,0.016,0.02,0.016,0.016,0.008,0.006,0.004,0.004,0.0,0.018,0.01,0.006,0.012,0.008,0.016,0.008,0.004,0.004,0.008,0.012,0.01,0.008,0.01,0.008,0.006,0.006,0.024,0.016,0.0,0.008,0.008,0.01,0.01,0.008,0.014,0.01,0.018,0.01,0.012,0.002,0.0,0.0,0.01,0.0,0.012,0.012,0.006,0.01,0.008,0.006,0.0,0.01,0.016,0.0,0.008,0.01,0.01,0.004,0.018,0.006,0.008,0.01,0.006,0.004,0.006,0.014,0.012,0.006,0.014,0.006,0.008,0.01,0.014,0.008,0.016,0.02,0.006,0.01,0.008,0.028,0.024,0.014,0.008,0.014,0.0,0.086,0.014,0.008,0.006,0.012,0.014,0.0,0.0,0.012,0.008
448,0.026,0.016,0.02,0.016,0.016,0.008,0.006,0.004,0.004,0.0,0.018,0.01,0.006,0.012,0.008,0.016,0.008,0.004,0.004,0.008,0.012,0.01,0.008,0.01,0.008,0.006,0.006,0.024,0.016,0.0,0.008,0.008,0.01,0.01,0.008,0.014,0.01,0.018,0.01,0.012,0.002,0.0,0.0,0.01,0.0,0.012,0.012,0.006,0.01,0.008,0.006,0.0,0.01,0.016,0.0,0.008,0.01,0.012,0.004,0.018,0.006,0.008,0.01,0.006,0.004,0.006,0.014,0.012,0.006,0.014,0.006,0.008,0.01,0.014,0.008,0.016,0.02,0.004,0.01,0.008,0.028,0.024,0.014,0.008,0.014,0.0,0.086,0.014,0.008,0.006,0.012,0.014,0.0,0.0,0.012,0.008
449,0.026,0.014,0.02,0.016,0.016,0.008,0.006,0.004,0.004,0.0,0.018,0.01,0.006,0.012,0.008,0.016,0.008,0.004,0.004,0.008,0.012,0.01,0.008,0.01,0.008,0.006,0.006,0.024,0.016,0.0,0.008,0.008,0.01,0.01,0.008,0.014,0.01,0.018,0.01,0.012,0.002,0.0,0.0,0.01,0.0,0.012,0.012,0.006,0.01,0.008,0.006,0.0,0.01,0.016,0.0,0.008,0.01,0.012,0.004,0.018,0.006,0.008,0.01,0.006,0.004,0.006,0.014,0.012,0.006,0.014,0.006,0.008,0.01,0.014,0.008,0.016,0.02,0.004,0.01,0.008,0.028,0.026,0.014,0.008,0.014,0.0,0.086,0.014,0.008,0.006,0.012,0.014,0.0,0.0,0.012,0.008
450,0.026,0.014,0.02,0.016,0.016,0.008,0.006,0.004,0.004,0.0,0.018,0.01,0.006,0.012,0.008,0.016,0.008,0.004,0.004,0.008,0.012,0.01,0.008,0.01,0.008,0.006,0.006,0.024,0.016,0.0,0.008,0.008,0.01,0.01,0.008,0.016,0.01,0.018,0.01,0.012,0.002,0.0,0.0,0.01,0.0,0.012,0.012,0.006,0.01,0.008,0.006,0.0,0.01,0.016,0.0,0.008,0.01,0.012,0.004,0.018,0.006,0.008,0.01,0.006,0.004,0.006,0.014,0.012,0.006,0.014,0.006,0.008,0.01,0.014,0.008,0.016,0.02,0.004,0.01,0.008,0.026,0.026,0.014,0.008,0.014,0.0,0.086,0.014,0.008,0.006,0.012,0.014,0.0,0.0,0.012,0.008
451,0.026,0.014,0.02,0.016,0.016,0.008,0.006,0.004,0.004,0.0,0.018,0.01,0.006,0.012,0.008,0.016,0.008,0.004,0.004,0.008,0.012,0.01,0.008,0.01,0.008,0.006,0.006,0.024,0.016,0.0,0.008,0.008,0.01,0.01,0.008,0.016,0.01,0.018,0.01,0.012,0.002,0.0,0.0,0.01,0.0,0.012,0.012,0.006,0.01,0.008,0.006,0.0,0.01,0.016,0.0,0.008,0.01,0.012,0.004,0.018,0.006,0.008,0.01,0.006,0.004,0.006,0.014,0.012,0.006,0.014,0.006,0.008,0.01,0.014,0.008,0.016,0.02,0.004,0.01,0.008,0.026,0.026,0.014,0.008,0.014,0.0,0.086,0.014,0.008,0.006,0.012,0.014,0.0,0.0,0.012,0.008
452,0.026,0.014,0.02,0.016,0.016,0.008,0.006,0.004,0.004,0.0,0.018,0.01,0.006,0.012,0.008,0.016,0.008,0.004,0.004,0.008,0.012,0.01,0.008,0.01,0.008,0.006,0.006,0.024,0.016,0.0,0.008,0.008,0.01,0.01,0.008,0.016,0.01,0.018,0.01,0.012,0.002,0.0,0.0,0.01,0.0,0.012,0.012,0.004,0.01,0.008,0.006,0.0,0.01,0.016,0.0,0.008,0.01,0.012,0.004,0.018,0.006,0.008,0.01,0.006,0.004,0.006,0.014,0.014,0.006,0.014,0.006,0.008,0.01,0.014,0.008,0.016,0.02,0.004,0.01,0.008,0.026,0.026,0.014,0.008,0.014,0.0,0.086,0.014,0.008,0.006,0.012,0.014,0.0,0.0,0.012,0.008
453,0.026,0.014,0.02,0.016,0.016,0.008,0.006,0.004,0.004,0.0,0.018,0.01,0.006,0.012,0.008,0.016,0.008,0.004,0.004,0.008,0.012,0.01,0.008,0.01,0.008,0.006,0.006,0.024,0.016,0.0,0.008,0.008,0.01,0.01,0.008,0.016,0.01,0.018,0.01,0.012,0.002,0.0,0.0,0.01,0.0,0.012,0.012,0.004,0.01,0.008,0.006,0.0,0.01,0.016,0.0,0.008,0.01,0.012,0.004,0.018,0.006,0.008,0.01,0.006,0.004,0.006,0.014,0.014,0.006,0.014,0.006,0.008,0.01,0.014,0.008,0.016,0.02,0.004,0.01,0.008,0.026,0.026,0.014,0.008,0.014,0.0,0.086,0.014,0.008,0.006,0.012,0.014,0.0,0.0,0.012,0.008
454,0.026,0.014,0.02,0.016,0.016,0.008,0.006,0.002,0.004,0.0,0.018,0.01,0.006,0.012,0.008,0.016,0.008,0.004,0.004,0.008,0.012,0.01,0.008,0.01,0.008,0.006,0.006,0.024,0.016,0.0,0.008,0.008,0.01,0.01,0.008,0.016,0.01,0.018,0.01,0.012,0.002,0.0,0.0,0.01,0.0,0.012,0.012,0.004,0.01,0.008,0.006,0.0,0.01,0.016,0.0,0.01,0.01,0.012,0.004,0.018,0.006,0.008,0.01,0.006,0.004,0.006,0.014,0.014,0.006,0.014,0.006,0.008,0.01,0.014,0.008,0.016,0.02,0.004,0.01,0.008,0.026,0.026,0.014,0.008,0.014,0.0,0.086,0.014,0.008,0.006,0.012,0.014,0.0,0.0,0.012,0.008
455,0.026,0.014,0.02,0.016,0.016,0.008,0.006,0.002,0.004,0.0,0.018,0.01,0.006,0.012,0.008,0.016,0.008,0.004,0.004,0.008,0.012,0.01,0.008,0.01,0.008,0.006,0.006,0.024,0.016,0.0,0.008,0.008,0.01,0.01,0.008,0.016,0.01,0.018,0.01,0.012,0.002,0.0,0.0,0.01,0.0,0.012,0.012,0.004,0.01,0.008,0.006,0.0,0.01,0.016,0.0,0.01,0.01,0.012,0.004,0.018,0.006,0.008,0.01,0.006,0.004,0.006,0.014,0.014,0.006,0.014,0.006,0.008,0.01,0.014,0.008,0.016,0.02,0.004,0.01,0.008,0.026,0.026,0.014,0.008,0.014,0.0,0.086,0.014,0.008,0.006,0.012,0.014,0.0,0.0,0.012,0.008
456,0.026,0.014,0.02,0.016,0.016,0.008,0.006,0.002,0.004,0.0,0.018,0.01,0.006,0.012,0.008,0.016,0.008,0.004,0.004,0.008,0.012,0.01,0.008,0.01,0.008,0.006,0.006,0.024,0.016,0.0,0.008,0.008,0.01,0.01,0.008,0.018,0.01,0.018,0.008,0.012,0.002,0.0,0.0,0.01,0.0,0.012,0.012,0.004,0.01,0.008,0.006,0.0,0.01,0.016,0.0,0.01,0.01,0.012,0.004,0.018,0.006,0.008,0.01,0.006,0.004,0.006,0.014,0.014,0.006,0.014,0.006,0.008,0.01,0.014,0.008,0.016,0.02,0.004,0.01,0.008,0.026,0.026,0.014,0.008,0.014,0.0,0.086,0.014,0.008,0.006,0.012,0.014,0.0,0.0,0.012,0.008
457,0.026,0.014,0.02,0.016,0.016,0.008,0.006,0.002,0.004,0.0,0.018,0.01,0.006,0.012,0.008,0.016,0.008,0.004,0.002,0.008,0.012,0.01,0.008,0.01,0.008,0.006,0.006,0.024,0.016,0.0,0.008,0.008,0.01,0.01,0.008,0.018,0.01,0.018,0.008,0.012,0.002,0.0,0.0,0.01,0.0,0.012,0.012,0.004,0.01,0.008,0.006,0.0,0.01,0.016,0.0,0.01,0.01,0.012,0.004,0.018,0.006,0.008,0.01,0.006,0.004,0.006,0.014,0.014,0.006,0.014,0.006,0.01,0.01,0.014,0.008,0.016,0.02,0.004,0.01,0.008,0.026,0.026,0.014,0.008,0.014,0.0,0.086,0.014,0.008,0.006,0.012,0.014,0.0,0.0,0.012,0.008
458,0.026,0.014,0.02,0.016,0.016,0.008,0.006,0.002,0.004,0.0,0.018,0.01,0.006,0.012,0.008,0.016,0.008,0.004,0.002,0.008,0.012,0.01,0.008,0.01,0.008,0.004,0.006,0.024,0.016,0.0,0.008,0.008,0.01,0.01,0.008,0.018,0.01,0.018,0.008,0.012,0.002,0.0,0.0,0.01,0.0,0.012,0.014,0.004,0.008,0.008,0.006,0.0,0.01,0.018,0.0,0.01,0.01,0.012,0.004,0.018,0.006,0.008,0.01,0.006,0.004,0.006,0.014,0.014,0.006,0.014,0.006,0.01,0.01,0.014,0.008,0.016,0.02,0.004,0.01,0.008,0.026,0.026,0.014,0.008,0.014,0.0,0.086,0.014,0.008,0.006,0.012,0.014,0.0,0.0,0.012,0.008
459,0.026,0.014,0.02,0.016,0.016,0.008,0.008,0.002,0.004,0.0,0.018,0.01,0.006,0.012,0.008,0.016,0.008,0.004,0.002,0.008,0.012,0.01,0.008,0.01,0.008,0.004,0.006,0.024,0.016,0.0,0.008,0.008,0.01,0.01,0.008,0.018,0.01,0.018,0.008,0.012,0.002,0.0,0.0,0.01,0.0,0.012,0.014,0.004,0.008,0.008,0.006,0.0,0.01,0.018,0.0,0.01,0.01,0.012,0.004,0.018,0.006,0.008,0.01,0.006,0.004,0.006,0.014,0.014,0.006,0.014,0.006,0.01,0.01,0.014,0.008,0.016,0.02,0.004,0.01,0.006,0.026,0.026,0.014,0.008,0.014,0.0,0.086,0.014,0.008,0.006,0.012,0.014,0.0,0.0,0.012,0.008
460,0.026,0.014,0.02,0.016,0.016,0.008,0.008,0.002,0.004,0.0,0.018,0.01,0.006,0.012,0.008,0.016,0.008,0.004,0.002,0.008,0.012,0.01,0.008,0.01,0.008,0.004,0.006,0.024,0.016,0.0,0.008,0.008,0.01,0.01,0.008,0.018,0.01,0.018,0.008,0.012,0.002,0.0,0.0,0.01,0.0,0.012,0.014,0.004,0.008,0.008,0.006,0.0,0.01,0.018,0.0,0.01,0.01,0.012,0.004,0.018,0.006,0.008,0.01,0.006,0.004,0.006,0.014,0.014,0.006,0.014,0.006,0.01,0.01,0.014,0.008,0.016,0.02,0.004,0.01,0.006,0.026,0.026,0.014,0.008,0.014,0.0,0.086,0.014,0.008,0.006,0.012,0.014,0.0,0.0,0.012,0.008
461,0.026,0.014,0.02,0.016,0.016,0.008,0.008,0.002,0.004,0.0,0.018,0.01,0.006,0.012,0.008,0.016,0.008,0.004,0.002,0.008,0.012,0.01,0.008,0.01,0.008,0.004,0.006,0.024,0.016,0.0,0.008,0.008,0.01,0.01,0.008,0.018,0.01,0.018,0.008,0.012,0.002,0.0,0.0,0.01,0.0,0.012,0.014,0.004,0.008,0.008,0.006,0.0,0.01,0.018,0.0,0.01,0.01,0.012,0.004,0.018,0.006,0.008,0.01,0.006,0.004,0.006,0.014,0.014,0.006,0.014,0.006,0.01,0.01,0.014,0.008,0.016,0.02,0.004,0.01,0.006,0.026,0.026,0.014,0.008,0.014,0.0,0.086,0.014,0.008,0.006,0.012,0.014,0.0,0.0,0.012,0.008
462,0.026,0.014,0.02,0.016,0.016,0.008,0.008,0.002,0.004,0.0,0.018,0.01,0.006,0.012,0.008,0.016,0.008,0.004,0.002,0.008,0.012,0.01,0.008,0.01,0.008,0.004,0.006,0.024,0.016,0.0,0.008,0.008,0.01,0.01,0.008,0.018,0.01,0.018,0.008,0.012,0.002,0.0,0.0,0.01,0.0,0.012,0.014,0.004,0.008,0.008,0.006,0.0,0.01,0.018,0.0,0.01,0.01,0.012,0.004,0.018,0.006,0.008,0.01,0.006,0.004,0.006,0.014,0.014,0.006,0.014,0.006,0.01,0.01,0.014,0.008,0.016,0.02,0.004,0.01,0.006,0.026,0.028,0.014,0.008,0.014,0.0,0.086,0.012,0.008,0.006,0.012,0.014,0.0,0.0,0.012,0.008
463,0.026,0.014,0.02,0.016,0.016,0.008,0.008,0.002,0.004,0.0,0.018,0.01,0.006,0.012,0.008,0.016,0.008,0.004,0.002,0.008,0.012,0.01,0.008,0.01,0.008,0.004,0.006,0.024,0.016,0.0,0.008,0.008,0.01,0.01,0.008,0.018,0.01,0.018,0.008,0.012,0.002,0.0,0.0,0.01,0.0,0.012,0.014,0.004,0.008,0.008,0.006,0.0,0.01,0.018,0.0,0.01,0.01,0.012,0.004,0.018,0.006,0.008,0.01,0.006,0.004,0.006,0.014,0.014,0.006,0.014,0.006,0.01,0.01,0.014,0.008,0.016,0.02,0.004,0.01,0.006,0.026,0.028,0.014,0.008,0.014,0.0,0.086,0.012,0.008,0.006,0.012,0.014,0.0,0.0,0.012,0.008
464,0.026,0.014,0.02,0.016,0.016,0.008,0.008,0.002,0.004,0.0,0.018,0.01,0.006,0.012,0.008,0.016,0.008,0.004,0.002,0.008,0.012,0.01,0.008,0.01,0.008,0.004,0.006,0.024,0.016,0.0,0.008,0.008,0.01,0.01,0.008,0.018,0.01,0.018,0.008,0.012,0.002,0.0,0.0,0.01,0.0,0.012,0.014,0.004,0.008,0.008,0.006,0.0,0.01,0.018,0.0,0.01,0.01,0.012,0.004,0.018,0.006,0.008,0.01,0.006,0.004,0.006,0.014,0.014,0.006,0.014,0.006,0.01,0.01,0.014,0.008,0.016,0.02,0.004,0.01,0.006,0.026,0.028,0.014,0.008,0.014,0.0,0.086,0.012,0.008,0.006,0.012,0.014,0.0,0.0,0.012,0.008
465,0.026,0.014,0.02,0.016,0.016,0.008,0.008,0.002,0.004,0.0,0.018,0.01,0.006,0.012,0.008,0.016,0.008,0.004,0.002,0.008,0.012,0.01,0.008,0.01,0.008,0.004,0.006,0.024,0.016,0.0,0.008,0.008,0.01,0.01,0.008,0.018,0.01,0.018,0.008,0.012,0.002,0.0,0.0,0.01,0.0,0.012,0.014,0.004,0.008,0.008,0.006,0.0,0.01,0.018,0.0,0.01,0.01,0.012,0.004,0.018,0.006,0.008,0.01,0.006,0.004,0.006,0.014,0.014,0.006,0.014,0.006,0.01,0.01,0.014,0.008,0.016,0.02,0.004,0.01,0.006,0.026,0.028,0.014,0.008,0.014,0.0,0.086,0.012,0.008,0.006,0.012,0.014,0.0,0.0,0.012,0.008
466,0.026,0.016,0.02,0.016,0.016,0.008,0.008,0.002,0.004,0.0,0.018,0.01,0.006,0.012,0.008,0.016,0.008,0.004,0.002,0.008,0.012,0.01,0.008,0.01,0.008,0.004,0.006,0.024,0.016,0.0,0.008,0.008,0.01,0.01,0.008,0.018,0.01,0.018,0.008,0.012,0.002,0.0,0.0,0.01,0.0,0.012,0.014,0.004,0.008,0.008,0.006,0.0,0.01,0.018,0.0,0.01,0.01,0.012,0.004,0.018,0.006,0.008,0.01,0.006,0.004,0.006,0.014,0.014,0.006,0.014,0.006,0.01,0.01,0.014,0.008,0.016,0.02,0.004,0.01,0.006,0.026,0.028,0.014,0.008,0.014,0.0,0.086,0.012,0.006,0.006,0.012,0.014,0.0,0.0,0.012,0.008
467,0.026,0.016,0.02,0.016,0.016,0.008,0.008,0.002,0.004,0.0,0.018,0.01,0.006,0.012,0.008,0.016,0.008,0.004,0.002,0.008,0.012,0.01,0.008,0.01,0.008,0.004,0.006,0.024,0.016,0.0,0.008,0.008,0.01,0.01,0.008,0.018,0.01,0.018,0.008,0.012,0.002,0.0,0.0,0.01,0.0,0.012,0.014,0.004,0.008,0.008,0.006,0.0,0.01,0.018,0.0,0.01,0.01,0.012,0.004,0.018,0.006,0.008,0.01,0.006,0.004,0.006,0.014,0.014,0.006,0.014,0.006,0.01,0.01,0.014,0.008,0.016,0.02,0.004,0.01,0.006,0.026,0.028,0.014,0.008,0.014,0.0,0.086,0.012,0.006,0.006,0.012,0.014,0.0,0.0,0.012,0.008
468,0.026,0.016,0.02,0.016,0.016,0.008,0.008,0.002,0.004,0.0,0.018,0.01,0.006,0.012,0.008,0.016,0.008,0.004,0.002,0.008,0.012,0.01,0.008,0.01,0.008,0.004,0.006,0.024,0.018,0.0,0.008,0.008,0.01,0.01,0.008,0.018,0.01,0.018,0.006,0.012,0.002,0.0,0.0,0.01,0.0,0.012,0.014,0.004,0.008,0.008,0.006,0.0,0.01,0.018,0.0,0.01,0.01,0.012,0.004,0.018,0.006,0.008,0.01,0.006,0.004,0.006,0.014,0.014,0.006,0.014,0.006,0.01,0.01,0.014,0.008,0.016,0.02,0.004,0.01,0.006,0.026,0.028,0.014,0.008,0.014,0.0,0.086,0.012,0.006,0.006,0.012,0.014,0.0,0.0,0.012,0.008
469,0.026,0.016,0.02,0.016,0.016,0.008,0.008,0.002,0.004,0.0,0.018,0.01,0.006,0.012,0.008,0.016,0.008,0.004,0.002,0.008,0.012,0.01,0.008,0.01,0.008,0.004,0.006,0.024,0.018,0.0,0.008,0.008,0.01,0.01,0.006,0.018,0.01,0.02,0.006,0.012,0.002,0.0,0.0,0.01,0.0,0.012,0.014,0.004,0.008,0.008,0.006,0.0,0.01,0.018,0.0,0.01,0.01,0.012,0.004,0.018,0.006,0.008,0.01,0.006,0.004,0.006,0.016,0.014,0.006,0.014,0.006,0.01,0.01,0.014,0.008,0.016,0.02,0.004,0.01,0.006,0.026,0.028,0.014,0.008,0.014,0.0,0.086,0.012,0.006,0.006,0.012,0.012,0.0,0.0,0.012,0.008
470,0.026,0.016,0.02,0.016,0.016,0.008,0.008,0.002,0.004,0.0,0.018,0.01,0.006,0.012,0.008,0.016,0.008,0.004,0.002,0.008,0.012,0.01,0.008,0.01,0.008,0.004,0.006,0.026,0.018,0.0,0.008,0.008,0.01,0.01,0.006,0.018,0.01,0.02,0.006,0.012,0.002,0.0,0.0,0.01,0.0,0.012,0.014,0.004,0.008,0.008,0.006,0.0,0.01,0.018,0.0,0.01,0.01,0.012,0.004,0.018,0.006,0.008,0.01,0.006,0.004,0.006,0.016,0.014,0.004,0.014,0.006,0.01,0.01,0.014,0.008,0.016,0.02,0.004,0.01,0.006,0.026,0.028,0.014,0.008,0.014,0.0,0.086,0.012,0.006,0.006,0.012,0.012,0.0,0.0,0.012,0.008
471,0.026,0.016,0.02,0.016,0.016,0.008,0.008,0.002,0.004,0.0,0.018,0.01,0.006,0.012,0.008,0.016,0.008,0.004,0.002,0.008,0.012,0.01,0.008,0.01,0.008,0.004,0.006,0.026,0.018,0.0,0.008,0.008,0.01,0.01,0.006,0.018,0.01,0.02,0.006,0.012,0.002,0.0,0.0,0.01,0.0,0.012,0.014,0.004,0.008,0.008,0.006,0.0,0.01,0.018,0.0,0.01,0.01,0.012,0.004,0.018,0.006,0.008,0.01,0.006,0.004,0.006,0.016,0.014,0.004,0.014,0.006,0.01,0.01,0.014,0.008,0.016,0.02,0.004,0.01,0.006,0.026,0.028,0.014,0.008,0.014,0.0,0.086,0.012,0.006,0.006,0.012,0.012,0.0,0.0,0.012,0.008
472,0.026,0.016,0.02,0.016,0.016,0.008,0.008,0.002,0.004,0.0,0.018,0.01,0.006,0.012,0.008,0.016,0.008,0.004,0.002,0.008,0.01,0.01,0.008,0.01,0.008,0.004,0.006,0.028,0.018,0.0,0.008,0.008,0.01,0.01,0.006,0.018,0.01,0.02,0.006,0.012,0.002,0.0,0.0,0.01,0.0,0.012,0.014,0.004,0.008,0.008,0.008,0.0,0.01,0.018,0.0,0.01,0.01,0.012,0.004,0.016,0.006,0.008,0.01,0.006,0.004,0.006,0.016,0.014,0.004,0.014,0.006,0.01,0.01,0.014,0.008,0.016,0.02,0.004,0.01,0.006,0.026,0.028,0.014,0.008,0.014,0.0,0.086,0.012,0.006,0.006,0.012,0.012,0.0,0.0,0.012,0.008
473,0.026,0.016,0.02,0.016,0.016,0.008,0.008,0.002,0.004,0.0,0.018,0.01,0.006,0.012,0.008,0.016,0.008,0.004,0.002,0.008,0.01,0.01,0.008,0.01,0.008,0.004,0.006,0.028,0.018,0.0,0.008,0.008,0.01,0.01,0.006,0.018,0.01,0.02,0.006,0.012,0.002,0.0,0.0,0.01,0.0,0.012,0.014,0.004,0.008,0.008,0.008,0.0,0.01,0.018,0.0,0.01,0.01,0.012,0.004,0.016,0.006,0.008,0.01,0.006,0.004,0.006,0.016,0.014,0.004,0.014,0.006,0.01,0.01,0.014,0.008,0.016,0.02,0.004,0.01,0.006,0.026,0.028,0.014,0.008,0.014,0.0,0.086,0.012,0.006,0.006,0.012,0.012,0.0,0.0,0.012,0.008
474,0.026,0.016,0.02,0.016,0.016,0.008,0.008,0.002,0.004,0.0,0.018,0.01,0.006,0.012,0.008,0.016,0.008,0.004,0.002,0.008,0.01,0.01,0.008,0.01,0.008,0.004,0.006,0.028,0.018,0.0,0.008,0.008,0.01,0.01,0.006,0.018,0.01,0.02,0.006,0.012,0.002,0.0,0.0,0.01,0.0,0.012,0.014,0.004,0.008,0.008,0.008,0.0,0.01,0.018,0.0,0.01,0.01,0.012,0.004,0.016,0.006,0.008,0.01,0.006,0.004,0.006,0.016,0.014,0.004,0.014,0.006,0.01,0.01,0.014,0.008,0.016,0.02,0.004,0.01,0.006,0.026,0.028,0.014,0.008,0.014,0.0,0.086,0.012,0.006,0.006,0.012,0.012,0.0,0.0,0.012,0.008
475,0.026,0.016,0.02,0.016,0.016,0.008,0.008,0.002,0.004,0.0,0.018,0.01,0.006,0.012,0.008,0.016,0.008,0.004,0.002,0.008,0.01,0.01,0.008,0.01,0.008,0.004,0.006,0.028,0.018,0.0,0.008,0.008,0.01,0.01,0.006,0.018,0.01,0.02,0.006,0.012,0.002,0.0,0.0,0.01,0.0,0.012,0.014,0.004,0.008,0.008,0.008,0.0,0.01,0.018,0.0,0.01,0.01,0.012,0.004,0.016,0.006,0.008,0.01,0.006,0.004,0.006,0.016,0.014,0.004,0.014,0.006,0.01,0.01,0.014,0.008,0.016,0.02,0.004,0.01,0.006,0.026,0.028,0.014,0.008,0.014,0.0,0.086,0.012,0.006,0.006,0.012,0.012,0.0,0.0,0.012,0.008
476,0.026,0.016,0.02,0.016,0.016,0.008,0.008,0.002,0.004,0.0,0.018,0.01,0.006,0.012,0.008,0.016,0.008,0.004,0.002,0.008,0.01,0.01,0.008,0.01,0.008,0.004,0.006,0.028,0.018,0.0,0.008,0.008,0.01,0.01,0.006,0.018,0.01,0.02,0.006,0.012,0.002,0.0,0.0,0.01,0.0,0.012,0.014,0.004,0.008,0.008,0.008,0.0,0.01,0.018,0.0,0.01,0.01,0.012,0.004,0.016,0.006,0.008,0.01,0.006,0.004,0.006,0.016,0.014,0.004,0.016,0.006,0.01,0.01,0.014,0.008,0.016,0.018,0.004,0.01,0.006,0.026,0.028,0.014,0.008,0.014,0.0,0.086,0.012,0.006,0.006,0.012,0.012,0.0,0.0,0.012,0.008
477,0.026,0.016,0.02,0.016,0.016,0.008,0.008,0.002,0.004,0.0,0.018,0.01,0.006,0.012,0.008,0.016,0.008,0.004,0.002,0.008,0.01,0.01,0.008,0.01,0.008,0.004,0.006,0.028,0.018,0.0,0.008,0.008,0.01,0.01,0.006,0.018,0.01,0.02,0.006,0.012,0.002,0.0,0.0,0.01,0.0,0.012,0.014,0.004,0.008,0.008,0.008,0.0,0.01,0.018,0.0,0.01,0.01,0.012,0.004,0.016,0.006,0.008,0.01,0.006,0.004,0.006,0.016,0.014,0.004,0.016,0.006,0.01,0.01,0.014,0.008,0.016,0.018,0.004,0.01,0.006,0.026,0.028,0.014,0.008,0.014,0.0,0.086,0.012,0.006,0.006,0.012,0.012,0.0,0.0,0.012,0.008
478,0.026,0.016,0.02,0.016,0.016,0.008,0.008,0.002,0.004,0.0,0.018,0.01,0.006,0.012,0.008,0.016,0.008,0.004,0.002,0.008,0.01,0.01,0.008,0.01,0.008,0.004,0.006,0.028,0.018,0.0,0.008,0.008,0.01,0.01,0.006,0.018,0.01,0.02,0.006,0.012,0.002,0.0,0.0,0.01,0.0,0.012,0.014,0.004,0.008,0.008,0.008,0.0,0.01,0.018,0.0,0.01,0.01,0.012,0.004,0.016,0.006,0.008,0.01,0.006,0.004,0.006,0.016,0.014,0.004,0.016,0.006,0.01,0.01,0.014,0.008,0.016,0.018,0.004,0.01,0.006,0.026,0.028,0.014,0.008,0.014,0.0,0.086,0.012,0.006,0.006,0.012,0.012,0.0,0.0,0.012,0.008
479,0.024,0.016,0.02,0.016,0.016,0.008,0.008,0.002,0.004,0.0,0.018,0.01,0.006,0.012,0.008,0.016,0.008,0.004,0.002,0.008,0.01,0.01,0.008,0.01,0.008,0.004,0.006,0.028,0.018,0.0,0.008,0.008,0.01,0.01,0.006,0.018,0.01,0.02,0.006,0.012,0.002,0.0,0.0,0.01,0.0,0.012,0.014,0.004,0.008,0.008,0.008,0.0,0.01,0.018,0.0,0.01,0.01,0.012,0.004,0.016,0.006,0.008,0.01,0.006,0.004,0.006,0.016,0.014,0.004,0.016,0.006,0.01,0.012,0.014,0.008,0.016,0.018,0.004,0.01,0.006,0.026,0.028,0.014,0.008,0.014,0.0,0.086,0.012,0.006,0.006,0.012,0.012,0.0,0.0,0.012,0.008
480,0.024,0.016,0.02,0.016,0.016,0.008,0.008,0.002,0.004,0.0,0.018,0.01,0.006,0.012,0.008,0.016,0.008,0.004,0.002,0.008,0.01,0.01,0.008,0.01,0.008,0.004,0.006,0.028,0.018,0.0,0.008,0.008,0.01,0.01,0.006,0.018,0.01,0.02,0.006,0.012,0.002,0.0,0.0,0.01,0.0,0.012,0.014,0.004,0.008,0.008,0.008,0.0,0.01,0.018,0.0,0.01,0.01,0.012,0.004,0.016,0.006,0.008,0.01,0.006,0.004,0.006,0.016,0.014,0.004,0.016,0.006,0.01,0.012,0.014,0.008,0.016,0.018,0.004,0.01,0.006,0.026,0.028,0.014,0.008,0.014,0.0,0.086,0.012,0.006,0.006,0.012,0.012,0.0,0.0,0.012,0.008
481,0.024,0.016,0.02,0.014,0.016,0.008,0.008,0.002,0.004,0.0,0.018,0.01,0.006,0.012,0.008,0.016,0.008,0.004,0.002,0.008,0.01,0.01,0.008,0.01,0.008,0.004,0.006,0.028,0.018,0.0,0.008,0.008,0.01,0.01,0.006,0.018,0.01,0.02,0.006,0.012,0.002,0.0,0.0,0.01,0.0,0.012,0.014,0.004,0.008,0.008,0.008,0.0,0.01,0.018,0.0,0.01,0.01,0.012,0.004,0.016,0.006,0.008,0.012,0.006,0.004,0.006,0.018,0.014,0.004,0.016,0.006,0.01,0.01,0.014,0.008,0.016,0.018,0.004,0.01,0.006,0.026,0.028,0.014,0.008,0.014,0.0,0.086,0.012,0.006,0.006,0.012,0.012,0.0,0.0,0.012,0.008
482,0.024,0.016,0.02,0.014,0.016,0.008,0.008,0.002,0.004,0.0,0.018,0.01,0.006,0.012,0.008,0.016,0.008,0.004,0.002,0.008,0.01,0.01,0.008,0.01,0.008,0.004,0.006,0.028,0.018,0.0,0.008,0.008,0.01,0.01,0.006,0.018,0.01,0.02,0.006,0.012,0.002,0.0,0.0,0.01,0.0,0.012,0.014,0.004,0.008,0.008,0.008,0.0,0.01,0.018,0.0,0.01,0.01,0.012,0.004,0.016,0.006,0.008,0.012,0.006,0.004,0.006,0.018,0.014,0.004,0.016,0.006,0.01,0.01,0.014,0.008,0.016,0.018,0.004,0.01,0.006,0.026,0.028,0.014,0.008,0.014,0.0,0.086,0.012,0.006,0.006,0.012,0.012,0.0,0.0,0.012,0.008
483,0.024,0.016,0.02,0.014,0.016,0.008,0.008,0.002,0.004,0.0,0.016,0.01,0.006,0.012,0.008,0.016,0.008,0.004,0.002,0.008,0.01,0.01,0.008,0.01,0.008,0.004,0.006,0.028,0.018,0.0,0.008,0.008,0.01,0.01,0.008,0.018,0.01,0.02,0.006,0.012,0.002,0.0,0.0,0.01,0.0,0.012,0.014,0.004,0.008,0.008,0.008,0.0,0.01,0.018,0.0,0.01,0.01,0.012,0.004,0.016,0.006,0.008,0.012,0.006,0.004,0.006,0.018,0.014,0.004,0.016,0.006,0.01,0.01,0.014,0.008,0.016,0.018,0.004,0.01,0.006,0.026,0.028,0.014,0.008,0.014,0.0,0.086,0.012,0.006,0.006,0.012,0.012,0.0,0.0,0.012,0.008
484,0.024,0.016,0.02,0.014,0.016,0.008,0.008,0.002,0.004,0.0,0.016,0.01,0.006,0.012,0.008,0.016,0.008,0.004,0.002,0.008,0.01,0.01,0.008,0.01,0.008,0.004,0.006,0.028,0.018,0.0,0.008,0.008,0.01,0.01,0.008,0.018,0.01,0.02,0.006,0.012,0.002,0.0,0.0,0.01,0.0,0.012,0.014,0.004,0.008,0.008,0.008,0.0,0.01,0.018,0.0,0.01,0.01,0.012,0.004,0.016,0.006,0.008,0.012,0.006,0.004,0.006,0.018,0.014,0.004,0.016,0.006,0.01,0.01,0.014,0.008,0.016,0.018,0.004,0.01,0.006,0.026,0.028,0.014,0.008,0.014,0.0,0.086,0.012,0.006,0.006,0.012,0.012,0.0,0.0,0.012,0.008
485,0.024,0.016,0.02,0.014,0.016,0.008,0.008,0.002,0.004,0.0,0.016,0.01,0.006,0.012,0.008,0.016,0.008,0.004,0.002,0.008,0.01,0.01,0.008,0.01,0.008,0.004,0.006,0.028,0.016,0.0,0.008,0.008,0.01,0.01,0.008,0.018,0.01,0.02,0.006,0.012,0.002,0.0,0.0,0.01,0.0,0.012,0.014,0.004,0.008,0.008,0.008,0.0,0.01,0.018,0.0,0.01,0.01,0.012,0.004,0.016,0.006,0.008,0.012,0.006,0.004,0.006,0.018,0.014,0.004,0.016,0.006,0.012,0.01,0.014,0.008,0.016,0.018,0.004,0.01,0.006,0.026,0.028,0.014,0.008,0.014,0.0,0.086,0.012,0.006,0.006,0.012,0.012,0.0,0.0,0.012,0.008
486,0.024,0.016,0.02,0.014,0.016,0.008,0.008,0.002,0.004,0.0,0.016,0.01,0.006,0.012,0.008,0.016,0.008,0.004,0.002,0.008,0.01,0.01,0.008,0.01,0.006,0.004,0.006,0.03,0.016,0.0,0.008,0.008,0.01,0.01,0.008,0.018,0.01,0.02,0.006,0.012,0.002,0.0,0.0,0.01,0.0,0.012,0.014,0.004,0.008,0.008,0.008,0.0,0.01,0.018,0.0,0.01,0.01,0.012,0.004,0.016,0.006,0.008,0.012,0.006,0.004,0.006,0.018,0.014,0.004,0.016,0.006,0.012,0.01,0.014,0.008,0.016,0.018,0.004,0.01,0.006,0.026,0.028,0.014,0.008,0.014,0.0,0.086,0.012,0.006,0.006,0.012,0.012,0.0,0.0,0.012,0.008
487,0.024,0.016,0.02,0.014,0.016,0.008,0.008,0.002,0.004,0.0,0.016,0.01,0.006,0.012,0.008,0.016,0.008,0.004,0.002,0.008,0.01,0.01,0.008,0.01,0.006,0.004,0.006,0.03,0.016,0.0,0.008,0.008,0.01,0.01,0.008,0.018,0.01,0.02,0.006,0.012,0.002,0.0,0.0,0.01,0.0,0.012,0.014,0.004,0.008,0.008,0.008,0.0,0.01,0.018,0.0,0.01,0.01,0.012,0.004,0.016,0.006,0.008,0.012,0.006,0.004,0.006,0.018,0.014,0.004,0.016,0.006,0.012,0.01,0.014,0.008,0.016,0.018,0.004,0.01,0.006,0.026,0.028,0.014,0.008,0.014,0.0,0.086,0.012,0.006,0.006,0.012,0.012,0.0,0.0,0.012,0.008
488,0.024,0.016,0.02,0.014,0.016,0.008,0.008,0.002,0.004,0.0,0.016,0.01,0.006,0.012,0.008,0.016,0.008,0.004,0.002,0.008,0.01,0.01,0.008,0.01,0.006,0.004,0.006,0.03,0.016,0.0,0.008,0.008,0.01,0.01,0.008,0.018,0.01,0.02,0.006,0.012,0.002,0.0,0.0,0.01,0.0,0.012,0.014,0.004,0.01,0.008,0.008,0.0,0.01,0.018,0.0,0.01,0.01,0.012,0.004,0.016,0.006,0.008,0.012,0.006,0.004,0.006,0.018,0.014,0.004,0.016,0.006,0.012,0.01,0.014,0.008,0.016,0.018,0.004,0.01,0.004,0.026,0.028,0.014,0.008,0.014,0.0,0.086,0.012,0.006,0.006,0.012,0.012,0.0,0.0,0.012,0.008
489,0.024,0.016,0.02,0.014,0.016,0.008,0.008,0.002,0.004,0.0,0.016,0.01,0.006,0.012,0.008,0.016,0.008,0.004,0.002,0.008,0.01,0.01,0.008,0.01,0.006,0.004,0.006,0.03,0.016,0.0,0.008,0.008,0.01,0.01,0.008,0.018,0.01,0.02,0.006,0.012,0.002,0.0,0.0,0.01,0.0,0.012,0.014,0.004,0.01,0.008,0.008,0.0,0.01,0.018,0.0,0.01,0.01,0.012,0.004,0.016,0.006,0.008,0.012,0.006,0.004,0.006,0.018,0.014,0.004,0.016,0.006,0.012,0.01,0.014,0.008,0.016,0.018,0.004,0.01,0.004,0.026,0.028,0.014,0.008,0.014,0.0,0.086,0.012,0.006,0.006,0.012,0.012,0.0,0.0,0.012,0.008
490,0.024,0.016,0.02,0.014,0.016,0.008,0.008,0.002,0.004,0.0,0.016,0.01,0.006,0.012,0.008,0.016,0.008,0.004,0.002,0.008,0.01,0.01,0.008,0.01,0.006,0.004,0.006,0.03,0.016,0.0,0.008,0.008,0.01,0.01,0.008,0.018,0.01,0.02,0.006,0.012,0.002,0.0,0.0,0.01,0.0,0.012,0.014,0.004,0.01,0.008,0.008,0.0,0.01,0.018,0.0,0.01,0.01,0.012,0.004,0.016,0.006,0.006,0.012,0.006,0.004,0.006,0.018,0.016,0.004,0.016,0.006,0.012,0.01,0.014,0.008,0.016,0.018,0.004,0.01,0.004,0.026,0.028,0.014,0.008,0.014,0.0,0.086,0.012,0.006,0.006,0.012,0.012,0.0,0.0,0.012,0.008
491,0.024,0.016,0.02,0.014,0.016,0.008,0.008,0.002,0.004,0.0,0.016,0.01,0.006,0.012,0.008,0.016,0.008,0.004,0.002,0.008,0.01,0.01,0.008,0.01,0.006,0.004,0.006,0.03,0.016,0.0,0.008,0.008,0.01,0.01,0.008,0.018,0.01,0.02,0.006,0.012,0.002,0.0,0.0,0.01,0.0,0.012,0.014,0.004,0.01,0.008,0.008,0.0,0.01,0.018,0.0,0.01,0.01,0.012,0.004,0.016,0.006,0.006,0.012,0.006,0.004,0.006,0.018,0.016,0.004,0.016,0.006,0.012,0.01,0.014,0.008,0.016,0.018,0.004,0.01,0.004,0.026,0.028,0.014,0.008,0.014,0.0,0.086,0.012,0.006,0.006,0.012,0.012,0.0,0.0,0.012,0.008
492,0.024,0.016,0.02,0.014,0.016,0.008,0.008,0.002,0.004,0.0,0.016,0.01,0.006,0.012,0.008,0.016,0.008,0.004,0.002,0.008,0.01,0.01,0.008,0.01,0.004,0.004,0.006,0.03,0.016,0.0,0.008,0.008,0.01,0.01,0.008,0.018,0.01,0.02,0.006,0.012,0.002,0.0,0.0,0.01,0.0,0.012,0.014,0.004,0.01,0.008,0.01,0.0,0.01,0.018,0.0,0.01,0.01,0.012,0.004,0.016,0.006,0.006,0.012,0.006,0.004,0.006,0.018,0.016,0.004,0.016,0.006,0.012,0.01,0.014,0.008,0.016,0.018,0.004,0.01,0.004,0.026,0.028,0.014,0.008,0.014,0.0,0.086,0.012,0.006,0.006,0.012,0.012,0.0,0.0,0.012,0.008
493,0.022,0.016,0.02,0.014,0.016,0.008,0.008,0.002,0.004,0.0,0.016,0.01,0.006,0.012,0.008,0.016,0.008,0.004,0.002,0.008,0.01,0.01,0.008,0.01,0.004,0.004,0.006,0.03,0.016,0.0,0.008,0.008,0.01,0.01,0.008,0.018,0.01,0.02,0.006,0.012,0.002,0.0,0.0,0.01,0.0,0.012,0.014,0.004,0.01,0.008,0.01,0.0,0.01,0.018,0.0,0.01,0.01,0.012,0.004,0.016,0.006,0.006,0.012,0.006,0.004,0.006,0.018,0.016,0.004,0.016,0.006,0.012,0.01,0.014,0.008,0.018,0.018,0.004,0.01,0.004,0.026,0.028,0.014,0.008,0.014,0.0,0.086,0.012,0.006,0.006,0.012,0.012,0.0,0.0,0.012,0.008
494,0.022,0.016,0.02,0.014,0.016,0.008,0.008,0.002,0.004,0.0,0.016,0.01,0.006,0.012,0.008,0.016,0.008,0.004,0.002,0.008,0.01,0.01,0.008,0.01,0.004,0.004,0.006,0.03,0.016,0.0,0.008,0.008,0.01,0.01,0.008,0.018,0.01,0.02,0.006,0.012,0.002,0.0,0.0,0.01,0.0,0.012,0.014,0.004,0.01,0.008,0.01,0.0,0.01,0.018,0.0,0.01,0.01,0.012,0.004,0.016,0.006,0.006,0.012,0.006,0.004,0.006,0.018,0.016,0.004,0.016,0.006,0.012,0.01,0.014,0.008,0.018,0.018,0.004,0.01,0.004,0.026,0.028,0.014,0.008,0.014,0.0,0.086,0.012,0.006,0.006,0.012,0.012,0.0,0.0,0.012,0.008
495,0.022,0.016,0.02,0.014,0.016,0.008,0.008,0.002,0.004,0.0,0.016,0.01,0.006,0.012,0.008,0.016,0.008,0.004,0.002,0.008,0.01,0.01,0.008,0.01,0.004,0.004,0.006,0.03,0.016,0.0,0.008,0.008,0.01,0.01,0.008,0.018,0.01,0.02,0.006,0.012,0.002,0.0,0.0,0.01,0.0,0.012,0.014,0.004,0.01,0.008,0.01,0.0,0.01,0.018,0.0,0.01,0.01,0.012,0.004,0.016,0.006,0.006,0.012,0.006,0.004,0.006,0.018,0.016,0.004,0.016,0.006,0.012,0.01,0.014,0.008,0.018,0.018,0.004,0.01,0.004,0.026,0.028,0.014,0.008,0.014,0.0,0.086,0.012,0.006,0.006,0.012,0.012,0.0,0.0,0.012,0.008
496,0.022,0.016,0.02,0.014,0.016,0.008,0.008,0.002,0.004,0.0,0.016,0.01,0.006,0.012,0.008,0.016,0.008,0.004,0.002,0.008,0.01,0.01,0.006,0.01,0.004,0.004,0.006,0.03,0.016,0.0,0.008,0.008,0.01,0.01,0.008,0.018,0.01,0.02,0.006,0.012,0.002,0.0,0.0,0.01,0.0,0.012,0.014,0.004,0.01,0.008,0.01,0.0,0.01,0.018,0.0,0.01,0.012,0.012,0.004,0.016,0.006,0.006,0.012,0.006,0.004,0.006,0.018,0.016,0.004,0.016,0.006,0.012,0.01,0.014,0.008,0.018,0.018,0.004,0.01,0.004,0.026,0.028,0.014,0.008,0.014,0.0,0.086,0.012,0.006,0.006,0.012,0.012,0.0,0.0,0.012,0.008
497,0.022,0.016,0.02,0.014,0.016,0.008,0.008,0.002,0.004,0.0,0.016,0.01,0.006,0.012,0.008,0.016,0.008,0.004,0.002,0.008,0.01,0.01,0.006,0.01,0.004,0.004,0.006,0.032,0.014,0.0,0.008,0.008,0.01,0.01,0.008,0.018,0.01,0.02,0.006,0.012,0.002,0.0,0.0,0.01,0.0,0.012,0.014,0.004,0.01,0.008,0.01,0.0,0.01,0.018,0.0,0.01,0.012,0.012,0.004,0.016,0.006,0.006,0.012,0.006,0.004,0.006,0.018,0.016,0.004,0.016,0.006,0.012,0.01,0.014,0.008,0.018,0.018,0.004,0.01,0.004,0.026,0.028,0.014,0.008,0.014,0.0,0.086,0.012,0.006,0.006,0.012,0.012,0.0,0.0,0.012,0.008
498,0.022,0.016,0.02,0.014,0.014,0.008,0.008,0.002,0.004,0.0,0.016,0.01,0.006,0.012,0.008,0.016,0.008,0.004,0.002,0.008,0.012,0.01,0.006,0.01,0.004,0.004,0.006,0.032,0.014,0.0,0.008,0.008,0.01,0.01,0.008,0.018,0.01,0.02,0.006,0.012,0.002,0.0,0.0,0.01,0.0,0.012,0.014,0.004,0.01,0.008,0.01,0.0,0.01,0.018,0.0,0.01,0.012,0.012,0.004,0.016,0.006,0.006,0.012,0.006,0.004,0.006,0.018,0.016,0.004,0.016,0.006,0.012,0.01,0.014,0.008,0.018,0.018,0.004,0.01,0.004,0.026,0.028,0.014,0.008,0.014,0.0,0.086,0.012,0.006,0.006,0.012,0.012,0.0,0.0,0.012,0.008
499,0.022,0.016,0.02,0.014,0.014,0.008,0.008,0.002,0.004,0.0,0.016,0.01,0.006,0.012,0.008,0.016,0.008,0.004,0.002,0.008,0.012,0.01,0.006,0.01,0.004,0.004,0.006,0.032,0.014,0.0,0.008,0.008,0.01,0.01,0.008,0.018,0.01,0.02,0.006,0.012,0.002,0.0,0.0,0.01,0.0,0.012,0.014,0.004,0.01,0.008,0.01,0.0,0.01,0.018,0.0,0.01,0.012,0.012,0.004,0.016,0.006,0.006,0.012,0.006,0.004,0.006,0.018,0.016,0.004,0.016,0.006,0.012,0.01,0.014,0.008,0.018,0.018,0.004,0.01,0.004,0.026,0.028,0.014,0.008,0.014,0.0,0.086,0.012,0.006,0.006,0.012,0.012,0.0,0.0,0.012,0.008
