,VIII_NNN,VI_PNP,V_PNN,VIII_NNP,X_NNP,II_NPP,XI_NNP,VII_NPP,III_NPP,XII_PPN,VII_NNN,IX_NNP,IV_NPP,VII_PNN,I_PPN,XI_NNN,VII_NPN,V_NNP,IX_PPP,IV_PPP,IV_PPN,II_PNN,XI_NPN,I_PPP,XI_PPN,X_PPN,V_PPN,III_NNN,VI_NNN,XI_PPP,V_PNP,XI_NPP,II_PPN,I_NNP,X_NPN,X_NNN,IV_PNN,VIII_PNP,I_NPP,X_PNN,XI_PNP,XII_PNN,XII_NPP,VIII_PPN,XII_NNP,V_NPP,VI_NNP,VI_PNN,I_PNN,II_PPP,VIII_NPN,XII_PPP,IX_PPN,VII_NNP,XI_PNN,X_PNP,IV_PNP,II_PNP,VII_PPN,IX_PNN,III_NNP,VI_PPP,II_NPN,V_NPN,VIII_NPP,V_PPP,IX_NPP,IV_NPN,I_NNN,IV_NNN,VI_PPN,III_PPP,III_NPN,III_PNP,VI_NPN,IV_NNP,IX_NPN,X_NPP,VI_NPP,VIII_PPP,IX_NNN,II_NNN,II_NNP,I_NPN,VIII_PNN,XII_NPN,XII_NNN,III_PPN,VII_PPP,V_NNN,VII_PNP,IX_PNP,X_PPP,XII_PNP,III_PNN,I_PNP
0,-28.28,-57.75,-38.03,-39.12,-29.0,-60.72,-35.7,-38.6,-51.0,0.0,-20.14,-40.4,-34.2,-9.1,-59.44,-34.3,-24.55,-26.72,-48.3,-92.25,-63.75,-41.1,-32.34,-68.75,-48.34,-73.2,-65.4,-13.0,-32.2,-52.34,-60.88,-46.8,-57.56,-27.33,-38.8,-29.0,-37.44,-50.72,-31.5,-38.6,-55.5,0.0,0.0,-45.12,0.0,-46.53,-49.38,-61.1,-53.1,-61.44,-21.44,0.0,-43.84,-22.58,-45.56,-64.0,-65.0,-50.0,-54.03,-44.66,-23.4,-62.84,-31.94,-28.73,-65.44,-76.3,-51.72,-43.62,-16.64,-21.19,-55.1,-72.3,-35.2,-57.4,-25.2,-11.74,-37.06,-51.6,-31.44,-75.2,-31.08,-10.35,-37.25,-39.84,-41.78,0.0,-23.7,-49.5,-65.2,-20.58,-48.12,-48.6,-62.34,0.0,-44.2,-45.66
1,-59.28,-104.8,-69.75,-84.56,-98.8,-116.0,-85.5,-65.94,-122.8,0.0,-73.06,-52.6,-84.5,-42.84,-96.5,-43.2,-72.0,-46.47,-89.8,-118.8,-114.7,-34.9,-53.5,-113.56,-123.56,-80.0,-155.4,-63.6,-22.19,-134.6,-116.75,-139.8,-87.6,-47.6,-94.2,-48.4,-68.06,-125.9,-100.06,-97.0,-82.56,0.0,0.0,-74.94,0.0,-50.7,-106.9,-116.0,-87.0,-144.6,-73.8,0.0,-82.8,-57.34,-96.7,-96.5,-102.3,-86.0,-134.9,-69.56,-119.8,-133.6,-52.9,-62.38,-106.9,-134.9,-101.3,-38.28,-22.2,-59.0,-116.7,-119.3,-119.8,-116.8,-69.6,-127.6,-80.2,-105.4,-62.66,-129.5,-36.28,-26.81,-66.6,-56.34,-67.75,0.0,-44.22,-106.7,-106.4,-44.97,-100.8,-126.4,-132.0,0.0,-54.4,-84.75
2,-36.62,-43.2,-38.03,-35.75,-37.6,-51.22,-36.25,-38.34,-42.4,0.0,-25.73,-34.9,-48.3,-31.5,-32.3,-27.6,-11.38,-32.6,-49.84,-58.97,-33.47,-32.75,-26.7,-45.78,-39.9,-57.2,-46.2,-11.6,-22.27,-65.1,-48.1,-50.34,-49.8,-27.58,-38.4,-33.2,-35.53,-35.94,-31.9,-25.2,-60.9,0.0,0.0,-40.25,0.0,-35.03,-24.78,-57.66,-35.78,-61.62,-38.88,0.0,-56.12,-37.34,-56.4,-55.34,-63.1,-49.8,-50.47,-40.97,-26.0,-52.9,-46.88,-42.44,-54.97,-60.84,-31.3,-39.44,-35.84,-17.23,-36.94,-53.0,-20.6,-60.8,-36.03,-34.28,-32.75,-57.6,-46.53,-46.7,-25.55,-17.61,-15.15,-19.86,-37.94,0.0,-17.61,-41.16,-58.75,-10.79,-37.62,-47.0,-53.0,0.0,-30.0,-39.47
3,-55.72,-66.9,-66.5,-37.9,-28.2,-76.75,-45.3,-45.62,-53.6,0.0,-46.1,-39.56,-58.75,-64.94,-67.8,-20.5,-37.12,-37.4,-67.25,-98.94,-71.44,-49.28,-61.16,-77.94,-73.5,-60.6,-55.06,-44.6,-36.9,-80.7,-44.0,-59.0,-58.22,-49.0,-49.4,-25.4,-39.88,-52.84,-78.56,-52.2,-57.4,0.0,0.0,-70.44,0.0,-58.22,-37.9,-44.38,-52.3,-63.12,-48.8,0.0,-65.9,-28.9,-66.0,-66.7,-53.44,-48.16,-77.75,-42.5,-43.8,-74.2,-70.44,-50.88,-46.72,-74.5,-42.53,-55.1,-28.64,-11.55,-47.53,-95.0,-35.8,-68.0,-30.45,-46.2,-53.72,-41.2,-49.38,-80.7,-22.73,-19.33,-47.88,-30.6,-23.56,0.0,-25.8,-72.7,-92.25,-5.66,-58.94,-61.25,-91.0,0.0,-52.0,-79.6
4,-23.23,-52.7,-51.22,-39.2,-54.4,-58.7,-40.5,-48.8,-47.4,0.0,-11.44,-19.75,-47.2,-34.1,-87.06,-30.0,-40.84,-52.1,-59.28,-76.7,-58.28,-38.28,-34.75,-82.5,-67.8,-48.0,-55.8,-18.8,-17.34,-75.2,-54.78,-62.56,-68.44,-24.58,-30.0,-18.8,-37.94,-55.94,-78.44,-54.8,-46.56,0.0,0.0,-59.97,0.0,-28.64,-19.1,-45.12,-39.8,-76.4,-50.56,0.0,-65.94,-36.88,-58.7,-63.34,-56.34,-73.75,-46.06,-30.1,-67.2,-70.9,-37.88,-36.16,-60.1,-76.4,-76.6,-68.56,-25.27,-18.02,-65.5,-76.0,-35.2,-80.4,-22.72,-28.16,-35.16,-47.2,-66.7,-59.28,-16.31,-46.28,-28.33,-50.22,-30.81,0.0,-31.84,-68.7,-78.94,-29.42,-48.22,-74.0,-82.8,0.0,-39.6,-52.97
5,-89.7,-193.6,-150.2,-93.7,-146.2,-184.1,-196.2,-213.2,-138.6,0.0,-54.88,-124.0,-212.5,-116.56,-277.2,-81.1,-72.6,-211.0,-270.8,-246.4,-287.8,-182.1,-230.8,-232.2,-155.8,-287.0,-138.1,-110.0,-67.6,-332.5,-200.2,-176.2,-155.5,-158.1,-142.2,-154.4,-148.4,-221.1,-156.5,-136.8,-265.0,0.0,0.0,-166.2,0.0,-185.5,-216.1,-97.25,-232.8,-200.8,-131.6,0.0,-129.9,-116.44,-184.8,-153.6,-243.9,-225.5,-213.1,-140.0,-176.4,-233.6,-185.5,-193.6,-209.0,-170.5,-254.9,-108.7,-84.9,-91.1,-162.4,-233.4,-191.0,-224.6,-79.3,-154.6,-133.8,-239.2,-244.1,-210.2,-144.4,-109.94,-106.75,-111.8,-135.1,0.0,-81.1,-156.6,-298.5,-137.0,-219.5,-239.1,-258.0,0.0,-156.5,-226.4
6,-24.67,-111.3,-75.8,-91.6,-62.8,-106.6,-87.94,-50.84,-117.4,0.0,-28.1,-91.7,-111.9,-47.94,-182.4,-62.97,-37.1,-109.9,-191.0,-167.5,-107.4,-51.7,-98.7,-136.8,-117.75,-135.4,-115.6,-47.4,-49.2,-146.1,-146.2,-116.6,-116.9,-80.1,-73.8,-65.0,-93.56,-136.9,-93.2,-61.2,-122.7,0.0,0.0,-112.94,0.0,-71.25,-15.35,-82.8,-101.6,-166.5,-44.0,0.0,-113.7,-120.2,-98.9,-120.5,-104.4,-127.56,-136.6,-112.8,-78.2,-159.2,-75.7,-61.3,-85.8,-132.1,-117.0,-85.44,-74.8,-15.41,-117.56,-189.6,-90.8,-130.6,-79.6,-91.4,-75.4,-159.4,-109.44,-129.5,-45.0,-34.8,-60.6,-74.8,-93.44,0.0,-48.03,-70.7,-144.5,-26.81,-131.8,-128.9,-145.6,0.0,-29.25,-114.6
7,-8.625,-44.6,-39.44,-42.34,-31.2,-61.3,-37.2,-56.2,-53.8,0.0,-25.4,-27.06,-36.44,-41.12,-51.88,-19.16,-46.72,-23.27,-47.5,-61.6,-40.72,-25.75,-23.05,-49.5,-56.6,-52.2,-30.5,-22.4,-36.06,-65.94,-44.53,-40.1,-47.1,-31.25,-18.6,-8.0,-33.97,-55.72,-50.34,-25.4,-34.12,0.0,0.0,-46.28,0.0,-43.1,-27.66,-28.08,-44.75,-52.94,-34.97,0.0,-43.8,-43.84,-40.12,-42.66,-38.7,-44.84,-46.2,-28.9,-20.6,-47.12,-33.25,-31.78,-47.75,-60.6,-44.1,-43.47,-28.06,-38.22,-42.1,-53.0,-46.0,-52.2,-11.5,-38.4,-27.7,-37.4,-60.62,-69.5,-31.3,-16.52,-38.22,-29.25,-52.4,0.0,-24.23,-60.5,-65.06,-20.0,-45.28,-52.47,-70.3,0.0,-42.25,-54.62
8,-33.22,-72.5,-71.5,-85.4,-69.2,-96.4,-41.03,-19.9,-78.8,0.0,-31.64,-59.75,-95.2,-38.38,-95.06,-42.06,-74.94,-74.25,-89.8,-135.6,-97.56,-67.7,-88.2,-116.4,-97.44,-92.8,-76.6,-56.8,-41.5,-97.0,-109.94,-73.2,-86.25,-71.3,-68.4,-50.0,-71.5,-90.2,-76.1,-76.2,-107.5,0.0,0.0,-74.0,0.0,-80.06,-53.28,-42.06,-92.0,-87.7,-91.56,0.0,-97.5,-66.94,-74.4,-85.7,-50.72,-92.2,-110.9,-79.8,-63.4,-86.8,-54.34,-67.2,-109.5,-126.7,-82.5,-77.56,-73.1,-62.53,-93.3,-95.3,-76.6,-88.6,-55.7,-55.6,-75.4,-77.0,-91.3,-124.1,-27.39,-52.44,-77.3,-76.1,-69.5,0.0,-44.6,-98.7,-94.2,-41.38,-80.06,-68.56,-89.7,0.0,-55.0,-97.44
9,-14.484,-37.62,-23.25,-23.02,-20.4,-40.38,-34.06,-34.16,-32.6,0.0,-6.8,-28.6,-16.88,-39.66,-41.66,-14.17,-16.9,-23.56,-44.25,-45.94,-58.84,-31.12,-19.75,-62.94,-42.03,-32.6,-34.97,-22.8,-14.586,-47.2,-35.94,-46.2,-27.23,-32.9,-23.8,-22.8,-38.16,-42.78,-27.45,-22.0,-46.0,0.0,0.0,-43.03,0.0,-24.9,-23.98,-33.28,-24.69,-51.38,-19.19,0.0,-25.62,-11.94,-13.05,-37.34,-42.44,-35.06,-49.78,-23.44,-9.4,-46.25,-34.6,-12.85,-39.7,-33.0,-35.47,-29.33,-8.53,-24.69,-35.53,-48.0,-32.2,-27.6,-33.12,-26.34,-15.9,-36.6,-30.56,-49.84,-14.914,-22.0,-21.55,-12.3,-16.95,0.0,-15.62,-21.0,-41.2,-19.12,-41.06,-33.94,-52.5,0.0,-36.25,-43.7
10,-29.08,-52.0,-35.9,-37.75,-51.4,-58.66,-56.0,-32.78,-46.6,0.0,-24.56,-41.94,-34.66,-38.16,-73.7,-6.1,-28.9,-28.9,-71.8,-59.7,-39.1,-35.75,-39.44,-64.75,-59.34,-47.8,-31.45,-33.0,-17.62,-68.25,-56.6,-46.4,-43.06,-35.94,-39.0,-25.0,-48.06,-67.1,-33.9,-32.8,-59.0,0.0,0.0,-51.97,0.0,-32.78,-45.2,-42.84,-51.03,-61.94,-13.9,0.0,-41.6,-24.56,-39.0,-59.34,-68.3,-50.5,-60.94,-33.9,-31.8,-80.6,-43.8,-46.44,-29.56,-61.5,-57.22,-24.89,-19.95,-32.16,-41.88,-62.34,-35.6,-49.2,-38.84,-50.25,-33.16,-47.0,-33.75,-50.78,-16.03,-29.1,-49.66,-50.66,-50.47,0.0,-24.4,-82.2,-49.0,-39.44,-44.0,-49.2,-62.34,0.0,-32.0,-54.66
11,-80.94,-102.8,-69.2,-88.4,-89.8,-64.1,-73.94,-97.44,-83.6,0.0,-30.2,-63.25,-102.7,-89.56,-67.75,-31.23,-46.3,-37.6,-119.4,-113.75,-68.8,-73.0,-66.2,-113.1,-112.0,-114.8,-68.0,-36.4,-30.92,-100.0,-90.75,-102.3,-106.44,-52.9,-67.8,-56.8,-101.56,-98.8,-122.1,-45.6,-132.2,0.0,0.0,-100.06,0.0,-120.5,-58.9,-64.9,-76.3,-119.56,-55.9,0.0,-83.8,-69.1,-94.4,-98.2,-96.8,-103.3,-82.9,-53.47,-76.6,-124.5,-77.8,-68.25,-75.2,-119.75,-74.56,-102.7,-41.5,-32.97,-80.2,-118.0,-77.6,-100.0,-59.47,-32.84,-80.75,-93.0,-78.75,-101.3,-20.36,-45.97,-76.4,-48.22,-77.3,0.0,-36.12,-91.2,-111.25,-51.2,-98.25,-60.12,-118.0,0.0,-68.25,-90.0
12,-17.45,-50.25,-35.2,-44.84,-32.0,-24.36,-39.56,-55.44,-36.2,0.0,-13.7,-38.7,-41.75,-35.2,-28.1,-26.6,-31.1,-25.86,-60.06,-48.75,-35.4,-28.64,-36.72,-55.62,-47.06,-39.6,-48.88,-29.4,-22.44,-64.0,-38.9,-59.6,-39.3,-30.94,-13.4,-10.2,-44.75,-35.28,-40.8,-22.4,-43.8,0.0,0.0,-49.66,0.0,-32.4,-29.7,-23.45,-32.38,-45.75,-35.75,0.0,-29.45,-35.06,-36.6,-51.16,-50.2,-57.16,-41.06,-24.84,-36.4,-48.6,-29.33,-20.6,-44.47,-47.3,-42.3,-20.14,-26.62,-20.52,-39.25,-49.66,-9.4,-58.2,-20.45,-33.8,-30.69,-44.4,-45.62,-48.25,-17.33,-5.02,-32.9,-29.3,-39.2,0.0,-18.88,-38.66,-54.22,-16.1,-48.12,-28.84,-63.0,0.0,-37.0,-43.4
13,-56.06,-203.1,-115.7,-134.5,-125.0,-226.9,-67.4,-208.5,-210.4,0.0,-81.56,-176.1,-210.4,-154.0,-134.4,-115.2,-190.9,-147.6,-245.0,-256.5,-207.2,-117.8,-134.6,-212.2,-256.5,-219.8,-185.8,-158.6,-114.56,-277.2,-199.5,-166.6,-280.2,-87.56,-56.0,-97.8,-178.2,-205.6,-186.9,-145.0,-200.6,0.0,0.0,-266.0,0.0,-173.4,-130.0,-163.9,-169.4,-238.2,-162.5,0.0,-98.4,-127.25,-95.06,-214.0,-194.0,-171.1,-193.6,-172.4,-216.8,-215.1,-184.6,-166.5,-200.5,-246.0,-231.9,-231.4,-38.97,-126.4,-169.5,-227.0,-83.4,-251.8,-160.1,-162.4,-122.9,-214.0,-261.2,-216.9,-74.75,-128.9,-107.1,-131.2,-155.9,0.0,-93.75,-163.6,-279.5,-98.25,-213.0,-199.2,-239.6,0.0,-228.0,-205.6
14,-46.22,-122.5,-120.0,-127.94,-117.4,-79.94,-94.9,-113.0,-154.6,0.0,-51.38,-41.78,-101.3,-114.25,-111.94,-91.1,-111.0,-96.94,-151.8,-172.6,-154.5,-109.25,-87.6,-172.9,-121.8,-107.4,-128.1,-54.0,-86.94,-168.1,-124.3,-159.4,-157.9,-102.56,-76.8,-64.0,-71.75,-121.3,-139.0,-69.2,-168.5,0.0,0.0,-137.5,0.0,-119.94,-95.4,-97.7,-105.75,-111.4,-120.7,0.0,-151.6,-106.7,-85.2,-142.1,-103.2,-140.1,-104.5,-84.6,-151.8,-131.8,-127.1,-40.12,-138.9,-159.1,-109.44,-104.9,-101.25,-78.8,-149.6,-165.6,-68.6,-172.6,-52.66,-107.1,-74.3,-106.4,-124.6,-189.1,-44.78,-50.16,-58.06,-109.56,-117.1,0.0,-59.9,-115.5,-119.94,-68.4,-147.9,-150.0,-182.4,0.0,-143.0,-126.0
15,-14.46,-47.84,-28.14,-25.33,-24.2,-32.88,-19.8,-40.62,-37.0,0.0,-7.35,-36.3,-39.7,-26.6,-39.88,-16.84,-21.52,-26.45,-55.47,-61.34,-44.0,-28.56,-20.84,-47.6,-37.2,-33.4,-31.8,-10.2,-13.93,-67.4,-43.3,-53.56,-50.56,-38.75,-19.0,-16.6,-31.83,-45.88,-43.2,-34.8,-45.9,0.0,0.0,-46.78,0.0,-34.34,-21.31,-29.4,-23.81,-53.44,-29.7,0.0,-41.16,-24.12,-34.4,-42.84,-42.12,-47.6,-35.84,-19.83,-19.2,-53.84,-29.86,-14.52,-33.56,-46.06,-29.62,-28.06,-20.7,-16.31,-36.75,-52.34,-43.8,-43.0,-43.3,-37.56,-22.05,-38.6,-34.28,-63.12,-20.52,-24.27,-12.09,-25.34,-29.36,0.0,-21.0,-40.5,-50.4,-11.95,-36.53,-47.72,-65.7,0.0,-31.25,-26.1
16,-4.61,-22.03,-16.25,-11.56,-23.4,-18.16,-13.45,-22.5,-31.4,0.0,-9.33,-23.56,-13.586,-15.6,-16.0,-11.98,-9.76,-12.9,-33.1,-25.16,-20.7,-14.48,-8.1,-23.66,-22.6,-16.8,-26.84,-15.8,-5.723,-24.7,-15.78,-19.66,-23.34,-24.83,-14.2,-4.6,-11.375,-20.42,-23.34,-18.4,-16.8,0.0,0.0,-10.13,0.0,-21.19,-7.27,-9.62,-18.75,-26.3,-7.17,0.0,-17.55,-17.7,-14.9,-19.17,-23.25,-21.8,-21.1,-12.8,-19.4,-21.75,-22.08,-7.63,-20.05,-27.31,-18.64,-9.8,-9.62,-12.55,-23.25,-29.67,-5.8,-13.6,-15.33,-9.08,-16.4,-23.6,-8.05,-29.22,-9.57,-4.44,-8.36,-17.14,-16.02,0.0,-8.89,-22.83,-28.4,-12.984,-24.2,-14.93,-21.67,0.0,-8.75,-23.48
17,-9.25,-20.39,-16.52,-12.82,-17.0,-28.38,-18.05,-19.16,-20.2,0.0,-9.4,-15.03,-12.734,-19.98,-24.4,-13.55,-15.55,-6.42,-21.48,-23.12,-17.64,-17.77,-10.44,-21.98,-19.34,-20.2,-18.66,-12.6,-11.82,-23.45,-21.47,-29.3,-20.0,-13.87,-18.6,-12.6,-24.62,-20.5,-22.55,-17.2,-14.29,0.0,0.0,-18.44,0.0,-16.6,-12.0,-18.4,-24.61,-25.55,-15.49,0.0,-16.48,-14.24,-20.6,-17.17,-14.375,-20.89,-14.5,-16.75,-14.4,-25.81,-20.4,-7.56,-22.69,-14.84,-20.47,-18.95,-13.9,-12.2,-21.23,-27.0,-11.0,-22.5,-11.08,-22.73,-13.64,-15.8,-12.164,-23.7,-10.445,-6.19,-16.48,-16.3,-9.72,0.0,-9.21,-16.17,-30.38,-12.65,-20.08,-18.67,-29.67,0.0,-13.5,-19.4
18,-1.292,-5.066,-2.635,-4.2,-3.2,-2.07,-2.0,-6.0,-5.0,0.0,-1.79,-3.25,-4.41,-1.62,-4.72,-2.0,-2.3,-3.58,-6.65,-6.34,-3.87,-3.7,-2.6,-6.027,-5.0,-5.4,-1.11,-1.6,-1.55,-6.668,-3.72,-4.0,-2.63,-2.8,-3.4,-2.0,-2.133,-4.78,-3.91,-2.8,-4.4,0.0,0.0,-5.86,0.0,-2.82,-3.98,-3.35,-4.24,-5.43,-3.8,0.0,-4.11,-3.4,-2.6,-5.5,-3.625,-3.35,-4.375,-2.0,-3.6,-6.85,-2.018,-2.79,-4.68,-6.37,-3.541,-2.22,-2.562,-1.61,-5.633,-6.332,-1.6,-3.5,-2.27,-2.9,-2.58,-4.8,-3.975,-6.45,-2.156,-3.3,-1.27,-1.89,-3.74,0.0,-1.099,-3.834,-6.363,-2.375,-4.02,-5.266,-6.0,0.0,-2.75,-3.7
19,-12.11,-27.81,-21.86,-10.23,-34.0,-19.55,-30.2,-35.88,-36.4,0.0,-1.7,-22.42,-29.83,-24.98,-37.62,-9.43,-12.8,-29.38,-34.84,-40.16,-33.66,-23.84,-22.02,-38.88,-33.0,-31.4,-28.1,-14.6,-18.56,-33.28,-33.0,-37.2,-31.31,-26.8,-30.8,-12.2,-23.4,-18.92,-32.53,-25.6,-32.44,0.0,0.0,-35.1,0.0,-31.38,-22.66,-42.94,-16.12,-33.94,-12.85,0.0,-33.4,-24.83,-32.66,-37.34,-26.69,-28.73,-25.83,-19.05,-19.6,-40.34,-14.41,-15.47,-20.73,-42.47,-20.9,-26.02,-4.438,-18.38,-21.08,-41.0,-13.8,-36.66,-17.56,-17.23,-19.36,-34.0,-32.47,-37.22,-22.62,-15.13,-27.17,-32.1,-25.95,0.0,-15.37,-31.83,-40.2,-18.9,-23.69,-22.23,-37.0,0.0,-37.0,-30.08
20,-34.94,-84.94,-61.34,-119.44,-133.2,-96.75,-86.2,-62.8,-99.6,0.0,-41.5,-48.38,-56.53,-50.66,-73.6,-38.25,-101.44,-89.6,-112.1,-74.94,-101.8,-59.0,-76.4,-117.56,-83.4,-58.0,-113.3,-45.8,-51.9,-127.6,-101.9,-61.4,-107.25,-72.0,-58.4,-81.8,-70.7,-93.75,-107.44,-54.0,-86.3,0.0,0.0,-93.4,0.0,-97.5,-83.8,-41.34,-75.9,-144.1,-70.0,0.0,-86.8,-61.47,-70.3,-85.3,-83.25,-92.7,-80.94,-73.75,-65.4,-137.5,-18.42,-60.25,-74.25,-106.25,-93.0,-97.0,-44.75,-48.8,-83.7,-113.0,-88.8,-90.0,-66.25,-62.3,-21.7,-88.0,-83.75,-120.44,-31.69,-28.89,-75.56,-84.6,-41.38,0.0,-54.3,-95.5,-89.75,-76.9,-75.5,-94.4,-131.0,0.0,-51.0,-97.56
21,-6.484,-14.57,-17.27,-13.82,-19.6,-18.5,-17.52,-17.25,-11.8,0.0,-10.22,-15.85,-17.7,-17.77,-25.12,-13.43,-14.36,-14.5,-26.03,-17.19,-21.61,-11.62,-16.95,-25.08,-16.0,-27.2,-17.2,-9.4,-10.62,-21.66,-23.31,-17.88,-12.85,-10.55,-21.2,-6.2,-14.47,-24.45,-22.69,-16.6,-21.1,0.0,0.0,-19.84,0.0,-18.2,-21.02,-14.54,-17.3,-23.95,-16.28,0.0,-15.05,-9.87,-16.69,-18.0,-21.8,-20.06,-20.1,-16.16,-14.0,-26.2,-11.625,-18.3,-21.89,-25.72,-19.6,-16.16,-13.31,-7.28,-21.73,-23.0,-18.8,-16.83,-9.16,-14.66,-10.52,-14.0,-16.72,-22.14,-5.85,-14.44,-10.4,-19.34,-13.76,0.0,-8.63,-16.33,-21.0,-7.875,-18.9,-16.0,-27.0,0.0,-15.25,-20.6
22,-11.29,-20.17,-17.14,-7.78,-18.8,-12.16,-12.32,-21.88,-24.4,0.0,-4.64,-15.1,-17.08,-13.94,-14.77,-9.0,-13.34,-18.16,-22.75,-24.19,-16.45,-12.92,-14.48,-28.36,-15.7,-15.88,-16.2,-6.2,-4.492,-22.92,-22.55,-23.72,-17.9,-10.78,-17.4,-8.2,-14.914,-21.4,-17.31,-20.67,-23.1,0.0,0.0,-23.92,0.0,-19.22,-6.46,-10.36,-14.35,-23.3,-16.84,0.0,-23.69,-13.22,-12.56,-22.83,-16.6,-21.66,-13.44,-20.55,-12.2,-25.84,-8.74,-13.28,-26.06,-22.3,-16.61,-14.44,-3.15,-5.91,-20.61,-28.33,-13.8,-22.33,-18.94,-12.54,-12.18,-19.0,-25.3,-21.7,-2.986,-7.86,-13.31,-11.0,-16.77,0.0,-9.875,-20.5,-24.88,-5.133,-18.92,-18.66,-32.34,0.0,-21.25,-15.62
23,-8.15,-6.61,-6.758,-7.03,-8.0,-11.21,-8.45,-8.55,-10.4,0.0,-4.3,-6.75,-5.684,-6.6,-13.38,-4.4,-3.7,-4.44,-8.85,-13.84,-5.79,-8.76,-7.2,-13.625,-10.45,-11.2,-8.23,-4.2,-4.812,-14.484,-11.75,-8.48,-9.27,-5.54,-6.2,-1.8,-8.03,-7.8,-9.43,-8.664,-9.56,0.0,0.0,-6.95,0.0,-3.1,-4.7,-11.24,-6.664,-14.96,-3.57,0.0,-8.11,-3.834,-6.5,-13.5,-10.67,-13.61,-8.9,-8.04,-4.2,-13.11,-7.516,-2.95,-10.93,-9.22,-5.61,-9.63,-1.825,-5.52,-11.086,-15.0,-5.6,-11.164,-8.66,-5.08,-6.3,-8.4,-10.16,-9.836,-3.172,-2.58,-5.72,-6.09,-9.96,0.0,-4.78,-9.664,-15.375,-4.0,-8.54,-10.55,-13.0,0.0,-4.75,-9.9
24,-62.22,-181.6,-112.56,-114.6,-126.2,-178.0,-147.0,-136.1,-205.2,0.0,-91.25,-169.0,-173.0,-84.6,-171.4,-85.5,-137.1,-124.9,-140.4,-208.9,-142.5,-124.75,-120.94,-160.0,-150.6,-72.8,-156.0,-41.0,-55.7,-254.2,-139.0,-163.4,-162.4,-93.5,-182.0,-53.0,-152.1,-145.0,-149.8,-105.3,-160.5,0.0,0.0,-136.6,0.0,-107.5,-77.06,-148.4,-119.56,-214.0,-92.6,0.0,-158.0,-66.1,-106.75,-128.5,-201.0,-159.9,-127.7,-125.8,-106.8,-223.5,-106.8,-59.38,-128.0,-167.4,-145.0,-91.4,-87.6,-68.6,-155.2,-199.0,-96.8,-157.0,-90.4,-98.56,-105.2,-203.0,-164.0,-155.4,-93.44,-99.8,-117.06,-171.1,-90.1,0.0,-66.3,-66.2,-161.4,-131.5,-162.8,-108.25,-179.0,0.0,-164.0,-171.9
25,-2.709,-10.086,-7.76,-5.516,-12.4,-11.72,-5.9,-7.875,-9.2,0.0,-1.6,-4.3,-7.64,-6.8,-10.28,-6.28,-7.24,-6.1,-8.2,-9.5,-6.33,-6.68,-7.55,-13.54,-10.9,-9.4,-14.68,-5.0,-6.83,-12.305,-9.84,-9.9,-9.38,-5.69,-7.0,-5.8,-11.7,-11.38,-7.24,-5.5,-11.1,0.0,0.0,-12.68,0.0,-9.3,-4.7,-8.28,-3.75,-12.8,-3.11,0.0,-5.74,-6.984,-6.85,-12.336,-10.484,-10.71,-10.05,-9.39,-8.2,-15.7,-10.36,-5.55,-6.69,-12.53,-9.52,-7.15,-4.836,-4.99,-11.07,-12.336,-9.2,-9.836,-10.72,-5.64,-5.23,-9.6,-8.55,-14.75,-4.086,-0.01,-6.01,-5.95,-4.0,0.0,-4.69,-12.4,-9.25,-8.0,-12.19,-8.836,-14.336,0.0,-9.25,-12.85
26,-26.66,-63.72,-33.5,-54.1,-48.6,-76.56,-79.06,-58.0,-61.6,0.0,-29.98,-49.22,-56.12,-52.97,-38.75,-31.56,-54.12,-68.2,-75.75,-78.8,-60.4,-54.7,-70.5,-71.06,-85.3,-64.0,-66.0,-20.6,-45.0,-84.4,-74.7,-58.53,-34.1,-39.75,-36.8,-20.6,-46.38,-80.44,-65.44,-61.16,-69.94,0.0,0.0,-78.8,0.0,-53.16,-39.88,-48.44,-38.62,-94.44,-41.78,0.0,-50.66,-54.9,-76.3,-69.56,-75.5,-49.44,-54.94,-43.4,-55.4,-76.4,-56.78,-45.94,-70.8,-52.28,-67.5,-38.38,-11.336,-29.73,-61.5,-91.0,-45.2,-71.0,-48.7,-67.0,-83.8,-56.6,-61.56,-88.44,-13.586,-17.52,-45.03,-62.38,-49.28,0.0,-34.72,-61.6,-84.5,-25.8,-42.5,-83.06,-87.0,0.0,-53.5,-84.3
27,-46.4,-132.2,-58.5,-77.8,-104.0,-108.9,-85.6,-76.0,-73.0,0.0,-33.1,-84.7,-120.8,-65.9,-133.2,-54.88,-22.72,-49.22,-95.5,-94.06,-87.25,-69.3,-61.97,-105.7,-63.34,-85.0,-97.0,-29.6,-38.75,-89.6,-90.2,-117.8,-63.34,-75.8,-70.2,-36.4,-81.9,-126.75,-118.06,-54.0,-69.3,0.0,0.0,-67.1,0.0,-72.8,-64.8,-61.34,-61.44,-102.8,-63.2,0.0,-68.7,-63.53,-103.8,-98.2,-97.25,-94.3,-51.34,-72.06,-40.2,-90.0,-62.44,-78.3,-71.4,-110.6,-92.3,-36.1,-37.06,-40.06,-86.94,-106.7,-45.0,-97.8,-50.34,-55.44,-58.1,-90.6,-106.1,-103.56,-41.5,-37.03,-71.9,-74.7,-87.44,0.0,-48.8,-127.4,-129.5,-36.66,-106.0,-95.5,-101.0,0.0,-101.5,-94.06
28,-14.63,-35.5,-26.92,-44.88,-29.0,-48.8,-33.5,-40.56,-29.6,0.0,-18.56,-22.53,-28.98,-27.7,-37.22,-16.0,-26.23,-42.03,-47.0,-33.16,-39.22,-17.31,-20.0,-31.95,-30.95,-39.2,-45.7,-14.4,-17.25,-50.47,-32.5,-33.84,-28.48,-30.06,-12.0,-24.2,-26.53,-47.9,-28.61,-29.14,-27.92,0.0,0.0,-43.38,0.0,-14.8,-25.2,-26.7,-29.1,-47.12,-19.61,0.0,-38.1,-29.53,-29.6,-32.0,-40.7,-24.08,-36.94,-26.17,-36.0,-54.7,-26.6,-31.17,-27.45,-44.94,-35.16,-25.25,-19.0,-12.16,-35.8,-38.66,-15.4,-35.0,-14.47,-17.39,-16.55,-34.8,-49.06,-47.72,-9.61,-10.73,-33.38,-20.12,-26.23,0.0,-17.86,-25.2,-38.56,-14.164,-36.84,-30.3,-57.34,0.0,-25.75,-23.45
29,-3.133,-10.12,-5.78,-7.1,-4.4,-7.824,-5.2,-5.75,-8.2,0.0,-2.2,-3.94,-9.125,-5.5,-12.74,-4.8,-8.06,-4.04,-11.65,-9.4,-10.1,-3.46,-8.36,-13.664,-9.56,-7.0,-12.8,-5.0,-4.586,-9.664,-10.75,-6.36,-14.18,-6.08,-3.4,-5.0,-5.918,-8.92,-8.3,-8.43,-11.8,0.0,0.0,-8.25,0.0,-8.91,-7.16,-3.7,-9.3,-9.99,-8.47,0.0,-10.24,-8.27,-10.96,-11.0,-8.75,-10.836,-9.125,-8.9,-5.0,-9.78,-7.707,-6.74,-10.51,-10.69,-5.61,-6.54,-5.75,-2.56,-10.12,-13.0,-6.8,-11.836,-7.79,-4.977,-7.46,-11.4,-7.316,-9.61,-4.75,-3.5,-6.45,-4.21,-5.3,0.0,-4.637,-10.6,-8.7,-3.834,-9.74,-9.21,-12.336,0.0,-4.0,-9.31
30,-8.32,-17.36,-14.13,-16.62,-15.4,-16.89,-19.16,-16.47,-23.0,0.0,-5.86,-16.06,-14.33,-13.8,-24.23,-10.1,-10.85,-15.08,-21.67,-23.06,-18.45,-17.62,-21.4,-23.56,-26.28,-21.2,-20.0,-12.6,-5.77,-23.19,-21.92,-14.65,-17.05,-11.75,-9.4,-15.8,-18.25,-20.45,-27.38,-15.0,-21.34,0.0,0.0,-19.66,0.0,-15.58,-17.78,-11.71,-16.62,-26.95,-7.85,0.0,-19.81,-11.46,-11.33,-24.5,-18.75,-22.92,-20.44,-11.63,-12.6,-21.9,-11.88,-7.05,-16.78,-23.83,-19.02,-16.2,-9.05,-5.76,-22.73,-24.33,-14.8,-23.0,-11.1,-7.926,-15.71,-17.0,-25.94,-25.14,-9.25,-7.383,-11.87,-17.27,-10.99,0.0,-9.23,-14.4,-24.8,-9.766,-21.66,-18.08,-20.33,0.0,-12.25,-24.66
31,-22.23,-50.72,-32.28,-29.89,-44.2,-53.1,-34.8,-62.75,-50.8,0.0,-33.12,-36.62,-39.03,-29.38,-58.75,-39.8,-30.19,-44.34,-66.9,-69.4,-48.8,-30.16,-31.69,-62.44,-53.22,-63.8,-45.94,-26.0,-24.4,-65.2,-45.03,-48.6,-39.16,-29.16,-35.47,-18.8,-27.31,-52.62,-38.2,-37.72,-43.53,0.0,0.0,-51.6,0.0,-55.5,-45.25,-50.53,-49.5,-63.4,-35.03,0.0,-61.12,-24.2,-40.53,-53.34,-47.38,-33.44,-41.44,-41.3,-19.0,-74.44,-50.62,-24.95,-47.5,-69.4,-32.2,-53.0,-21.16,-16.45,-51.25,-65.0,-34.6,-50.5,-35.8,-28.14,-24.11,-47.25,-32.3,-46.06,-13.31,-17.1,-31.84,-54.38,-27.83,0.0,-19.27,-36.4,-66.25,-25.19,-44.88,-31.42,-65.0,0.0,-28.0,-48.4
32,-11.836,-34.2,-27.62,-20.97,-31.4,-34.1,-37.75,-23.48,-37.0,0.0,-11.26,-24.05,-35.1,-31.0,-33.8,-26.95,-31.3,-30.1,-54.4,-51.0,-38.16,-33.1,-17.81,-53.72,-47.12,-27.8,-47.56,-19.8,-20.02,-60.75,-53.56,-42.44,-50.4,-19.34,-47.4,-19.8,-38.5,-43.66,-46.16,-44.12,-31.03,0.0,0.0,-47.0,0.0,-54.03,-29.86,-41.8,-29.61,-62.66,-50.75,0.0,-42.7,-18.94,-29.9,-37.5,-49.2,-38.94,-32.22,-37.2,-32.6,-58.12,-21.9,-31.55,-51.3,-56.9,-29.22,-29.8,-10.375,-18.77,-49.22,-55.0,-26.2,-43.66,-34.75,-20.34,-32.34,-49.0,-40.88,-52.03,-10.61,-19.1,-20.7,-48.44,-24.25,0.0,-20.28,-35.2,-57.56,-16.89,-40.8,-44.2,-49.0,0.0,-46.25,-50.1
33,-19.11,-79.2,-75.94,-69.4,-74.4,-59.47,-48.44,-76.1,-87.6,0.0,-37.47,-37.0,-66.5,-54.62,-95.3,-42.06,-53.8,-64.94,-88.2,-102.7,-69.06,-54.44,-61.75,-79.5,-64.9,-82.8,-94.06,-63.4,-48.53,-103.8,-71.1,-67.06,-81.9,-65.56,-43.8,-23.0,-48.9,-79.56,-58.7,-47.84,-85.4,0.0,0.0,-74.25,0.0,-75.9,-45.78,-57.38,-39.5,-83.4,-33.03,0.0,-89.8,-67.7,-57.4,-75.3,-85.75,-57.9,-84.0,-31.45,-55.2,-115.6,-32.06,-44.34,-44.7,-98.25,-83.56,-48.66,-39.9,-69.9,-78.7,-111.0,-48.0,-78.5,-58.4,-73.1,-40.7,-78.75,-44.38,-81.75,-30.27,-42.66,-46.06,-32.6,-64.9,0.0,-38.88,-77.2,-93.06,-45.2,-84.56,-81.2,-73.7,0.0,-60.75,-70.0
34,-27.17,-75.0,-73.1,-42.66,-62.6,-91.94,-63.6,-65.9,-72.6,0.0,-52.12,-69.75,-88.7,-66.9,-85.2,-32.5,-36.38,-42.78,-100.44,-106.25,-88.3,-52.44,-64.7,-108.56,-91.6,-79.8,-69.9,-56.0,-35.2,-109.06,-82.94,-70.7,-84.5,-58.12,-49.4,-44.0,-66.94,-109.9,-48.7,-65.7,-87.1,0.0,0.0,-89.9,0.0,-38.38,-63.34,-56.84,-80.06,-89.3,-44.4,0.0,-87.25,-36.62,-64.06,-81.2,-91.6,-69.44,-64.06,-46.12,-68.6,-115.9,-45.94,-41.16,-68.9,-86.94,-65.06,-61.38,-28.94,-41.3,-69.75,-84.0,-58.6,-77.8,-63.47,-46.12,-66.5,-96.0,-65.1,-116.56,-23.22,-38.88,-85.94,-74.44,-67.9,0.0,-39.6,-83.2,-137.9,-21.77,-73.1,-89.8,-99.0,0.0,-92.75,-79.75
35,-7.1,-12.34,-8.79,-6.15,-12.4,-15.08,-11.65,-6.324,-7.2,0.0,-9.37,-6.73,-16.19,-8.86,-15.89,-5.12,-8.516,-9.28,-21.7,-13.75,-15.12,-7.8,-12.8,-15.48,-13.0,-16.8,-15.7,-6.8,-2.344,-23.67,-14.15,-12.5,-16.08,-8.99,-12.2,-9.2,-14.67,-14.08,-8.45,-14.43,-13.7,0.0,0.0,-11.31,0.0,-15.42,-13.09,-11.69,-14.05,-20.86,-12.29,0.0,-15.92,-15.914,-12.4,-15.836,-11.58,-15.15,-14.69,-10.32,-9.8,-21.7,-8.16,-8.1,-15.42,-16.72,-11.26,-11.28,-2.85,-2.69,-14.77,-23.0,-9.2,-15.0,-7.08,-3.65,-9.3,-15.5,-14.28,-19.33,-6.387,-8.3,-12.72,-5.96,-13.71,0.0,-7.785,-12.8,-18.2,-5.465,-10.75,-13.45,-20.67,0.0,-16.0,-14.22
36,-27.16,-43.5,-38.84,-39.75,-6.4,-53.38,-23.94,-31.25,-33.4,0.0,-25.34,-55.0,-43.7,-26.1,-54.44,-16.23,-16.03,-25.9,-60.56,-44.94,-28.16,-31.06,-33.88,-57.12,-54.6,-43.8,-47.84,-11.6,-21.02,-53.97,-58.12,-40.88,-56.34,-12.93,-46.2,-18.8,-37.47,-47.78,-46.28,-27.58,-53.2,0.0,0.0,-48.78,0.0,-36.75,-37.9,-38.03,-47.78,-58.5,-32.06,0.0,-39.94,-27.45,-28.55,-60.66,-45.88,-38.66,-35.88,-30.94,-32.8,-78.56,-48.34,-20.69,-32.4,-47.7,-50.0,-27.27,-1.25,-17.16,-57.1,-56.0,-30.0,-52.0,-25.8,-37.88,-23.28,-53.0,-53.5,-52.62,-20.16,-19.44,-30.77,-28.84,-33.84,0.0,-21.84,-55.0,-69.6,2.416,-45.06,-51.5,-62.0,0.0,-23.5,-39.1
37,-6.06,-11.8,-8.43,-13.66,-10.2,-19.97,-8.2,-16.62,-13.0,0.0,-2.5,-6.0,-12.36,-8.35,-16.36,-6.2,-11.73,-11.72,-17.12,-22.38,-15.55,-16.81,-11.2,-21.27,-14.2,-12.6,-15.92,-4.4,-4.57,-17.55,-11.4,-17.56,-17.5,-15.24,-11.8,-9.2,-11.79,-15.67,-17.94,-11.71,-13.63,0.0,0.0,-11.47,0.0,-17.84,-8.3,-11.42,-14.05,-22.55,-7.6,0.0,-16.6,-3.85,-15.0,-17.0,-20.88,-12.14,-13.266,-8.53,-10.6,-15.05,-9.96,-9.72,-12.25,-14.3,-14.55,-14.85,-12.125,0.36,-9.5,-16.0,-8.6,-15.664,-5.57,-11.52,-14.78,-15.75,-5.96,-20.3,-10.83,-3.158,-14.35,-15.04,-10.93,0.0,-6.53,-16.2,-14.6,-4.184,-11.47,-15.53,-18.0,0.0,-12.75,-10.06
38,-88.8,-214.4,-109.8,-102.6,-151.0,-208.5,-160.6,-185.8,-175.4,0.0,-74.06,-141.1,-197.6,-141.6,-163.0,-135.4,-113.3,-105.44,-249.4,-248.9,-139.5,-164.6,-149.9,-230.8,-190.0,-176.2,-181.1,-87.4,-50.16,-226.5,-192.5,-205.9,-182.0,-96.94,-140.6,-73.8,-101.6,-173.4,-177.5,-144.8,-125.25,0.0,0.0,-115.9,0.0,-225.8,-110.9,-106.2,-156.5,-231.2,-127.56,0.0,-127.5,-94.7,-108.7,-139.4,-228.1,-116.3,-218.0,-128.5,-88.0,-258.0,-180.0,-101.7,-163.6,-243.0,-220.6,-137.0,-92.4,-128.0,-167.2,-214.4,-119.2,-173.4,-85.75,-200.8,-95.25,-188.8,-236.2,-245.2,-56.66,-93.75,-110.25,-179.8,-115.1,0.0,-77.7,-189.4,-201.4,-97.56,-147.5,-149.2,-222.4,0.0,-130.5,-162.2
39,-2.207,-4.94,-2.6,-1.707,-2.2,-6.312,-3.0,-4.113,-4.8,0.0,-0.7,-1.69,-3.97,-4.49,-3.97,-2.4,-3.312,-2.01,-5.3,-6.44,-5.22,-2.49,-3.0,-7.52,-7.2,-4.8,-4.41,-2.0,-0.6,-4.668,-4.08,-3.8,-4.7,-4.5,-3.0,-1.6,-4.082,-3.56,-3.75,-3.285,-4.8,0.0,0.0,-4.45,0.0,-2.33,-3.4,-3.27,-2.426,-6.832,-2.133,0.0,-5.19,-2.791,-4.0,-4.5,-4.574,-5.59,-3.625,-3.5,-0.8,-5.5,-2.62,-1.07,-1.125,-5.89,-3.25,-3.97,0.85,-1.62,-4.75,-5.332,-3.8,-5.5,-2.65,-3.25,-0.99,-4.0,-4.0,-6.3,-1.463,-1.708,-2.51,-3.67,-3.66,0.0,-1.743,-4.0,-4.426,-0.65,-3.19,-3.883,-6.0,0.0,-3.75,-3.81
40,-1.093,-5.207,-3.312,-1.692,-2.6,-3.45,-3.4,-3.05,-2.8,0.0,-2.4,-2.97,-2.492,-2.75,-4.24,-0.8,-2.05,-3.64,-5.66,-3.24,-4.14,-3.3,-2.4,-5.85,-5.2,-3.6,-3.66,-2.4,-1.607,-5.668,-5.45,-3.4,-3.74,-3.26,-2.8,-2.4,-2.541,-2.16,-2.75,-2.428,-4.8,0.0,0.0,-4.44,0.0,-5.2,-1.24,-4.0,-5.04,-5.125,-2.15,0.0,-5.63,-3.541,-4.25,-5.0,-4.21,-4.59,-3.875,-2.44,-3.8,-6.11,-3.16,-2.74,-3.812,-5.9,-3.633,-2.3,-1.3125,0.0,-4.715,-5.0,-3.2,-3.834,-2.85,-2.176,-1.35,-2.25,-5.29,-3.77,-2.531,0.3333,-0.31,-3.6,-3.2,0.0,-1.172,-4.0,-4.426,-2.916,-3.75,-2.941,-5.2,0.0,-2.75,-4.29
41,-24.16,-52.56,-39.47,-66.06,-57.0,-44.0,-46.34,-58.0,-58.2,0.0,-20.34,-55.06,-82.56,-44.53,-78.06,-45.66,-46.12,-53.53,-76.94,-75.4,-67.25,-48.4,-36.12,-67.06,-67.44,-64.6,-66.0,-30.2,-13.73,-74.3,-64.06,-53.6,-50.2,-37.16,-49.6,-20.6,-42.06,-47.5,-47.0,-42.16,-51.75,0.0,0.0,-54.16,0.0,-65.4,-19.64,-55.34,-43.62,-89.94,-37.78,0.0,-50.62,-39.4,-42.75,-45.16,-40.25,-54.5,-72.94,-47.75,-37.2,-85.56,-42.7,-31.7,-61.06,-77.4,-47.78,-33.47,-21.5,-31.06,-76.2,-95.0,-49.0,-63.34,-64.0,-54.72,-38.6,-46.75,-55.25,-59.6,-26.9,-26.64,-57.84,-49.78,-57.2,0.0,-29.39,-68.8,-71.56,-31.67,-56.2,-80.7,-63.8,0.0,-42.25,-67.5
42,-64.8,-96.75,-38.84,-56.97,-31.6,-45.03,-60.0,-74.5,-53.0,0.0,-19.72,-75.2,-83.3,-58.47,-93.2,-39.44,-41.66,-73.06,-101.8,-98.6,-73.8,-80.7,-88.2,-99.75,-79.2,-82.6,-54.2,-34.2,-16.9,-123.3,-73.9,-105.1,-87.44,-57.53,-69.8,-15.0,-48.25,-77.25,-72.3,-79.3,-76.5,0.0,0.0,-78.94,0.0,-74.2,-51.6,-73.6,-69.2,-76.6,-64.25,0.0,-59.53,-39.2,-73.9,-68.0,-81.75,-70.1,-77.2,-36.25,-32.0,-100.2,-27.3,-69.8,-74.4,-124.0,-85.9,-32.84,-36.7,-33.44,-69.7,-111.0,-63.4,-71.3,-58.97,-93.4,-57.44,-75.25,-123.5,-95.25,-38.66,-30.34,-72.44,-25.8,-64.75,0.0,-36.53,-82.2,-102.94,-57.5,-59.97,-85.06,-133.8,0.0,-71.5,-84.25
43,-14.31,-35.9,-23.89,-18.83,-33.6,-49.1,-32.25,-23.75,-29.6,0.0,-11.68,-26.02,-35.94,-34.84,-28.61,-21.9,-32.16,-32.3,-42.16,-45.84,-29.52,-26.05,-30.0,-49.34,-26.2,-45.2,-23.1,-8.8,-19.5,-45.66,-27.05,-51.3,-33.9,-30.11,-18.0,-17.2,-24.36,-42.0,-33.44,-36.72,-37.8,0.0,0.0,-38.62,0.0,-35.1,-38.66,-25.33,-30.94,-39.28,-13.71,0.0,-41.16,-23.31,-31.38,-38.84,-43.75,-35.97,-28.69,-18.81,-24.2,-47.78,-30.2,-25.66,-46.3,-32.7,-27.7,-33.38,-16.56,-18.55,-49.75,-52.66,-24.2,-42.84,-24.84,-36.5,-19.92,-42.25,-46.06,-41.0,-25.1,-16.97,-17.31,-34.72,-27.8,0.0,-17.47,-43.4,-46.66,-15.35,-42.03,-42.22,-59.2,0.0,-26.0,-34.7
44,-5.145,-11.54,-7.125,-8.46,-3.0,-6.45,-4.32,-9.375,-9.2,0.0,-2.4,-2.16,-8.72,-5.867,-10.51,-6.18,-6.074,-6.74,-10.8,-11.76,-9.76,-5.8,-7.53,-10.625,-8.9,-11.8,-10.375,-5.8,-3.385,-14.3,-8.76,-5.48,-8.62,-4.09,-7.2,-2.6,-6.6,-11.65,-5.5,-6.57,-11.06,0.0,0.0,-8.64,0.0,-6.18,-9.15,-8.83,-5.3,-9.04,-7.6,0.0,-10.35,-6.285,-5.2,-12.664,-11.234,-12.89,-7.375,-6.71,-10.8,-12.59,-7.73,-9.5,-4.562,-13.98,-10.26,-7.59,-3.037,-2.55,-13.35,-11.664,-7.4,-12.164,-1.78,-8.36,-0.05,-9.0,-6.12,-10.66,-4.45,-4.273,-5.19,-8.7,-4.47,0.0,-3.691,-6.8,-12.17,-4.984,-10.54,-8.67,-14.6,0.0,-4.75,-8.75
45,-1.793,-11.38,-10.23,-10.65,-10.0,-6.836,-13.0,-13.98,-12.0,0.0,-3.75,-10.87,-14.39,-10.914,-19.36,-4.4,-5.824,-10.13,-17.52,-14.52,-17.75,-9.53,-10.18,-22.33,-16.6,-16.4,-6.95,-5.6,-8.37,-12.76,-10.79,-16.4,-14.27,-9.42,-9.6,-12.8,-14.125,-17.0,-14.67,-12.0,-14.25,0.0,0.0,-16.1,0.0,-12.8,-12.96,-11.66,-7.074,-20.03,-8.12,0.0,-13.95,-8.734,-10.83,-18.67,-10.625,-13.11,-16.33,-10.86,-7.8,-17.84,-11.31,-6.64,-12.83,-18.4,-12.414,-16.19,-10.81,-4.1,-12.14,-21.0,-6.2,-19.33,-12.05,-9.734,-10.35,-15.0,-14.58,-22.38,-5.695,-2.55,-11.12,-13.02,-14.4,0.0,-6.504,-9.4,-21.98,-10.766,-15.27,-15.26,-20.0,0.0,-8.0,-13.58
46,-21.47,-39.47,-35.0,-22.39,-37.38,-31.84,-32.6,-50.3,-37.2,0.0,-7.64,-32.84,-35.62,-30.55,-36.84,-22.56,-30.38,-33.22,-55.56,-52.9,-48.3,-25.56,-29.5,-47.62,-45.25,-46.0,-33.6,-29.4,-36.16,-66.75,-44.2,-40.25,-42.25,-21.95,-36.4,-13.4,-32.53,-36.22,-35.9,-22.72,-44.12,0.0,0.0,-44.7,0.0,-35.16,-35.84,-35.75,-31.12,-49.9,-35.88,0.0,-45.62,-39.1,-29.45,-31.0,-37.8,-33.47,-39.94,-42.72,-16.0,-37.8,-22.5,-27.02,-43.78,-34.3,-34.2,-33.8,-11.23,-22.03,-54.03,-47.0,-26.4,-44.0,-40.72,-30.75,-25.94,-36.0,-57.62,-51.16,-14.81,-30.08,-28.98,-36.12,-30.0,0.0,-18.56,-48.8,-40.7,-15.414,-47.0,-42.16,-51.8,0.0,-26.75,-50.6
47,-8.25,-22.23,-17.06,-11.1,-12.8,-29.03,-16.8,-14.85,-25.6,0.0,-15.0,-20.66,-18.7,-16.06,-21.28,-8.78,-9.65,-12.77,-20.31,-25.42,-16.5,-16.81,-14.7,-25.72,-20.0,-22.0,-15.625,-4.6,-2.314,-24.55,-26.06,-16.8,-12.02,-8.2,-10.2,-11.0,-17.73,-19.66,-13.4,-19.28,-18.56,0.0,0.0,-26.27,0.0,-18.84,-10.64,-12.93,-13.3,-23.92,-9.58,0.0,-16.9,-15.15,-13.375,-14.664,-22.08,-20.16,-14.85,-15.49,-11.2,-25.95,-15.66,-1.4,-14.3,-24.16,-22.58,-19.61,-8.2,-4.86,-20.52,-29.67,-10.2,-18.6,-19.66,-16.61,-17.52,-22.5,-17.48,-20.61,-6.01,-13.625,-18.73,-10.68,-15.8,0.0,-10.27,-9.4,-18.62,-4.234,-21.4,-20.02,-28.6,0.0,-13.25,-13.05
48,-8.2,-29.34,-26.33,-28.53,-11.0,-32.75,-38.12,-25.84,-32.2,0.0,-4.785,-16.61,-37.0,-22.61,-36.2,-20.05,-31.17,-25.53,-37.88,-43.06,-34.0,-22.8,-28.2,-38.84,-27.84,-29.8,-27.28,-2.6,-19.8,-37.4,-32.3,-28.5,-25.55,-21.94,-19.4,-19.4,-20.48,-17.66,-34.84,-22.86,-30.88,0.0,0.0,-26.62,0.0,-43.2,-23.23,-19.16,-35.72,-37.03,-23.92,0.0,-26.8,-23.56,-30.06,-40.34,-39.4,-25.34,-30.66,-29.6,-16.6,-35.44,-15.22,-17.69,-40.34,-39.1,-25.62,-20.97,-27.05,-9.08,-31.89,-47.0,-19.4,-38.0,-14.91,-16.48,-30.9,-37.5,-20.45,-48.66,-12.05,-17.84,-30.6,-19.16,-27.38,0.0,-14.71,-30.4,-40.06,-8.87,-39.53,-25.97,-50.6,0.0,-26.75,-17.3
49,-23.42,-50.44,-44.25,-49.06,-42.4,-59.97,-32.2,-61.3,-65.0,0.0,-17.27,-48.97,-62.3,-35.2,-55.88,-9.93,-14.06,-37.62,-57.22,-82.75,-77.1,-31.94,-34.66,-87.7,-53.9,-74.8,-61.66,-32.0,-28.06,-85.6,-57.4,-65.5,-62.62,-52.1,-41.0,-32.0,-40.28,-64.6,-48.75,-53.72,-61.3,0.0,0.0,-58.1,0.0,-41.0,-10.03,-56.62,-30.28,-75.9,-37.2,0.0,-61.5,-39.47,-32.88,-57.66,-48.9,-59.16,-49.44,-39.16,-37.8,-72.8,-50.44,-14.2,-74.3,-82.6,-45.2,-47.8,-31.92,-35.7,-65.25,-61.34,-49.6,-53.6,-61.62,-51.16,-56.22,-50.75,-64.2,-61.16,-29.42,-38.25,-11.19,-48.72,-55.6,0.0,-26.14,-33.0,-59.06,-16.28,-57.28,-39.6,-58.4,0.0,-30.25,-57.8
50,-6.527,-20.81,-19.97,-10.03,-12.2,-21.25,-20.64,-21.25,-28.0,0.0,-5.984,-15.55,-13.87,-18.39,-17.23,-9.92,-16.66,-12.42,-25.73,-22.56,-18.55,-18.4,-13.0,-21.39,-19.84,-24.6,-20.06,-9.4,-11.664,-22.11,-24.52,-19.6,-19.14,-11.44,-15.6,-9.4,-14.586,-22.94,-13.8,-14.0,-24.66,0.0,0.0,-13.69,0.0,-14.96,-13.24,-17.72,-19.84,-20.81,-15.945,0.0,-20.84,-20.02,-13.67,-18.67,-17.9,-16.03,-15.77,-10.23,-14.4,-23.9,-15.02,-10.35,-15.234,-23.52,-15.95,-9.05,-7.887,-10.47,-20.84,-28.33,-17.0,-18.4,-17.55,-12.33,-6.42,-11.75,-14.82,-29.86,-11.32,-8.7,-9.41,-20.02,-16.62,0.0,-8.414,-20.2,-19.7,-6.418,-19.23,-18.17,-23.8,0.0,-11.75,-11.914
51,-10.75,-23.45,-22.69,-22.75,-29.4,-27.75,-25.7,-27.95,-21.2,0.0,-20.17,-27.94,-30.44,-15.664,-28.7,-16.69,-28.38,-31.58,-36.5,-46.28,-44.0,-24.36,-10.8,-43.28,-30.6,-29.2,-28.97,-14.6,-10.43,-36.1,-25.69,-23.08,-29.55,-22.14,-19.4,-9.8,-22.12,-30.42,-36.6,-21.86,-11.93,0.0,0.0,-31.94,0.0,-29.89,-29.7,-23.84,-24.66,-40.28,-30.4,0.0,-25.6,-12.38,-17.89,-32.84,-30.1,-27.3,-41.78,-23.16,-18.6,-42.2,-17.69,-24.02,-24.94,-40.44,-31.55,-20.66,-14.06,-12.99,-38.5,-37.0,-19.6,-39.0,-13.54,-22.6,-9.77,-35.75,-40.28,-35.3,-13.02,-8.08,-19.7,-23.56,-15.3,0.0,-13.2,-26.6,-35.56,-12.164,-26.98,-37.6,-41.0,0.0,-28.75,-35.44
52,-5.137,-22.31,-10.984,-16.06,-22.8,-21.95,-22.1,-19.1,-15.8,0.0,-3.967,-18.94,-21.16,-9.04,-20.2,-7.03,-12.35,-5.15,-23.38,-27.02,-24.94,-19.89,-17.16,-28.84,-23.52,-17.0,-22.58,-11.0,-4.6,-23.4,-16.94,-23.5,-17.84,-10.32,-13.2,-6.2,-19.42,-16.12,-18.36,-17.28,-15.5,0.0,0.0,-25.34,0.0,-21.8,-14.53,-10.625,-17.94,-22.69,-17.53,0.0,-23.97,-13.95,-9.414,-14.5,-20.27,-22.53,-23.34,-15.65,-14.6,-22.58,-16.81,-13.12,-15.8,-27.02,-26.39,-19.22,-9.69,-8.28,-21.77,-21.67,-18.6,-20.8,-13.83,-22.94,-8.78,-29.0,-20.11,-20.84,-9.72,-6.29,-19.69,-15.65,-15.51,0.0,-8.87,-16.6,-28.45,-10.7,-20.88,-20.98,-25.4,0.0,-19.0,-16.25
53,-99.3,-210.8,-148.1,-112.8,-183.6,-213.0,-117.6,-184.1,-169.6,0.0,-67.06,-104.44,-134.4,-81.94,-192.2,-55.06,-72.5,-158.8,-244.9,-182.1,-213.2,-169.4,-116.5,-233.1,-163.1,-183.4,-208.4,-111.2,-71.06,-282.2,-136.2,-156.0,-211.8,-132.4,-128.2,-84.8,-134.6,-166.4,-164.1,-129.0,-176.6,0.0,0.0,-121.25,0.0,-153.4,-150.5,-105.0,-125.6,-258.0,-100.56,0.0,-186.0,-90.25,-156.4,-185.5,-211.5,-163.9,-168.1,-139.0,-169.0,-197.8,-193.1,-142.4,-249.9,-278.0,-132.9,-98.44,-57.03,-47.7,-174.4,-263.0,-159.8,-165.0,-61.2,-133.5,-94.7,-145.0,-106.44,-163.9,-72.56,-77.4,-170.8,-209.2,-137.6,0.0,-107.75,-204.0,-231.4,-71.44,-142.6,-177.2,-230.0,0.0,-123.5,-139.2
54,-7.715,-24.4,-15.13,-14.43,-8.2,-21.4,-14.16,-23.84,-20.0,0.0,-10.63,-11.28,-21.97,-16.73,-22.52,-13.74,-13.375,-11.84,-22.1,-28.36,-24.38,-19.17,-12.99,-26.33,-16.45,-25.25,-14.55,-11.0,-4.4,-27.7,-25.6,-20.75,-19.12,-16.19,-18.8,-11.0,-14.16,-15.64,-21.67,-11.43,-25.98,0.0,0.0,-18.1,0.0,-22.56,-13.01,-14.7,-18.4,-31.05,-16.23,0.0,-17.44,-15.25,-15.734,-19.83,-13.7,-16.34,-12.27,-12.03,-12.2,-24.2,-8.47,-4.0,-21.08,-24.3,-21.27,-17.61,-6.0,-4.83,-21.27,-25.67,-13.4,-24.4,-8.97,-12.08,-14.31,-22.25,-19.75,-25.88,-7.016,-10.79,-16.2,-12.8,-17.1,0.0,-11.016,-23.8,-26.0,-9.164,-23.05,-19.67,-31.8,0.0,-15.25,-25.9
55,-8.125,-23.55,-23.44,-8.49,-16.6,-25.27,-31.66,-26.36,-22.6,0.0,-19.33,-26.19,-29.3,-30.48,-27.9,-12.06,-7.0,-21.92,-32.7,-29.84,-28.38,-22.44,-27.6,-27.58,-31.45,-32.25,-22.44,-14.0,-18.16,-34.25,-28.84,-20.8,-28.55,-14.55,-19.4,-14.0,-19.62,-21.3,-26.38,-15.29,-21.2,0.0,0.0,-18.44,0.0,-30.62,-15.2,-13.0,-6.324,-34.03,-18.9,0.0,-30.64,-19.78,-20.08,-20.83,-31.06,-22.92,-20.25,-15.2,-24.8,-27.4,-19.5,-24.92,-34.06,-30.27,-22.44,-14.65,-15.31,-9.83,-31.55,-30.67,-26.2,-21.17,-11.96,-17.22,-18.5,-19.6,-27.7,-40.1,-8.125,-12.625,-24.69,-30.22,-14.75,0.0,-12.07,-32.4,-36.75,-14.55,-24.1,-26.12,-30.0,0.0,-25.5,-24.83
56,-11.44,-21.1,-19.45,-12.57,-10.2,-16.19,-13.24,-16.7,-19.6,0.0,-11.25,-12.54,-21.56,-11.28,-27.9,-12.04,-16.66,-11.4,-24.11,-23.7,-18.45,-11.46,-10.0,-28.42,-22.31,-25.0,-15.42,-4.6,-11.18,-25.2,-19.6,-17.75,-15.72,-10.81,-15.6,-12.6,-19.97,-22.06,-22.27,-11.86,-23.84,0.0,0.0,-14.86,0.0,-18.77,-14.12,-18.12,-25.16,-17.27,-16.88,0.0,-18.53,-14.45,-23.58,-23.17,-21.56,-17.38,-10.75,-20.28,-16.2,-28.0,-15.71,-16.9,-21.8,-26.48,-15.46,-14.07,-12.42,-6.87,-21.16,-19.0,-17.4,-24.0,-19.31,-15.0,-16.17,-19.0,-22.61,-27.16,-7.0,-12.734,-15.11,-18.66,-10.05,0.0,-8.72,-18.8,-21.22,-12.5,-16.0,-19.11,-27.0,0.0,-19.5,-18.45
57,-12.19,-21.31,-14.54,-12.35,-14.8,-12.77,-18.06,-15.95,-20.6,0.0,-3.959,-14.37,-16.53,-17.77,-17.08,-17.4,-12.69,-8.27,-20.06,-29.64,-18.38,-6.8,-10.44,-23.12,-21.2,-11.75,-19.12,-17.4,-7.94,-29.0,-23.9,-23.34,-17.84,-9.02,-18.0,-9.4,-10.05,-20.48,-21.31,-20.86,-24.0,0.0,0.0,-19.05,0.0,-11.68,-8.79,-19.66,-10.08,-19.56,-13.96,0.0,-18.02,-14.72,-14.47,-21.5,-26.92,-14.59,-23.3,-14.85,-10.6,-30.84,-16.19,-17.03,-22.6,-27.58,-19.3,-18.22,-8.75,-8.73,-25.08,-27.0,-7.6,-23.17,-16.23,-4.164,-9.34,-19.75,-22.75,-25.84,-8.93,-5.668,-18.33,-10.44,-18.95,0.0,-7.676,-25.0,-29.0,-7.0,-22.1,-20.2,-23.8,0.0,-5.5,-28.11
58,-30.9,-100.4,-105.06,-76.4,-63.75,-88.7,-87.9,-80.9,-106.4,0.0,-59.38,-114.9,-125.4,-92.25,-88.4,-66.5,-55.3,-104.8,-126.06,-136.4,-129.2,-82.25,-95.4,-124.1,-111.75,-116.25,-100.3,-45.8,-14.21,-142.6,-60.53,-74.6,-90.4,-84.06,-56.8,-67.4,-78.7,-123.25,-96.6,-68.7,-98.0,0.0,0.0,-79.25,0.0,-93.06,-81.0,-52.88,-73.56,-148.9,-73.25,0.0,-82.94,-49.44,-52.6,-80.0,-86.7,-88.9,-121.9,-65.2,-31.8,-115.2,-78.06,-45.1,-102.06,-120.4,-114.1,-85.2,-51.78,-28.84,-77.25,-125.0,-68.0,-101.5,-65.44,-76.1,-96.6,-120.0,-119.06,-128.0,-36.78,-48.22,-77.1,-42.22,-73.75,0.0,-42.72,-103.8,-113.8,-46.5,-109.3,-65.6,-117.8,0.0,-69.25,-89.06
59,-16.17,-40.16,-24.42,-19.45,-23.0,-48.6,-22.16,-38.3,-31.8,0.0,-11.11,-35.84,-33.84,-19.4,-38.66,-12.6,-30.27,-26.95,-41.06,-40.2,-42.12,-21.98,-34.56,-48.4,-41.2,-13.75,-33.94,-8.8,-17.62,-50.06,-39.62,-28.2,-27.62,-31.6,-25.6,-20.0,-29.98,-27.2,-33.22,-15.0,-36.5,0.0,0.0,-35.06,0.0,-40.25,-20.3,-24.72,-30.98,-39.78,-27.7,0.0,-21.56,-27.83,-7.465,-34.5,-33.44,-42.0,-36.94,-41.97,-42.8,-44.78,-20.84,-25.98,-22.7,-46.38,-37.38,-19.14,-17.38,-15.25,-38.56,-50.34,-6.4,-47.34,-26.77,-22.28,-25.73,-30.0,-50.53,-48.47,-15.64,-16.23,-37.38,-8.6,-20.2,0.0,-13.99,-38.6,-50.7,-15.766,-29.98,-28.19,-33.2,0.0,-43.34,-37.8
60,-31.0,-62.94,-34.4,-49.0,-44.2,-45.06,-37.94,-42.75,-55.2,0.0,-32.94,-59.6,-46.62,-45.2,-65.25,-23.8,-34.3,-46.75,-76.75,-67.44,-56.06,-18.31,-34.9,-81.2,-68.8,-40.25,-53.25,-40.8,-28.6,-75.7,-63.06,-61.0,-61.8,-29.98,-39.0,-32.0,-29.47,-66.3,-44.2,-57.44,-64.7,0.0,0.0,-54.84,0.0,-42.8,-41.9,-55.56,-49.5,-49.56,-20.03,0.0,-57.4,-33.0,-48.06,-72.5,-65.75,-71.44,-36.3,-26.81,-46.0,-78.8,-28.88,-28.0,-53.8,-55.03,-63.0,-19.9,-30.08,-8.82,-67.3,-79.7,-40.2,-59.16,-37.6,-42.94,-27.19,-53.75,-68.6,-72.0,-12.555,-26.84,-34.38,-20.77,-37.22,0.0,-29.3,-61.0,-60.5,-30.02,-49.84,-42.34,-71.6,0.0,-43.66,-40.9
61,0.2142,-7.3,-8.77,-5.777,-7.2,-4.562,-5.96,-8.07,-9.6,0.0,-4.883,-5.76,-8.55,-5.3,-9.25,-5.6,-10.0,-7.65,-12.17,-11.75,-7.227,-8.19,-8.75,-12.21,-10.55,-12.5,-6.05,-5.8,-3.271,-10.18,-8.56,-8.25,-10.46,-6.72,-7.6,-2.6,-7.957,-10.16,-9.95,-7.715,-9.45,0.0,0.0,-10.4,0.0,-9.05,-3.5,-7.637,-7.438,-14.0,-4.86,0.0,-7.77,-6.3,-8.43,-11.5,-8.8,-8.67,-11.25,-4.52,-5.4,-10.34,-4.9,-8.47,-4.387,-11.8,-9.04,-6.707,-6.336,-3.7,-12.0,-12.336,-7.6,-10.164,-5.75,-7.21,-6.72,-9.75,-8.71,-10.75,-3.79,-6.02,-6.37,-6.26,-6.43,0.0,-4.254,-13.8,-12.8,1.333,-9.38,-11.484,-13.0,0.0,-9.336,-5.426
62,-6.81,-13.29,-13.08,-7.406,-11.6,-13.125,-16.2,-19.86,-15.2,0.0,-7.375,-11.91,-11.58,-11.78,-19.3,-6.33,-12.55,-10.77,-18.6,-19.34,-16.58,-11.18,-10.5,-17.12,-13.76,-16.25,-16.08,-11.6,-8.81,-22.3,-11.91,-17.4,-15.53,-12.81,-7.8,-5.6,-11.555,-17.02,-8.53,-9.71,-11.72,0.0,0.0,-15.33,0.0,-14.41,-12.35,-17.33,-11.69,-15.66,-8.555,0.0,-15.06,-11.21,-12.5,-11.5,-17.69,-17.2,-14.73,-12.32,-11.4,-18.7,-12.82,-9.91,-16.11,-21.9,-14.234,-15.16,-8.375,-5.45,-13.25,-15.0,-15.4,-17.0,-13.9,-6.887,-8.71,-9.0,-14.11,-20.83,-6.4,-9.05,-5.75,-11.38,-9.91,0.0,-6.89,-17.4,-18.31,-4.582,-18.02,-15.555,-15.2,0.0,-11.664,-15.734
63,-11.09,-19.22,-15.21,-14.164,-18.4,-23.56,-16.95,-16.94,-27.0,0.0,-8.766,-13.48,-18.53,-16.55,-19.34,-11.78,-21.28,-15.02,-26.58,-20.8,-15.71,-18.69,-18.23,-26.5,-24.78,-19.5,-26.16,-11.0,-13.445,-21.25,-17.75,-13.99,-23.83,-19.22,-22.6,-14.2,-14.87,-25.0,-19.97,-21.14,-18.08,0.0,0.0,-23.02,0.0,-25.9,-9.12,-21.34,-22.89,-28.05,-13.16,0.0,-19.31,-15.09,-25.33,-16.83,-17.16,-14.63,-16.84,-10.21,-20.0,-26.88,-10.36,-20.6,-15.85,-24.23,-23.47,-10.336,-8.77,-12.72,-25.22,-24.33,-22.6,-17.0,-24.78,-18.06,-10.8,-21.75,-20.23,-31.98,-6.973,-4.582,-15.22,-23.98,-12.47,0.0,-9.21,-24.0,-24.34,-6.582,-26.05,-17.33,-30.6,0.0,-13.0,-20.69
64,-1.808,-4.117,-2.719,-3.35,-2.4,-2.225,-4.4,-1.233,-5.4,0.0,-1.85,-2.28,-4.375,-3.533,-4.375,-2.0,-2.9,-1.4,-4.42,-6.38,-7.227,-2.95,-3.0,-5.508,-3.6,-3.75,-4.023,-2.4,-1.222,-7.2,-3.99,-4.8,-4.24,-2.87,-3.2,0.0,-3.893,-4.28,-3.225,-3.572,-4.2,0.0,0.0,-4.51,0.0,-2.66,-1.84,-2.363,-4.074,-5.71,-2.125,0.0,-3.59,-3.375,-3.0,-4.0,-5.2,-3.893,-4.113,-3.18,-4.4,-6.38,-2.71,-3.0,-2.662,-5.7,-3.264,-0.783,-2.025,-1.25,-3.49,-7.0,-3.0,-4.832,-4.19,-1.963,-3.26,-5.0,-3.64,-4.09,-1.35,-1.144,-4.2,-4.13,-1.25,0.0,-1.772,-3.6,-5.24,-0.9165,-5.27,-4.65,-5.2,0.0,-3.334,-5.9
65,-35.28,-99.94,-78.06,-77.44,-33.4,-92.5,-35.56,-110.5,-91.2,0.0,-27.33,-51.88,-78.4,-71.75,-111.6,-39.7,-45.28,-69.0,-86.3,-129.9,-79.25,-55.38,-50.16,-112.1,-88.56,-92.25,-101.0,-50.0,-47.66,-138.4,-68.44,-93.8,-94.8,-73.9,-47.4,-50.0,-77.4,-97.06,-60.06,-57.44,-95.75,0.0,0.0,-84.56,0.0,-103.25,-53.97,-54.7,-47.44,-87.7,-52.06,0.0,-43.1,-60.06,-78.56,-85.0,-91.06,-80.25,-78.3,-65.25,-59.2,-121.94,-68.7,-65.44,-136.2,-98.3,-92.5,-83.3,-38.97,-39.75,-85.8,-123.7,-56.8,-98.8,-43.6,-83.56,-50.3,-62.75,-96.94,-100.25,-26.7,-36.8,-72.44,-77.06,-39.56,0.0,-44.03,-72.0,-94.56,-63.34,-83.8,-93.2,-118.0,0.0,-106.7,-97.4
66,-7.48,-24.97,-26.98,-21.61,-15.6,-52.16,-22.05,-29.33,-17.2,0.0,-7.293,-29.92,-26.06,-30.77,-35.8,-13.15,-13.95,-21.19,-42.6,-33.94,-40.94,-24.5,-20.69,-36.7,-31.16,-33.75,-32.22,-9.8,-14.55,-31.4,-32.9,-26.56,-27.94,-14.69,-21.0,-14.6,-16.81,-33.84,-30.47,-31.58,-30.62,0.0,0.0,-29.28,0.0,-25.33,-17.77,-18.53,-20.4,-46.16,-18.33,0.0,-25.45,-18.45,-22.33,-33.5,-28.69,-28.12,-15.75,-24.0,-15.4,-46.2,-29.1,-12.82,-28.47,-35.3,-34.75,-23.23,-15.5,-10.4,-37.47,-39.0,-25.8,-31.67,-14.9,-15.17,-16.6,-33.5,-24.19,-33.22,-17.64,-22.1,-29.4,-31.66,-20.48,0.0,-12.875,-28.6,-47.38,-8.016,-30.6,-31.17,-43.4,0.0,-10.336,-26.56
67,-51.88,-105.44,-56.88,-35.6,-51.8,-106.44,-85.6,-87.8,-89.0,0.0,-46.7,-69.8,-73.3,-92.1,-91.1,-52.5,-51.38,-35.38,-116.5,-124.0,-114.8,-82.75,-36.22,-122.9,-115.6,-89.75,-92.2,-38.6,-73.5,-125.44,-107.6,-113.2,-72.8,-64.44,-70.2,-53.0,-78.0,-88.6,-80.0,-73.3,-98.1,0.0,0.0,-91.5,0.0,-117.3,-47.06,-71.1,-91.4,-132.2,-75.8,0.0,-80.7,-54.47,-31.22,-92.2,-93.1,-107.4,-98.06,-59.56,-57.4,-108.56,-87.3,-122.25,-72.25,-127.5,-67.75,-65.06,-69.3,-34.7,-97.2,-131.0,-47.0,-79.5,-104.06,-76.4,-66.9,-116.5,-63.25,-91.0,-43.06,-50.56,-71.44,-27.36,-50.8,0.0,-45.12,-96.8,-106.8,-59.06,-101.1,-75.0,-110.6,0.0,-46.66,-98.0
68,-15.98,-35.75,-31.06,-32.66,-34.0,-32.7,-38.6,-23.0,-63.6,0.0,-27.16,-42.1,-43.94,-31.12,-50.12,-26.8,-32.97,-34.9,-51.97,-37.78,-47.94,-46.12,-27.08,-58.16,-54.62,-49.5,-35.56,-8.0,-12.29,-50.0,-45.47,-36.38,-46.66,-15.25,-19.0,-33.2,-42.56,-48.62,-41.8,-42.16,-47.53,0.0,0.0,-61.34,0.0,-36.28,-33.84,-29.83,-36.06,-54.7,-31.12,0.0,-44.2,-37.12,-28.33,-60.66,-61.62,-45.2,-38.75,-31.38,-29.6,-57.8,-22.44,-23.58,-61.38,-61.2,-50.03,-42.2,-23.84,-41.2,-55.06,-56.0,-28.6,-58.0,-33.0,-47.5,-20.19,-46.0,-36.62,-54.84,-22.8,-26.75,-27.67,-50.1,-29.36,0.0,-19.3,-42.8,-48.78,-16.23,-56.0,-67.8,-65.6,0.0,-38.0,-46.8
69,-79.3,-212.1,-124.1,-72.56,-114.6,-193.0,-145.2,-175.1,-143.0,0.0,-103.9,-179.5,-205.8,-76.5,-260.0,-102.25,-105.56,-152.9,-171.8,-214.0,-85.1,-127.4,-167.0,-229.6,-204.0,-208.8,-214.4,-60.2,-118.6,-232.4,-138.0,-143.9,-132.2,-156.4,-83.8,-33.0,-157.1,-111.4,-214.8,-169.6,-166.9,0.0,0.0,-160.2,0.0,-130.2,-126.2,-114.1,-153.8,-215.9,-131.8,0.0,-194.9,-108.94,-107.06,-173.4,-146.2,-207.1,-169.2,-99.8,-161.2,-272.5,-114.7,-145.4,-181.9,-263.5,-178.8,-93.8,-77.6,-49.84,-187.9,-191.6,-127.2,-173.5,-67.56,-155.2,-170.2,-143.5,-77.7,-213.2,-120.9,-97.7,-130.8,-110.06,-140.6,0.0,-96.75,-243.8,-245.5,-86.06,-172.1,-171.2,-237.0,0.0,-160.2,-163.2
70,-81.1,-122.94,-127.4,-87.3,-90.8,-126.06,-94.94,-138.6,-160.8,0.0,-72.1,-95.25,-139.2,-114.06,-121.8,-57.1,-72.8,-104.6,-185.0,-147.2,-143.4,-58.16,-68.56,-189.6,-166.0,-106.5,-110.0,-94.2,-101.0,-165.4,-149.6,-166.5,-108.1,-110.4,-62.4,-60.6,-67.1,-151.5,-125.8,-139.1,-130.1,0.0,0.0,-121.94,0.0,-143.1,-127.6,-111.5,-93.5,-151.8,-103.06,0.0,-154.2,-118.3,-111.0,-132.6,-178.4,-112.6,-129.0,-139.6,-127.8,-187.5,-122.75,-81.6,-124.56,-176.6,-132.9,-73.75,-119.75,-53.06,-152.0,-204.4,-138.4,-146.5,-99.06,-88.25,-122.56,-117.75,-174.2,-160.1,-61.56,-103.5,-127.06,-110.56,-94.44,0.0,-59.1,-140.2,-166.8,-78.56,-166.2,-149.6,-195.0,0.0,-118.5,-132.6
71,-13.57,-46.72,-29.69,-26.0,-21.0,-26.03,-21.78,-44.12,-46.8,0.0,-16.94,-36.44,-34.53,-38.94,-49.3,-11.5,-24.56,-35.7,-49.22,-50.88,-42.25,-33.9,-31.39,-54.47,-48.97,-50.75,-38.16,-13.4,-19.81,-59.0,-38.97,-34.2,-32.66,-35.25,-32.4,-16.6,-33.66,-16.84,-43.0,-40.5,-48.9,0.0,0.0,-51.22,0.0,-44.53,-23.67,-23.47,-46.7,-45.88,-44.3,0.0,-20.9,-34.06,-33.66,-37.34,-40.62,-46.4,-28.0,-29.16,-35.2,-50.9,-33.1,-20.45,-47.62,-45.72,-41.94,-23.8,-7.7,-29.9,-49.28,-55.0,-34.8,-29.67,-32.1,-30.33,-28.28,-34.75,-20.1,-63.1,-14.49,-25.73,-25.53,-26.61,-30.16,0.0,-18.7,-45.0,-46.5,-14.164,-48.72,-36.56,-58.2,0.0,-35.25,-32.9
72,-4.484,-15.02,-12.31,-10.23,-4.8,-15.125,-14.9,-17.67,-10.25,0.0,-8.08,-8.07,-12.63,-9.2,-14.36,-6.87,-10.5,-9.09,-18.81,-17.02,-11.75,-13.41,-13.086,-19.86,-16.7,-14.0,-14.92,-4.4,-7.215,-18.78,-14.12,-15.33,-10.13,-12.2,-14.2,-4.4,-8.1,-11.95,-12.25,-15.5,-11.65,0.0,0.0,-20.27,0.0,-14.22,-11.08,-15.375,-12.44,-22.4,-13.02,0.0,-17.03,-8.76,-19.0,-13.336,-14.58,-20.02,-11.984,-11.64,-10.0,-19.11,-14.63,-10.19,-10.23,-22.34,-15.984,-10.07,-10.2,-2.5,-11.48,-17.0,-10.0,-15.664,-10.68,-9.1,-9.0,-11.75,-5.375,-18.56,-5.305,-4.242,-9.36,-14.86,-12.29,0.0,-4.457,-12.4,-17.08,-9.85,-13.05,-12.836,-16.4,0.0,-10.0,-14.06
73,-23.06,-32.75,-32.66,-33.47,-23.6,-41.78,-30.34,-25.28,-47.0,0.0,-19.97,-31.67,-37.72,-31.14,-33.88,-18.36,-39.56,-29.42,-53.84,-44.5,-31.75,-34.9,-33.78,-49.9,-34.8,-35.0,-39.22,-13.4,-19.8,-55.2,-48.9,-46.2,-34.84,-27.2,-34.4,-19.8,-32.06,-44.94,-32.66,-36.16,-43.6,0.0,0.0,-43.22,0.0,-38.84,-29.3,-45.47,-37.8,-37.6,-30.94,0.0,-40.94,-34.47,-31.25,-49.5,-52.84,-44.8,-54.66,-28.45,-36.8,-49.6,-17.38,-31.61,-19.53,-34.97,-31.78,-24.42,-15.125,-19.02,-46.84,-61.4,-17.4,-34.16,-30.67,-27.72,-21.95,-38.75,-41.22,-54.66,-20.97,-20.25,-16.22,-42.4,-16.56,0.0,-20.78,-38.0,-58.25,-21.92,-36.66,-49.3,-65.8,0.0,-31.25,-40.22
74,-71.56,-199.6,-157.8,-102.7,-100.8,-203.4,-123.75,-112.06,-190.8,0.0,-75.94,-128.8,-156.9,-136.5,-121.3,-70.56,-14.94,-95.6,-205.5,-206.2,-156.6,-147.2,-130.5,-228.2,-154.5,-158.2,-239.1,-120.6,-106.9,-293.2,-169.1,-183.5,-230.9,-103.94,-172.6,-107.8,-127.44,-175.0,-162.6,-175.0,-223.0,0.0,0.0,-196.4,0.0,-159.0,-176.1,-181.4,-106.56,-248.2,-95.5,0.0,-168.0,-100.4,-108.94,-176.6,-173.4,-139.6,-140.1,-138.2,-165.0,-256.8,-147.2,-101.8,-145.2,-159.8,-148.2,-146.5,-69.6,-35.94,-173.9,-235.8,-144.8,-210.0,-169.5,-98.4,-158.2,-180.5,-153.1,-225.4,-76.25,-76.56,-103.5,-101.9,-129.8,0.0,-97.6,-166.2,-189.0,-43.22,-140.9,-122.8,-197.6,0.0,-87.25,-142.2
75,-4.3,-11.6,-8.27,-7.875,-6.0,-6.95,-4.9,-9.336,-9.25,0.0,-5.527,-2.54,-8.766,-7.2,-8.16,-4.5,-5.7,-7.16,-15.63,-15.46,-10.79,-4.94,-8.3,-12.67,-9.9,-14.25,-12.25,-1.8,-2.979,-15.766,-10.19,-8.3,-10.38,-6.625,-7.2,-5.8,-6.926,-9.17,-8.25,-7.168,-9.25,0.0,0.0,-12.21,0.0,-3.62,-8.69,-6.125,-3.574,-8.5,-8.15,0.0,-7.574,-7.184,-6.0,-8.164,-8.3,-10.14,-11.11,-7.01,-5.6,-11.02,-2.78,-9.45,-7.863,-12.0,-10.82,-5.734,-0.725,-4.39,-12.55,-12.2,-8.4,-9.664,-7.98,-6.574,-6.75,-8.75,-8.75,-11.04,-3.7,-2.074,-5.78,-6.082,-7.53,0.0,-4.875,-9.4,-9.56,-3.383,-8.74,-9.47,-11.4,0.0,-8.25,-10.58
76,-46.4,-92.0,-49.22,-60.44,-56.0,-82.5,-71.75,-71.56,-95.75,0.0,-18.39,-85.7,-66.5,-48.75,-86.7,-58.9,-21.25,-66.06,-107.06,-98.94,-72.9,-72.94,-55.6,-79.0,-101.94,-85.0,-76.0,-20.0,-59.2,-110.3,-89.44,-74.75,-74.94,-56.44,-58.0,-50.0,-71.56,-80.8,-81.1,-41.84,-80.75,0.0,0.0,-61.5,0.0,-51.7,-33.62,-46.25,-68.4,-115.75,-70.2,0.0,-60.12,-43.6,-81.75,-90.3,-69.44,-77.9,-83.94,-46.16,-32.0,-92.6,-36.94,-42.3,-102.25,-104.25,-43.1,-65.8,-47.44,-53.94,-100.7,-110.0,-85.0,-70.5,-61.16,-61.25,-74.7,-88.75,-21.31,-93.4,-51.1,-46.1,-55.7,-49.38,-67.94,0.0,-34.62,-80.2,-94.06,-53.62,-101.0,-87.44,-92.0,0.0,-41.5,-78.3
77,-13.695,-32.84,-24.42,-23.83,-38.0,-31.3,-37.38,-21.9,-34.25,0.0,-16.33,-24.34,-33.53,-28.16,-35.53,-16.66,-31.38,-14.95,-46.2,-42.66,-34.7,-8.37,-24.19,-34.53,-29.3,-46.75,-16.25,-8.8,-14.29,-36.12,-43.1,-30.4,-32.38,-22.4,-30.0,-20.0,-21.56,-31.1,-33.7,-29.83,-26.45,0.0,0.0,-35.88,0.0,-28.34,-11.86,-37.22,-17.42,-46.66,-18.36,0.0,-27.62,-16.28,-23.67,-19.83,-35.88,-39.28,-41.3,-24.23,-19.0,-37.34,-13.25,-25.58,-43.5,-34.28,-36.4,-20.28,-13.266,-30.8,-41.25,-39.6,-30.6,-41.66,-22.27,-22.97,-16.19,-46.75,-23.03,-44.84,-10.664,-7.613,-28.48,-25.27,-22.2,0.0,-16.14,-24.4,-28.42,-8.57,-24.2,-28.64,-42.4,0.0,-22.5,-33.03
78,-32.3,-79.1,-48.53,-55.12,-33.0,-35.78,-57.94,-81.1,-65.25,0.0,-19.14,-56.75,-59.97,-46.94,-64.8,-28.86,-55.12,-49.56,-88.25,-91.06,-70.7,-80.4,-56.1,-111.5,-70.6,-55.0,-72.75,-46.6,-37.1,-78.75,-83.3,-72.25,-68.0,-61.62,-52.2,-35.4,-44.34,-66.9,-63.9,-69.5,-63.75,0.0,0.0,-81.6,0.0,-69.75,-57.88,-55.8,-39.94,-87.25,-46.47,0.0,-80.94,-57.4,-54.34,-68.3,-36.62,-76.8,-62.2,-39.34,-35.8,-91.4,-63.5,-52.78,-101.1,-92.4,-69.56,-53.56,-15.98,-29.84,-60.78,-108.2,-48.2,-62.5,-56.2,-28.44,-55.75,-78.25,-30.5,-121.1,-15.15,-24.33,-48.28,-41.88,-53.7,0.0,-36.75,-61.6,-84.75,-30.3,-67.2,-69.6,-102.6,0.0,-23.75,-45.12
79,-52.72,-82.6,-77.4,-65.44,-40.0,-51.75,-69.75,-61.28,-86.25,0.0,-26.69,-57.66,-80.94,-31.14,-85.94,-44.5,-73.6,-59.38,-99.3,-118.1,-59.3,-64.6,-96.7,-89.2,-89.06,-94.75,-84.5,-53.4,-16.38,-135.0,-78.94,-65.4,-81.4,-57.2,-60.8,-34.2,-53.1,-82.44,-91.7,-57.84,-106.4,0.0,0.0,-84.1,0.0,-58.6,-38.5,-45.56,-48.44,-111.56,-58.1,0.0,-81.9,-63.7,-86.56,-88.5,-84.94,-83.75,-51.62,-50.56,-17.8,-84.75,-47.84,-60.78,-67.9,-75.5,-84.8,-29.38,-35.0,-40.7,-43.88,-85.4,-45.0,-103.0,-82.7,-75.6,-67.1,-95.25,-83.2,-103.5,-43.97,-43.66,-54.7,-58.6,-47.47,0.0,-36.72,-59.2,-106.6,-14.164,-63.9,-79.7,-93.6,0.0,-61.5,-108.2
80,-34.56,-60.12,-63.28,-56.34,-49.8,-51.38,-44.03,-59.9,-54.25,0.0,-33.22,-57.12,-77.44,-42.44,-77.94,-17.66,-16.39,-65.5,-87.5,-96.9,-45.62,-46.22,-57.88,-68.5,-62.0,-25.0,-49.7,-43.2,-32.9,-72.44,-49.44,-54.97,-63.62,-54.22,-55.4,-32.8,-87.8,-54.34,-58.3,-31.83,-61.38,0.0,0.0,-40.66,0.0,-58.6,-51.66,-57.4,-65.75,-72.94,-51.06,0.0,-62.06,-63.9,-67.7,-65.5,-42.06,-71.0,-57.8,-31.02,-50.2,-81.56,-47.28,-31.75,-63.84,-66.5,-60.2,-28.27,-53.22,-45.4,-63.72,-79.6,-2.0,-66.2,-35.66,-36.16,-37.34,-50.25,-62.12,-59.34,-42.7,-23.98,-52.7,-54.6,-37.9,0.0,-37.1,-76.0,-76.9,-52.6,-68.8,-66.0,-69.2,0.0,-35.25,-57.53
81,-20.03,-50.72,-39.03,-20.12,-21.6,-51.38,-32.78,-41.4,-28.75,0.0,-18.5,-21.67,-40.3,-25.56,-43.28,-25.34,-24.47,-22.33,-46.47,-54.75,-43.8,-22.11,-21.0,-65.9,-45.9,-42.5,-42.8,-16.6,-20.75,-55.28,-40.84,-56.44,-49.9,-25.34,-12.4,-7.0,-16.92,-40.4,-53.16,-32.5,-24.5,0.0,0.0,-42.88,0.0,-30.05,-24.55,-15.55,-37.12,-47.8,-13.875,0.0,-30.44,-30.05,-37.12,-48.0,-47.0,-42.8,-27.05,-29.94,-31.2,-44.1,-49.66,-18.47,-18.56,-51.9,-39.25,-21.75,-13.5,-28.62,-58.56,-48.6,-39.6,-36.84,-31.1,-49.06,-17.72,-21.0,-51.0,-49.3,-22.27,-10.37,-38.5,-19.08,-35.47,0.0,-19.44,-49.2,-50.06,-15.97,-40.44,-51.44,-61.8,0.0,-36.75,-31.73
82,-1.985,-4.586,-3.55,-3.594,-3.4,-3.488,-0.2,-3.0,-6.75,0.0,-0.9644,-1.32,-4.668,-3.617,-4.16,-2.0,-0.2375,-4.0,-6.04,-4.07,-5.227,-2.46,-3.0,-4.48,-4.0,-4.5,-2.85,-2.4,-2.457,-4.0,-3.96,-3.6,-3.45,-2.617,-2.6,-2.4,-4.125,-2.9,-4.16,-2.5,-5.0,0.0,0.0,-3.8,0.0,-3.48,-3.25,-6.1,-3.938,-5.38,-2.143,0.0,-4.01,-3.867,-4.0,-3.5,-2.113,-4.043,-5.938,-3.64,-1.8,-5.09,-2.85,-3.037,-2.213,-5.91,-2.215,-2.834,-2.0,-0.91,-3.24,-6.4,-3.0,-3.334,-1.6,-1.7,-2.08,-5.25,-4.74,-4.46,-1.188,-1.344,-1.44,-2.3,-2.96,0.0,-1.517,-3.8,-5.438,-2.8,-4.1,-4.535,-6.4,0.0,-3.75,-3.975
83,-12.875,-31.34,-38.22,-36.56,-19.8,-35.28,-31.1,-31.67,-52.25,0.0,-23.31,-22.8,-48.2,-27.58,-42.2,-17.8,-32.75,-34.16,-35.4,-47.22,-35.7,-22.1,-39.25,-42.06,-29.4,-44.25,-39.94,-19.8,-25.17,-46.5,-37.6,-30.77,-38.2,-21.7,-22.6,-16.6,-41.75,-35.16,-44.53,-30.83,-37.3,0.0,0.0,-22.31,0.0,-42.44,-37.12,-23.28,-30.27,-62.03,-46.28,0.0,-56.2,-36.03,-32.66,-39.16,-28.5,-37.28,-50.3,-20.36,-22.6,-45.28,-23.17,-27.38,-44.7,-39.72,-45.84,-32.03,-16.1,-17.88,-22.75,-58.2,-23.8,-37.84,-27.0,-24.64,-26.31,-40.25,-55.25,-55.1,-16.75,-13.08,-9.07,-29.6,-42.88,0.0,-19.67,-49.2,-44.75,-28.0,-43.2,-31.72,-32.6,0.0,-35.5,-36.7
84,-129.6,-252.9,-176.0,-112.1,-225.0,-265.8,-208.1,-185.4,-183.5,0.0,-112.6,-173.2,-251.8,-170.8,-218.1,-103.4,-137.0,-120.6,-239.1,-307.0,-308.2,-123.4,-175.4,-284.8,-184.9,-194.8,-208.4,-158.6,-80.25,-200.1,-202.6,-260.5,-193.4,-215.6,-152.8,-57.8,-171.9,-233.0,-183.2,-230.4,-198.2,0.0,0.0,-216.6,0.0,-217.0,-129.0,-179.4,-181.9,-318.5,-34.06,0.0,-242.4,-148.5,-119.5,-257.2,-245.8,-191.1,-186.5,-134.5,-162.2,-275.5,-170.5,-126.56,-180.0,-310.2,-160.2,-167.8,-73.56,-48.25,-241.1,-343.5,-218.8,-251.6,-136.5,-160.1,-125.44,-229.5,-202.0,-280.2,-101.94,-74.4,-90.8,-211.5,-210.6,0.0,-96.7,-243.8,-222.6,-99.4,-117.9,-175.5,-276.2,0.0,-129.2,-175.5
85,-53.53,-84.2,-116.56,-79.5,-82.2,-107.7,-108.25,-96.8,-130.8,0.0,-57.75,-85.94,-125.2,-70.9,-82.56,-56.4,-51.62,-91.0,-142.4,-112.0,-101.2,-58.94,-90.75,-115.9,-85.25,-116.0,-146.1,-56.2,-97.9,-157.5,-114.1,-101.7,-129.0,-76.0,-81.8,-82.6,-72.94,-94.2,-130.5,-97.7,-132.4,0.0,0.0,-100.0,0.0,-87.4,-72.0,-89.2,-92.5,-122.2,-57.12,0.0,-138.9,-76.25,-134.9,-104.7,-137.5,-128.8,-121.25,-67.6,-87.2,-178.1,-70.9,-37.28,-167.6,-139.6,-66.0,-97.2,-60.88,-37.97,-112.8,-135.4,-66.0,-139.6,-53.1,-85.7,-77.06,-123.25,-133.8,-165.8,-51.3,-55.34,-106.1,-89.7,-75.5,0.0,-58.22,-93.4,-127.75,-69.25,-107.7,-117.75,-117.8,0.0,-99.5,-136.9
86,-37.53,-143.9,-89.7,-108.9,-103.6,-149.9,-96.0,-124.4,-118.0,0.0,-51.66,-89.06,-159.6,-63.56,-124.25,-65.06,-72.5,-79.94,-180.8,-177.9,-120.94,-56.72,-75.2,-178.2,-179.6,-132.0,-132.5,-51.8,-51.72,-188.6,-109.25,-113.9,-124.0,-120.6,-117.6,-51.6,-81.25,-140.2,-115.44,-127.0,-57.25,0.0,0.0,-116.4,0.0,-144.9,-80.0,-113.6,-72.5,-148.5,-99.56,0.0,-95.7,-64.94,-86.0,-150.5,-133.1,-124.9,-115.25,-94.7,-80.2,-134.2,-60.78,-51.8,-140.8,-175.8,-112.9,-95.94,-72.1,-81.44,-83.6,-176.6,-118.6,-135.1,-49.1,-77.1,-54.78,-117.5,-56.06,-140.1,-55.06,-36.28,-47.0,-75.4,-69.4,0.0,-62.03,-105.2,-174.1,-63.44,-154.6,-134.2,-176.6,0.0,-131.0,-115.1
87,-48.62,-88.4,-92.5,-89.4,-34.2,-85.8,-70.75,-78.8,-117.5,0.0,-42.88,-61.62,-94.1,-93.56,-130.8,-50.12,-59.9,-90.44,-111.7,-107.9,-130.5,-98.8,-67.0,-126.56,-130.0,-76.25,-94.75,-33.2,-55.7,-109.6,-147.4,-111.8,-75.3,-82.2,-105.2,-2.8,-79.2,-94.25,-120.75,-99.5,-147.9,0.0,0.0,-95.75,0.0,-96.0,-55.62,-119.44,-85.9,-94.3,-63.72,0.0,-89.06,-63.03,-89.44,-101.5,-111.56,-91.75,-94.8,-79.6,-54.0,-143.5,-44.66,-61.06,-77.9,-134.4,-77.8,-43.6,-23.81,-104.1,-83.25,-86.4,-64.4,-118.8,-45.16,-36.34,-60.22,-55.5,-81.7,-134.4,-47.22,-40.47,-59.7,-47.53,-55.38,0.0,-42.38,-79.2,-92.4,-24.67,-85.5,-61.9,-146.6,0.0,-85.0,-92.9
88,-21.52,-29.66,-29.98,-27.69,-36.0,-20.14,-27.62,-31.86,-31.0,0.0,-16.58,-37.7,-43.88,-22.16,-40.72,-26.6,-22.06,-27.61,-53.75,-66.1,-51.2,-34.28,-40.66,-50.66,-38.06,-45.0,-50.0,-26.2,-13.86,-51.2,-39.72,-38.0,-56.5,-23.42,-21.0,-17.6,-41.72,-36.06,-31.98,-28.17,-39.0,0.0,0.0,-31.16,0.0,-43.38,-18.42,-33.56,-26.77,-53.16,-32.25,0.0,-38.8,-31.94,-28.33,-43.84,-52.4,-33.8,-51.44,-28.5,-19.0,-58.75,-23.25,-12.984,-43.56,-38.88,-43.1,-23.31,-16.06,-13.07,-42.56,-48.6,-27.8,-37.5,-29.88,-17.2,-25.45,-38.75,-31.95,-36.1,-14.01,-25.89,-37.7,-19.94,-19.27,0.0,-18.4,-43.4,-53.12,-18.08,-39.8,-27.97,-45.4,0.0,-33.75,-40.9
89,-103.56,-128.9,-114.0,-97.1,-120.2,-208.0,-58.44,-98.7,-80.25,0.0,-55.47,-86.1,-101.44,-93.6,-139.1,-67.8,1.0,-43.06,-142.1,-155.5,-85.2,-111.0,-126.25,-157.9,-168.8,-91.75,-66.3,-94.0,-51.97,-154.2,-138.4,-90.0,-117.0,-102.4,-108.8,-24.0,-107.44,-127.5,-74.5,-89.8,-149.6,0.0,0.0,-111.9,0.0,-161.8,-36.2,-116.8,-77.1,-140.8,-135.1,0.0,-114.9,-70.56,-110.44,-123.2,-93.7,-109.06,-119.5,-84.2,-99.5,-187.0,-126.5,-28.22,-154.0,-179.0,-115.25,-62.7,-58.62,-56.34,-125.4,-164.0,-118.6,-149.4,-101.25,-121.8,-114.6,-168.0,-187.6,-172.5,-61.88,-58.44,-135.6,-21.06,-115.75,0.0,-48.38,-104.6,-154.5,-93.7,-165.0,-153.8,-154.0,0.0,-36.25,-151.8
90,-79.94,-130.5,-101.75,-74.75,-103.6,-140.4,-112.5,-148.1,-124.75,0.0,-59.12,-74.6,-95.4,-118.5,-119.8,-84.8,-123.6,-104.25,-153.2,-207.8,-145.8,-84.6,-100.5,-130.9,-97.4,-166.0,-125.9,-80.6,-80.9,-171.5,-106.4,-139.1,-131.4,-64.8,-61.6,-80.6,-127.56,-158.4,-155.4,-85.5,-129.2,0.0,0.0,-89.6,0.0,-118.7,-121.25,-111.4,-106.3,-166.9,-76.4,0.0,-128.8,-63.62,-87.7,-109.7,-155.8,-101.56,-104.0,-44.97,-29.75,-140.1,-92.5,-110.7,-133.0,-137.5,-114.7,-114.0,-70.9,-40.75,-77.8,-147.8,-63.4,-146.4,-117.56,-85.4,-79.56,-122.5,-113.5,-125.56,-78.75,-68.7,-89.8,-87.25,-100.2,0.0,-77.5,-119.0,-146.2,5.0,-132.1,-108.94,-154.2,0.0,-41.25,-102.25
91,-30.02,-162.8,-78.9,-136.2,-45.0,-169.0,-98.06,-175.1,-125.25,0.0,-68.5,-68.6,-127.06,-121.6,-125.2,-58.8,-57.44,-119.56,-233.4,-208.5,-142.8,-50.28,-145.6,-155.9,-159.0,-164.5,-146.9,-125.0,-131.0,-225.9,-199.8,-196.2,-153.2,-101.5,-95.0,-77.0,-111.8,-162.2,-179.2,-124.8,-170.0,0.0,0.0,-117.75,0.0,-136.6,-119.4,-108.3,-107.0,-238.0,-133.0,0.0,-127.2,-123.56,-118.7,-134.0,-160.8,-133.0,-96.6,-81.94,-125.75,-227.5,-133.4,-87.4,-146.6,-208.1,-177.2,-111.9,-138.8,-95.5,-141.1,-173.0,-95.4,-123.7,-112.1,-21.4,-87.3,-159.5,-76.8,-174.5,-93.56,-43.5,-100.5,-141.6,-84.5,0.0,-78.75,-113.8,-198.0,-45.44,-112.1,-164.2,-164.0,0.0,-81.5,-123.5
92,-14.75,-26.33,-21.55,-20.23,-25.4,-28.94,-22.25,-28.42,-30.5,0.0,-11.89,-27.2,-21.58,-17.3,-30.14,-17.2,-8.31,-15.34,-31.2,-40.56,-29.88,-13.81,-19.08,-25.92,-27.44,-39.0,-22.52,-12.0,-11.9,-33.62,-27.45,-24.77,-29.6,-22.03,-11.4,-14.0,-21.89,-22.78,-28.08,-24.17,-27.4,0.0,0.0,-20.38,0.0,-17.4,-19.94,-21.69,-13.36,-28.5,-18.55,0.0,-22.75,-12.6,-29.33,-19.17,-27.47,-24.31,-21.2,-18.23,-11.0,-23.45,-17.8,-13.42,-22.8,-32.1,-21.25,-20.83,-26.0,-11.6,-14.53,-38.0,-15.4,-29.0,-21.8,-21.94,-18.67,-30.75,-25.38,-31.34,-9.68,-10.625,-16.5,-11.12,-18.86,0.0,-10.44,-24.6,-25.31,3.518,-13.03,-21.44,-41.1,0.0,-25.5,-21.4
93,-42.78,-95.75,-57.9,-78.25,-47.0,-105.25,-63.84,-94.2,-113.75,0.0,-36.72,-71.56,-92.1,-83.3,-106.2,-74.8,-51.0,-63.97,-137.1,-119.2,-168.8,-98.2,-67.1,-125.25,-108.4,-105.0,-40.25,-43.0,-42.9,-134.9,-106.56,-115.6,-125.9,-74.3,-75.8,-59.0,-84.94,-123.2,-98.25,-79.44,-107.4,0.0,0.0,-104.75,0.0,-111.9,-68.4,-37.5,-38.9,-166.8,-83.1,0.0,-60.34,-56.72,-103.7,-115.6,-65.1,-70.9,-84.75,-60.47,-64.5,-120.0,-22.28,-74.94,-123.6,-134.4,-70.9,-84.2,-8.73,-53.78,-77.06,-123.0,-118.6,-84.0,-97.75,-35.12,-44.56,-102.75,-133.5,-106.56,-27.89,-70.7,-99.25,-93.3,-76.25,0.0,-48.75,-108.0,-130.0,-77.44,-73.6,-87.5,-119.0,0.0,-65.0,-112.5
94,-42.62,-66.06,-53.75,-55.12,-27.6,-64.44,-50.66,-73.0,-86.0,0.0,-22.6,-45.1,-51.8,-34.34,-75.06,-41.44,-44.7,-60.78,-76.6,-99.44,-61.5,-49.84,-22.75,-68.0,-66.44,-51.5,-63.78,-17.2,-24.98,-84.8,-83.5,-79.3,-64.94,-53.7,-54.4,-32.8,-62.97,-64.8,-66.7,-62.16,-85.5,0.0,0.0,-58.16,0.0,-69.94,-56.25,-42.44,-55.84,-91.06,-52.62,0.0,-86.2,-60.4,-42.4,-52.0,-55.0,-63.94,-70.06,-40.75,-75.25,-81.0,-67.5,-38.0,-77.25,-93.6,-63.16,-61.06,-26.31,-49.5,-81.0,-95.2,-17.6,-56.16,-39.22,-36.75,-41.84,-66.0,-60.0,-96.06,-30.72,-9.47,-54.88,-65.0,-49.34,0.0,-31.36,-59.4,-76.1,-25.94,-67.4,-69.94,-90.0,0.0,-70.75,-49.44
95,-19.14,-53.25,-29.39,-23.23,-35.0,-52.56,-40.0,-44.0,-53.0,0.0,-15.79,-26.12,-50.62,-35.1,-50.1,-34.47,-27.1,-32.22,-46.16,-66.4,-47.0,-37.5,-29.5,-62.4,-54.28,-46.5,-56.3,-47.6,-16.14,-58.9,-43.56,-43.1,-47.38,-15.984,-34.4,-40.4,-28.17,-50.75,-36.44,-44.28,-57.34,0.0,0.0,-51.47,0.0,-47.62,-19.39,-30.08,-61.66,-57.84,-37.72,0.0,-62.06,-27.94,-48.28,-44.5,-52.12,-67.75,-45.56,-30.88,-18.5,-64.3,-11.48,-38.38,-48.16,-47.34,-54.3,-39.1,-14.9,-34.2,-57.47,-62.0,-49.2,-51.84,-40.53,-49.44,-26.81,-48.25,-59.75,-60.75,-16.08,-10.94,-25.19,-32.3,-43.03,0.0,-26.42,-60.0,-51.2,-12.984,-32.12,-44.72,-53.0,0.0,-21.75,-42.62
96,-1.528,-4.566,-2.85,-2.85,-1.6,-3.625,-3.0,-1.75,-3.0,0.0,-1.886,-2.52,-3.531,-3.2,-4.617,-2.4,-2.5,-2.65,-3.6,-6.33,-3.176,-3.35,-1.833,-4.875,-3.8,-6.0,-6.1,-0.8,-0.779,-4.8,-3.26,-2.6,-5.12,-1.0625,-4.2,-2.0,-3.215,-3.98,-2.225,-1.714,-6.0,0.0,0.0,-2.4,0.0,-5.0,-2.16,-2.6,-2.0,-5.77,-1.179,0.0,-4.75,-2.074,-2.0,-4.0,-4.562,-4.324,-5.938,-4.43,-2.5,-5.78,-1.05,-4.176,-4.01,-6.64,-2.312,-1.342,-1.25,-3.0,-3.3,-6.0,-2.4,-4.168,-1.2,-1.5,-2.45,-2.0,-2.3,-6.89,-1.711,-1.643,-1.86,-2.2,-2.25,0.0,-1.475,-4.8,-4.4,-0.8335,-4.55,-4.5,-6.5,0.0,-4.0,-4.676
97,-0.05,-3.209,-2.1,-2.107,-2.6,-4.01,-1.75,-6.727,-3.75,0.0,-0.857,-2.72,-2.275,-3.158,-5.492,-0.8,-2.7,-1.991,-5.05,-7.29,-3.25,-1.3,-1.167,-5.188,-3.8,-4.0,-5.613,-0.8,-1.321,-7.2,-4.31,-2.4,-3.99,-3.324,-2.6,-0.4,-3.607,-4.49,-1.1,-2.143,-4.2,0.0,0.0,-3.56,0.0,-4.54,-2.17,-2.787,-1.15,-5.74,-0.9287,0.0,-2.625,-1.066,-3.0,-3.334,-2.775,-4.066,-3.676,-2.64,-2.75,-5.54,-2.41,-1.362,-2.812,-7.06,-3.625,-1.184,-3.574,-2.01,-4.84,-4.8,-2.2,-4.332,-2.982,-2.95,-1.04,-2.5,0.9126,-4.61,-0.2056,-0.5,-2.25,-3.133,-2.508,0.0,-1.378,-5.2,-5.15,2.5,-5.39,-4.48,-4.0,0.0,-4.5,-4.25
98,-9.11,-17.7,-10.39,-8.42,-9.2,-15.67,-11.19,-8.125,-20.75,0.0,-6.777,-11.26,-10.96,-9.836,-16.88,-5.2,-8.375,-13.1,-16.05,-13.82,-15.81,-10.61,-10.71,-21.44,-16.84,-10.0,-10.44,-4.4,-9.54,-22.77,-15.25,-15.9,-20.17,-8.31,-17.0,0.4,-9.51,-12.17,-11.74,-13.29,-15.5,0.0,0.0,-15.64,0.0,-11.23,-11.91,-12.2,-12.35,-17.42,-4.465,0.0,-12.89,-12.01,-14.234,-16.83,-14.94,-16.4,-17.97,-4.2,-11.75,-21.8,-11.19,-6.387,-12.48,-16.55,-12.88,-11.62,-9.58,-9.93,-18.2,-23.6,-4.2,-9.0,-13.79,-12.3,-9.07,-13.25,-11.15,-21.67,-5.16,-6.613,-10.24,-13.625,-8.01,0.0,-6.723,-19.4,-16.23,-9.72,-16.55,-12.43,-21.5,0.0,-16.75,-24.16
99,-6.32,-24.08,-18.9,-23.92,-26.6,-25.25,-5.25,-24.9,-19.5,0.0,-10.88,-13.86,-19.17,-9.45,-28.16,-9.3,-15.85,-18.83,-28.97,-34.2,-19.44,-7.48,-20.25,-27.11,-42.6,-28.25,-23.19,-12.0,-4.395,-35.25,-29.55,-24.16,-28.45,-11.94,-14.0,-12.2,-16.58,-26.55,-22.16,-19.28,-29.1,0.0,0.0,-21.44,0.0,-17.4,-14.2,-25.67,-25.23,-26.77,-24.27,0.0,-28.77,-20.73,-25.67,-24.0,-21.88,-26.0,-28.88,-18.39,-19.75,-37.03,-24.34,-22.0,-35.72,-34.38,-30.72,-18.67,-5.062,-7.15,-28.2,-30.0,-17.4,-25.17,-9.78,-22.25,-10.03,-25.25,-29.11,-29.19,-12.39,-15.664,-22.19,-10.164,-22.92,0.0,-10.69,-24.2,-34.06,-19.42,-18.75,-20.4,-36.5,0.0,-19.0,-30.88
100,-0.3071,-5.824,-3.688,-2.307,-3.0,-3.188,-3.75,-2.6,-6.25,0.0,-1.7,-3.08,-3.068,-3.967,-4.465,-1.2,-1.8,-2.324,-4.91,-5.3,-5.25,-3.81,-1.2,-5.28,-5.0,-4.5,-4.4,-0.8,-1.75,-6.0,-3.17,-1.8,-2.95,-2.8,-2.2,-0.8,-3.258,-3.43,-3.592,-2.285,-6.2,0.0,0.0,-4.58,0.0,-3.78,-4.42,-2.713,-3.176,-5.93,-2.914,0.0,-4.95,-2.367,-4.332,-4.332,-3.838,-5.082,-6.04,-2.83,-3.75,-4.45,-2.6,-2.637,-3.625,-6.42,-5.164,-1.809,-1.588,-1.21,-5.24,-6.4,-2.8,-4.668,-1.667,-4.176,-2.96,-2.0,-5.562,-4.98,-2.096,-1.407,-3.08,-0.65,-3.324,0.0,-0.9883,-4.0,-5.477,-0.1666,-4.85,-4.105,-4.5,0.0,-5.0,-5.7
101,-103.6,-161.2,-157.5,-73.9,-97.8,-78.8,-125.0,-129.9,-169.5,0.0,-62.47,-89.0,-132.0,-93.44,-132.2,-69.1,-59.53,-46.7,-125.2,-184.6,-152.0,-107.8,-123.4,-175.2,-163.8,-186.4,-132.5,-144.0,-72.06,-211.4,-146.0,-178.6,-145.8,-142.8,-99.0,-39.6,-97.3,-170.2,-171.0,-149.6,-167.6,0.0,0.0,-117.06,0.0,-214.0,-130.2,-134.2,-66.9,-192.0,-86.2,0.0,-146.2,-92.2,-130.6,-165.6,-75.44,-176.6,-154.6,-62.0,-99.75,-232.1,-152.8,-187.9,-189.5,-190.9,-166.9,-111.56,-96.44,-52.8,-182.9,-213.6,-80.2,-132.1,-111.1,-89.8,-112.2,-165.2,-124.25,-225.4,-60.94,-48.72,-147.4,-115.25,-104.56,0.0,-68.56,-81.0,-154.5,-63.38,-163.2,-100.4,-159.2,0.0,-100.75,-116.9
102,-45.06,-104.0,-69.7,-46.16,-61.6,-91.56,-88.75,-41.0,-62.75,0.0,-37.03,-51.12,-83.7,-63.78,-89.3,-46.8,-68.06,-69.3,-101.2,-99.1,-95.6,-68.75,-60.53,-100.7,-57.75,-75.3,-87.94,-44.0,-28.02,-95.94,-71.75,-64.7,-55.88,-69.7,-49.8,-69.4,-58.8,-99.56,-68.7,-37.44,-81.1,0.0,0.0,-69.8,0.0,-43.3,-70.94,-86.75,-61.56,-90.2,-63.44,0.0,-59.0,-69.4,-62.7,-87.8,-89.5,-86.7,-48.75,-66.8,-71.25,-83.5,-43.97,-32.2,-66.4,-105.6,-79.94,-86.06,-85.94,-45.44,-62.6,-104.0,-65.6,-88.56,-38.53,-39.72,-77.2,-26.0,-83.94,-86.44,-40.25,-33.47,-73.1,-59.6,-50.0,0.0,-33.4,-94.8,-104.9,-15.766,-52.75,-71.06,-96.5,0.0,-44.25,-71.2
103,-17.92,-23.38,-16.67,-21.22,-18.2,-34.1,-23.2,-18.25,-37.0,0.0,-10.26,-25.44,-32.12,-16.69,-25.7,-11.1,-14.29,-13.4,-31.55,-29.34,-21.66,-23.52,-10.08,-29.34,-23.73,-30.0,-27.25,-14.0,-12.2,-32.34,-22.66,-24.64,-24.2,-15.06,-17.2,-14.0,-22.22,-20.27,-29.53,-10.0,-19.64,0.0,0.0,-29.69,0.0,-24.3,-14.93,-22.44,-19.6,-26.31,-15.18,0.0,-21.66,-26.9,-24.0,-28.67,-28.2,-25.08,-14.625,-18.55,-23.75,-31.95,-17.27,-11.94,-9.125,-30.45,-18.97,-15.695,-13.0,-16.05,-22.94,-42.0,-17.4,-28.42,-17.55,-23.94,-15.98,-23.75,-14.914,-30.64,-6.246,-5.965,-13.83,-13.695,-21.55,0.0,-11.86,-27.4,-24.75,-22.5,-28.2,-24.47,-29.0,0.0,-15.0,-27.69
104,-18.03,-40.1,-34.53,-30.2,-27.4,-57.12,-39.62,-29.4,-43.5,0.0,-19.25,-24.97,-37.47,-15.98,-43.34,-24.02,-37.3,-42.16,-48.12,-33.3,-28.0,-16.83,-22.8,-58.62,-42.3,-58.66,-44.5,-13.4,-21.39,-58.6,-44.3,-29.1,-31.19,-22.83,-22.8,-26.2,-27.88,-44.3,-46.3,-33.28,-50.84,0.0,0.0,-48.7,0.0,-49.22,-22.69,-32.0,-34.3,-59.0,-27.33,0.0,-33.16,-31.6,-18.64,-33.0,-32.06,-29.17,-49.7,-35.6,-21.25,-54.56,-20.1,-4.0,-39.3,-43.84,-35.66,-37.12,-16.5,-28.56,-34.66,-39.0,-29.4,-40.0,-28.02,-27.19,-37.0,-48.0,-47.0,-47.5,-19.34,-6.94,-27.2,-29.6,-28.34,0.0,-19.78,-37.2,-47.25,-28.77,-28.9,-42.1,-59.0,0.0,-45.0,-35.0
105,-1.393,-3.6,-2.6,-1.814,-3.2,-2.268,-2.75,-3.518,-3.25,0.0,-1.936,-1.68,-3.744,-3.25,-3.5,-1.2,-3.0,-1.283,-3.81,-5.17,-2.75,-2.6,-2.0,-5.375,-4.6,-1.333,-2.75,-0.4,-1.336,-6.0,-3.79,-3.8,-2.72,-3.5,-2.0,-1.2,-3.05,-4.16,-4.89,-2.0,-4.6,0.0,0.0,-3.06,0.0,-3.35,-2.83,-2.812,-4.01,-3.99,-2.957,0.0,-4.2,-2.143,-7.0,-4.0,-3.875,-4.016,-5.0,-2.21,-2.25,-5.53,-1.28,-3.738,-2.562,-5.46,-3.162,-2.459,-1.4375,-0.21,-3.4,-5.6,-3.2,-4.43,-1.875,-0.01,-1.95,-3.25,-4.438,-4.88,-0.485,-0.1071,-3.36,-3.975,-2.316,0.0,-1.377,-4.2,-4.95,-2.0,-5.56,-3.857,-5.0,0.0,-2.0,-3.574
106,-114.1,-293.8,-188.2,-119.75,-149.6,-283.8,-83.8,-161.8,-146.0,0.0,-105.8,-189.9,-266.0,-206.2,-379.5,-141.9,-143.2,-283.8,-212.9,-325.5,-317.5,-202.2,-179.9,-247.9,-295.0,-307.0,-225.4,-165.6,-151.5,-346.8,-310.2,-255.4,-207.1,-204.6,-243.8,-185.2,-211.2,-261.5,-282.0,-184.9,-387.5,0.0,0.0,-266.8,0.0,-213.2,-203.2,-224.5,-248.2,-336.8,-119.2,0.0,-322.5,-183.2,-239.0,-227.0,-162.6,-228.4,-242.1,-159.0,-160.2,-394.0,-241.4,-164.1,-218.2,-325.0,-265.2,-201.1,-195.0,-63.6,-264.8,-302.8,-153.2,-226.4,-151.6,-148.4,-154.8,-281.2,-277.2,-285.5,-90.06,-165.2,-168.4,-162.4,-180.0,0.0,-114.2,-308.2,-409.5,-106.94,-239.9,-181.2,-219.5,0.0,-248.5,-214.2
107,-13.086,-29.52,-25.58,-25.84,-22.6,-37.06,-14.81,-35.66,-34.5,0.0,-17.81,-18.38,-27.16,-24.36,-28.08,-11.9,-12.8,-16.72,-43.47,-40.06,-29.38,-23.25,-13.0,-37.0,-33.4,-30.33,-43.16,-12.2,-20.06,-40.8,-30.1,-28.56,-26.36,-27.39,-19.0,-21.8,-26.42,-33.78,-38.47,-16.72,-26.5,0.0,0.0,-29.7,0.0,-23.16,-31.34,-30.97,-33.3,-38.7,-24.1,0.0,-24.5,-15.305,-31.67,-26.0,-27.42,-30.45,-20.3,-25.72,-21.25,-24.34,-16.06,-27.42,-13.83,-34.12,-31.97,-18.5,-18.69,-21.7,-28.36,-36.2,-16.2,-37.72,-31.3,-21.97,-12.01,-24.0,-28.9,-45.06,-14.53,-16.34,-22.66,-20.94,-17.39,0.0,-12.56,-36.0,-27.72,-22.19,-37.25,-28.06,-26.0,0.0,-23.75,-33.44
108,-7.223,-23.33,-19.28,-15.86,-13.4,-2.5,-7.375,-12.8,-15.75,0.0,-6.18,-6.96,-17.58,-11.85,-24.3,-8.27,-7.65,-9.484,-27.84,-23.28,-18.31,-11.16,-22.2,-22.64,-19.25,-22.0,-18.16,-9.4,-13.62,-25.8,-17.06,-30.25,-22.0,-12.6,-16.8,-13.0,-13.43,-20.84,-11.61,-17.28,-16.0,0.0,0.0,-23.64,0.0,-26.05,-9.76,-15.875,-20.8,-29.1,-19.2,0.0,-20.6,-16.4,-15.586,-20.33,-25.4,-13.67,-19.97,-19.44,-21.0,-29.1,-12.2,-10.125,-21.62,-24.22,-21.4,-9.72,-5.926,-10.1,-21.45,-20.6,-13.0,-20.42,-15.12,-19.62,-13.94,-17.75,-18.7,-23.86,-11.27,-10.95,-16.06,-22.08,-12.18,0.0,-9.234,-15.8,-25.3,-8.586,-14.734,-20.55,-31.0,0.0,-4.5,-25.34
109,-6.207,-13.14,-11.92,-11.51,-5.8,-8.9,-12.875,-18.33,-18.75,0.0,-9.6,-11.99,-21.1,-12.54,-14.37,-3.46,-15.95,-9.664,-19.27,-19.9,-15.35,-11.83,-11.2,-16.38,-18.83,-17.0,-11.36,-9.2,-6.258,-22.34,-14.33,-17.38,-16.08,-5.0,-7.4,-4.4,-15.79,-17.31,-12.17,-12.29,-13.4,0.0,0.0,-16.25,0.0,-16.77,-12.9,-1.6875,-12.375,-19.94,-11.65,0.0,-12.2,-8.35,-6.332,-11.8,-14.336,-15.766,-16.14,-15.48,-4.25,-16.8,-12.2,-9.58,-5.773,-20.4,-14.805,-14.93,-10.19,-4.4,-18.6,-22.4,-9.2,-14.14,-7.785,-9.85,-8.43,-14.75,-13.23,-17.45,-1.91,-1.114,-9.69,-13.914,-12.12,0.0,-7.72,-18.2,-22.38,-5.168,-16.2,-15.54,-21.5,0.0,-8.25,-15.81
110,-21.08,-50.84,-31.27,-38.38,-18.8,-29.0,-40.38,-52.47,-40.5,0.0,-23.88,-28.66,-49.47,-35.03,-39.53,-30.1,-40.97,-36.06,-49.78,-57.06,-37.44,-33.5,-25.6,-44.88,-44.56,-41.0,-32.88,-29.4,-29.34,-39.5,-41.44,-52.25,-47.4,-28.84,-29.8,-16.6,-29.47,-43.62,-39.6,-35.0,-36.97,0.0,0.0,-35.12,0.0,-47.4,-22.8,-38.5,-25.53,-48.62,-36.53,0.0,-29.31,-27.44,-29.67,-40.6,-30.7,-40.2,-53.06,-25.64,-9.25,-46.84,-13.99,-29.16,-48.94,-43.2,-37.62,-21.75,-17.8,-9.22,-46.88,-45.4,-31.8,-44.28,-21.78,-31.19,-36.8,-28.0,-48.0,-49.12,-18.77,-19.08,-25.39,-29.28,-35.62,0.0,-20.61,-46.6,-48.06,-28.33,-39.44,-37.28,-47.0,0.0,-35.0,-40.5
111,-48.12,-83.56,-69.8,-35.3,-99.2,-119.3,-64.7,-41.3,-92.25,0.0,-50.1,-48.88,-113.3,-57.03,-102.2,-24.94,-77.9,-61.47,-136.1,-136.2,-105.4,-80.4,-63.75,-116.44,-100.25,-143.6,-123.25,-11.0,-33.22,-165.2,-93.6,-124.3,-109.94,-40.06,-83.0,-59.0,-81.25,-112.25,-120.6,-65.3,-97.0,0.0,0.0,-106.1,0.0,-127.4,-96.3,-88.3,-59.5,-161.5,-75.25,0.0,-77.2,-80.56,-116.3,-85.4,-78.2,-110.3,-88.6,-66.75,-85.75,-120.5,-100.6,-113.3,-91.5,-120.06,-111.4,-107.1,-43.88,-29.34,-85.7,-139.0,-55.4,-116.9,-29.34,-62.5,-119.2,-68.75,-138.6,-130.9,-46.16,-48.1,-76.06,-46.7,-42.34,0.0,-48.1,-138.6,-123.06,-97.0,-134.6,-93.06,-169.0,0.0,-93.0,-136.9
112,-27.9,-73.2,-59.0,-47.56,-43.1,-71.6,-51.25,-59.84,-89.75,0.0,-30.19,-53.56,-61.84,-47.6,-60.28,-35.4,-22.97,-64.4,-77.9,-109.6,-96.8,-54.0,-51.62,-116.2,-101.06,-55.0,-63.97,-46.6,-34.38,-104.7,-71.9,-46.78,-86.44,-69.7,-46.6,-52.2,-49.2,-47.84,-37.2,-57.0,-100.9,0.0,0.0,-52.78,0.0,-63.28,-65.1,-24.66,-43.75,-84.06,-61.44,0.0,-61.88,-65.4,-32.34,-91.4,-64.56,-66.4,-61.44,-52.6,-37.5,-67.2,-73.25,-42.62,-77.6,-64.5,-54.47,-34.28,-32.88,-15.24,-87.06,-85.8,-21.8,-72.1,-78.56,-37.72,-49.66,-86.5,-63.94,-104.4,-20.69,-22.75,-35.9,-43.22,-32.9,0.0,-27.77,-48.6,-68.1,2.334,-75.25,-61.0,-104.0,0.0,-43.0,-79.5
113,-32.84,-79.44,-72.9,-68.8,-24.2,-84.0,-44.7,-74.56,-74.0,0.0,-42.84,-56.06,-85.6,-48.44,-105.94,-59.7,-53.4,-51.62,-87.3,-73.1,-95.6,-65.94,-59.9,-86.1,-94.06,-61.0,-77.5,-14.0,-40.6,-88.2,-73.1,-54.0,-86.8,-65.25,-58.2,-38.0,-59.25,-84.4,-94.44,-54.84,-91.06,0.0,0.0,-58.5,0.0,-88.94,-42.94,-66.4,-66.44,-108.5,-83.0,0.0,-74.5,-51.03,-89.8,-83.8,-55.12,-67.2,-81.94,-50.1,-63.0,-115.3,-33.84,-58.5,-41.56,-116.56,-54.78,-67.4,-36.62,-50.16,-55.1,-104.0,-56.0,-84.3,-69.56,-60.72,-51.06,-96.0,-79.44,-111.2,-58.2,-43.25,-44.84,-58.47,-69.56,0.0,-44.62,-76.8,-77.75,-37.62,-83.25,-74.75,-106.5,0.0,-59.0,-75.56
114,-21.0,-39.8,-26.66,-28.23,-8.8,-26.33,-43.25,-39.8,-37.0,0.0,-25.86,-18.28,-26.1,-28.02,-34.34,-13.91,-25.86,-17.95,-49.34,-38.8,-48.25,-22.86,-26.88,-39.28,-30.72,-32.66,-42.47,-14.4,-16.94,-39.3,-34.25,-50.25,-37.5,-32.0,-31.0,-25.6,-26.55,-38.9,-39.62,-33.84,-45.6,0.0,0.0,-32.66,0.0,-24.05,-25.14,-25.05,-31.6,-44.28,-22.67,0.0,-30.17,-29.28,-25.17,-35.6,-28.72,-32.5,-31.9,-24.98,-22.0,-36.47,-22.5,-33.84,-39.78,-48.94,-25.95,-41.06,-12.234,-12.76,-23.0,-45.2,-23.8,-34.72,-33.75,-31.45,-25.72,-33.25,-20.61,-41.1,-24.67,-21.02,-28.56,-7.86,-26.33,0.0,-14.266,-46.2,-43.06,-8.5,-30.7,-26.16,-48.0,0.0,-29.5,-44.5
115,-17.42,-26.05,-28.47,-13.48,-26.0,-43.94,-30.44,-35.5,-32.75,0.0,-20.58,-33.38,-51.7,-24.17,-38.97,-33.03,-33.38,-26.14,-58.34,-46.97,-48.88,-34.9,-34.94,-44.03,-39.72,-35.0,-36.56,-29.4,-15.96,-55.6,-31.06,-33.75,-27.9,-37.53,-23.8,-10.2,-20.11,-47.97,-35.94,-34.44,-41.16,0.0,0.0,-42.97,0.0,-31.84,-25.45,-42.0,-29.2,-57.72,-27.56,0.0,-24.95,-29.94,-40.88,-41.8,-26.89,-42.2,-50.12,-37.94,-22.25,-59.06,-38.9,-17.88,-55.6,-49.53,-29.16,-35.1,-20.95,-21.42,-58.78,-48.6,-24.6,-52.44,-19.19,-23.06,-34.78,-41.0,-42.2,-68.25,-19.77,-14.22,-35.25,-20.22,-25.11,0.0,-18.1,-51.2,-47.22,-36.88,-40.53,-45.06,-47.0,0.0,-40.25,-36.7
116,-2.285,-3.65,-3.162,-2.492,-2.4,-1.884,-2.5,-3.0,-4.75,0.0,-1.343,-3.45,-3.443,-4.793,-4.67,-3.2,-3.213,-2.066,-4.94,-5.39,-4.75,-3.23,-3.0,-5.43,-5.8,-6.0,-6.414,-1.667,-0.4143,-5.2,-5.79,-3.0,-3.46,-4.336,-2.4,-1.6,-3.7,-4.3,-1.87,-2.572,-5.4,0.0,0.0,-4.46,0.0,-2.57,-5.22,-2.938,-2.363,-4.16,-3.186,0.0,-3.35,-0.95,-4.0,-5.0,-4.074,-4.95,-2.838,-3.3,-2.5,-5.76,-1.18,-3.412,-1.612,-5.85,-3.525,-2.533,-1.625,-2.49,-5.36,-5.6,-1.2,-4.715,-3.3,-3.46,-1.325,-3.5,-3.125,-3.64,-0.73,-0.7573,-0.44,-2.125,-2.693,0.0,-1.288,-4.6,-4.637,-2.584,-3.383,-3.8,-5.0,0.0,-3.25,-6.0
117,-8.06,-31.0,-22.2,-20.25,-17.0,-30.42,-22.0,-19.42,-25.25,0.0,-6.844,-25.89,-20.77,-15.73,-26.84,-12.0,-22.86,-19.9,-27.75,-25.7,-31.94,-18.2,-19.8,-30.86,-31.17,-24.0,-26.92,-9.0,-13.945,-32.03,-20.39,-33.0,-26.48,-18.78,-17.4,-20.0,-20.81,-24.69,-25.95,-27.28,-24.5,0.0,0.0,-25.73,0.0,-29.25,-18.27,-9.44,-16.66,-27.77,-22.52,0.0,-27.23,-18.67,-17.08,-31.2,-27.5,-18.52,-25.05,-17.05,-14.0,-26.62,-17.55,-27.67,-19.75,-31.34,-30.03,-3.375,-8.55,-6.45,-24.44,-42.0,-17.8,-24.0,-19.27,-14.07,-20.64,-23.75,-20.75,-33.03,-14.26,-13.67,-27.98,-12.82,-22.06,0.0,-10.81,-21.6,-27.94,-11.07,-25.28,-24.11,-34.0,0.0,-19.75,-31.06
118,-9.92,-28.03,-27.17,-21.27,-15.4,-33.84,-21.06,-26.9,-22.75,0.0,-9.34,-20.38,-27.92,-20.56,-37.53,-13.05,-14.67,-18.33,-35.88,-34.06,-30.08,-15.33,-22.3,-42.06,-30.2,-22.0,-27.77,-13.0,-10.72,-48.9,-42.06,-20.81,-29.06,-17.45,-27.8,-26.6,-27.28,-22.73,-31.83,-17.86,-37.7,0.0,0.0,-25.6,0.0,-40.06,-19.94,-17.44,-41.66,-33.7,-11.086,0.0,-25.73,-22.23,-34.1,-19.2,-30.2,-28.1,-34.5,-22.53,-23.0,-41.34,-14.85,-27.66,-31.88,-40.28,-30.97,-30.33,-11.4,-24.5,-31.52,-31.4,-22.6,-38.56,-13.49,-28.9,-16.56,-34.0,-27.69,-43.2,-16.9,-10.44,-28.23,-18.1,-19.36,0.0,-16.53,-31.4,-44.22,-10.25,-30.9,-31.05,-40.8,0.0,-23.25,-22.69
119,-29.77,-74.7,-57.25,-47.0,-39.2,-70.4,-52.44,-33.2,-46.5,0.0,-38.56,-39.6,-64.5,-50.25,-56.7,-28.94,-50.5,-53.78,-73.4,-69.7,-62.88,-41.62,-46.56,-73.6,-64.7,-49.34,-58.06,-23.0,-36.84,-68.0,-47.97,-84.5,-44.88,-38.38,-52.8,-30.2,-41.2,-74.25,-61.9,-55.72,-60.8,0.0,0.0,-66.5,0.0,-44.44,-53.3,-33.9,-32.8,-82.44,-70.9,0.0,-63.06,-28.19,-50.1,-41.8,-56.2,-50.88,-68.0,-40.9,-46.5,-72.0,-15.51,-37.4,-63.88,-43.62,-60.25,-39.47,-12.79,-17.0,-73.56,-87.8,-56.8,-59.0,-41.03,-32.28,-45.28,-41.0,-54.44,-73.25,-24.3,-31.9,-51.56,-69.1,-52.5,0.0,-27.33,-63.2,-55.34,-21.94,-64.7,-66.8,-83.0,0.0,-53.0,-63.5
120,-14.52,-31.92,-21.34,-12.4,-24.0,-15.4,-13.0,-24.66,-28.5,0.0,-15.79,-13.63,-34.12,-14.95,-19.7,-7.15,-11.586,-16.05,-27.28,-37.1,-28.84,-20.94,-21.8,-35.66,-24.66,-18.67,-21.19,-8.29,-9.21,-43.0,-31.6,-19.25,-29.14,-15.875,-20.0,-12.8,-14.83,-26.53,-10.77,-31.86,-27.16,0.0,0.0,-26.66,0.0,-20.83,-17.9,-26.69,-21.33,-26.05,-12.02,0.0,-24.56,-8.9,-11.87,-26.8,-30.69,-23.72,-32.75,-14.69,-13.5,-30.34,-20.05,-20.6,-24.97,-31.78,-23.72,-17.86,-8.65,-4.83,-34.47,-24.0,-16.6,-29.0,-17.5,-23.34,-18.58,-11.25,-23.25,-24.83,-8.15,-11.68,-15.57,-11.29,-22.6,0.0,-9.71,-28.4,-29.52,-16.25,-27.88,-25.66,-32.0,0.0,-24.75,-29.0
121,-1.429,-4.56,-3.025,-2.564,-1.4,-2.75,-3.0,-2.916,-2.5,0.0,-0.4644,-4.2,-3.871,-2.408,-4.6,-1.2,-4.676,-2.824,-5.18,-5.43,-4.613,-2.94,-1.6,-6.07,-5.0,-4.668,-4.85,-1.429,-2.55,-6.8,-3.49,-2.25,-3.72,-2.875,-4.2,-0.8,-3.936,-3.24,-2.32,-2.572,-4.4,0.0,0.0,-6.48,0.0,-3.82,-2.68,-3.75,-1.7,-4.59,-3.072,0.0,-3.188,-3.75,-4.332,-3.2,-4.875,-3.842,-1.1875,-3.46,-4.0,-5.91,-2.52,-1.4,-2.75,-5.17,-3.443,-2.725,-0.933,-1.04,-4.59,-5.6,-2.2,-4.715,-2.883,-2.74,-1.866,-2.25,-4.562,-6.16,-0.64,-0.95,-3.21,-1.917,-2.55,0.0,-1.507,-5.4,-4.55,0.0833,-4.285,-2.014,-5.2,0.0,-3.25,-3.3
122,-5.25,-9.88,-6.395,-3.121,-6.6,-9.72,-8.0,-10.836,-8.5,0.0,-2.086,-3.35,-15.08,-8.13,-8.9,-2.4,-7.977,-7.11,-10.38,-13.44,-16.5,-9.33,-7.56,-13.31,-9.4,-15.336,-12.2,-2.715,-3.021,-11.68,-12.72,-9.75,-6.61,-7.188,-6.0,-4.2,-9.52,-8.35,-5.96,-6.43,-11.3,0.0,0.0,-13.65,0.0,-7.25,-5.62,-6.863,-5.0,-10.016,-8.43,0.0,-4.926,-4.95,-6.168,-8.4,-8.44,-9.33,-6.5,-9.26,-4.75,-11.64,-6.7,-12.06,-10.56,-12.26,-9.88,-6.285,-3.334,-1.72,-8.95,-9.0,-4.8,-10.0,-5.758,-2.44,-6.273,-8.25,-10.08,-11.71,-5.58,-1.857,-4.98,-7.707,-5.414,0.0,-3.783,-7.6,-11.27,-2.666,-8.836,-10.445,-12.2,0.0,-8.0,-7.29
123,-16.72,-60.25,-31.67,-35.72,-47.2,-46.72,-28.62,-42.6,-37.75,0.0,-14.81,-51.12,-48.28,-29.94,-44.75,-30.66,-44.75,-34.84,-67.7,-83.25,-68.56,-33.1,-25.12,-76.3,-52.94,-50.0,-42.9,-31.86,-18.78,-57.06,-44.16,-47.8,-33.53,-64.8,-42.4,-41.0,-56.84,-48.8,-37.28,-35.16,-43.88,0.0,0.0,-58.88,0.0,-25.84,-30.53,-40.72,-29.08,-58.25,-44.53,0.0,-43.75,-37.7,-44.84,-41.0,-54.3,-57.1,-56.62,-45.72,-50.5,-59.34,-37.06,-21.75,-68.3,-79.2,-47.66,-39.78,-27.33,-26.4,-67.3,-65.0,-35.2,-40.84,-29.84,-27.3,-34.2,-61.25,-47.78,-60.75,-22.77,-40.22,-45.3,-38.22,-32.34,0.0,-27.56,-61.2,-53.7,1.5,-48.84,-48.2,-69.0,0.0,-34.5,-53.8
124,-1.55,-9.71,-6.367,-6.035,-10.8,-12.0,-2.5,-8.914,-6.5,0.0,-3.865,-4.59,-11.016,-8.07,-8.06,-4.4,-7.1,-8.03,-10.11,-14.59,-9.375,-2.38,-6.16,-11.836,-9.05,-7.0,-9.83,-3.857,-5.17,-11.2,-9.78,-10.73,-10.75,-8.48,-2.6,-2.6,-6.234,-10.21,-4.92,-8.71,-9.3,0.0,0.0,-11.78,0.0,-5.38,-6.34,-8.6,-5.3,-11.25,-3.715,0.0,-7.938,-7.59,-4.082,-6.2,-6.6,-10.49,-4.062,-3.7,-2.5,-7.9,-7.15,-3.875,-9.39,-9.74,-9.58,-11.54,-7.465,-3.64,-8.3,-13.0,-5.4,-8.57,-6.535,-9.3,-6.234,-9.5,-9.05,-10.23,-4.324,-0.95,-7.64,-4.484,-6.215,0.0,-4.727,-10.8,-15.3,-3.65,-10.664,-6.43,-14.6,0.0,-5.75,-12.234
125,-78.5,-98.25,-67.7,-75.3,-66.6,-82.9,-50.16,-24.84,-83.25,0.0,-42.4,-68.56,-76.4,-54.66,-132.8,-81.06,-61.38,-76.94,-92.9,-159.6,-139.5,-68.3,-82.9,-113.75,-122.6,-113.3,-112.6,-45.16,-53.7,-139.4,-111.75,-124.7,-84.6,-45.25,-70.8,-33.2,-78.7,-86.4,-89.1,-96.9,-121.5,0.0,0.0,-71.2,0.0,-103.44,-73.9,-50.75,-70.9,-104.56,-74.94,0.0,-100.5,-55.03,-58.88,-102.0,-124.56,-106.56,-108.8,-57.25,-56.0,-71.0,-43.56,-76.75,-126.0,-145.0,-105.94,-75.94,-105.94,-60.88,-49.1,-132.0,-89.2,-101.0,-78.1,-50.47,-25.95,-79.5,-94.94,-96.1,-41.25,-16.27,-81.75,-97.5,-86.25,0.0,-47.3,-65.4,-117.4,-62.4,-77.0,-102.25,-132.0,0.0,-32.25,-141.5
126,-1.343,-3.459,-2.895,-2.535,-2.6,-4.234,-2.0,-4.465,-3.75,0.0,-2.172,-0.5,-2.686,-4.883,-3.96,-1.6,-0.9375,-2.342,-5.91,-4.75,-5.836,-4.57,-3.2,-5.57,-5.4,-3.666,-7.46,-1.429,-1.364,-5.2,-3.7,-3.25,-3.07,-2.713,-3.2,-1.2,-2.357,-3.47,-4.45,-3.715,-3.0,0.0,0.0,-4.46,0.0,-1.22,-3.0,-3.9,-3.662,-6.51,-3.807,0.0,-4.375,-2.02,-4.332,-3.0,-4.625,-3.541,-2.15,-3.334,-3.5,-6.51,-1.62,-4.24,-2.213,-4.82,-2.387,-1.358,-1.783,-1.84,-1.713,-6.4,-1.4,-3.25,-4.367,-3.18,-3.55,-4.25,-3.512,-6.22,-1.19,-0.2,-2.06,-1.708,-3.385,0.0,-1.528,-3.6,-4.188,-1.95,-3.768,-3.715,-4.8,0.0,-2.5,-3.176
127,-40.16,-71.25,-66.6,-45.84,-49.2,-45.03,-57.5,-62.0,-54.5,0.0,-21.4,-74.7,-70.8,-51.34,-81.44,-37.7,-55.44,-32.38,-92.0,-100.25,-91.6,-62.38,-38.6,-90.7,-85.2,-62.5,-71.06,-37.0,-28.44,-104.3,-52.6,-48.38,-64.6,-73.4,-44.8,-46.6,-51.7,-58.12,-63.72,-87.9,-64.1,0.0,0.0,-70.25,0.0,-50.4,-53.88,-74.06,-63.2,-81.56,-58.44,0.0,-66.9,-54.9,-53.1,-84.8,-79.0,-51.9,-88.0,-72.0,-51.75,-88.25,-45.8,-49.8,-66.44,-88.56,-85.25,-34.53,-21.64,-46.06,-39.44,-91.4,-50.8,-74.9,-63.53,-39.28,-56.47,-45.75,-65.56,-93.25,-14.125,-45.66,-30.48,-51.0,-61.53,0.0,-33.2,-56.8,-60.94,-41.66,-89.8,-71.25,-91.4,0.0,-46.75,-67.75
128,-22.22,-53.0,-48.16,-24.98,-43.0,-28.19,-32.25,-49.22,-48.25,0.0,-28.66,-25.22,-54.2,-36.56,-37.8,-27.22,-31.33,-24.8,-58.62,-64.44,-51.53,-25.75,-36.7,-55.03,-59.2,-39.75,-49.5,-28.58,-13.766,-52.3,-32.6,-38.72,-19.45,-39.06,-24.2,-26.0,-34.22,-35.66,-41.3,-29.86,-55.72,0.0,0.0,-49.1,0.0,-51.72,-47.3,-18.4,-52.44,-53.28,-41.0,0.0,-57.28,-22.77,-62.66,-53.4,-51.2,-51.56,-42.56,-34.72,-53.0,-51.78,-53.75,-22.69,-29.8,-52.25,-39.6,-36.16,-31.25,-23.94,-35.44,-54.8,-25.6,-52.25,-34.4,-40.56,-19.67,-31.0,-40.03,-63.9,-27.27,-25.31,-34.6,-37.44,-33.72,0.0,-19.58,-48.6,-56.72,-23.64,-42.16,-43.66,-51.2,0.0,-26.5,-44.9
129,-1.558,-4.582,-4.094,-2.021,-2.0,-5.25,-3.25,-4.75,-4.25,0.0,-3.107,-1.46,-2.635,-4.074,-6.2,-2.0,-3.312,-2.992,-6.15,-5.6,-4.21,-4.37,-3.8,-5.414,-4.8,-5.25,-4.676,-2.285,-1.828,-6.0,-4.36,-4.25,-3.2,-4.977,-3.0,-2.4,-3.63,-4.45,-4.67,-3.0,-3.0,0.0,0.0,-3.49,0.0,-5.5,-2.25,-2.9,-3.5,-4.523,-3.15,0.0,-4.477,-3.37,-4.0,-6.2,-4.5,-5.867,-5.4,-3.033,-3.75,-5.28,-2.09,-4.8,-4.05,-6.74,-4.477,-3.033,-0.567,-2.82,-3.676,-6.0,-3.0,-4.125,-2.85,-3.85,-3.959,-4.0,-3.85,-5.02,-0.585,-1.607,-1.92,-1.725,-2.643,0.0,-1.318,-4.0,-4.824,-1.7,-3.85,-2.885,-4.8,0.0,-3.0,-4.65
130,-12.875,-38.03,-20.36,-21.12,-31.2,-18.7,-18.2,-20.5,-40.25,0.0,-3.785,-14.03,-28.19,-21.16,-33.12,-27.4,-11.5,-22.84,-41.34,-42.38,-32.44,-19.14,-25.8,-46.94,-36.03,-24.5,-21.56,-6.715,-9.125,-39.75,-29.06,-19.69,-37.34,-21.4,-18.2,-12.6,-28.03,-25.6,-30.38,-21.0,-28.75,0.0,0.0,-26.81,0.0,-28.17,-16.05,-23.61,-21.62,-37.53,-16.47,0.0,-21.22,-19.22,-15.0,-35.8,-35.94,-24.55,-28.83,-27.86,-22.75,-31.77,-22.48,-13.6,-27.17,-46.94,-15.17,-28.14,-16.9,-18.1,-21.64,-31.4,-19.6,-26.38,-36.38,-28.9,-17.75,-36.25,-38.53,-36.22,-10.69,-14.82,-21.2,-22.55,-19.52,0.0,-14.61,-39.6,-45.56,-15.55,-32.66,-31.2,-40.8,0.0,-27.75,-36.25
131,-2.094,-9.0,-6.383,-8.195,-4.4,-6.95,-6.25,-11.164,-4.5,0.0,-4.258,-4.98,-10.625,-6.44,-13.37,-4.0,-8.25,-6.918,-9.12,-11.64,-13.516,-8.24,-4.7,-11.64,-11.0,-7.25,-8.06,-3.285,-5.82,-12.18,-9.95,-8.5,-6.65,-6.164,-6.8,-5.8,-8.59,-12.02,-6.83,-9.57,-10.0,0.0,0.0,-10.99,0.0,-13.84,-4.12,-6.55,-7.8,-12.05,-7.25,0.0,-11.89,-3.44,-9.0,-9.2,-11.55,-7.16,-11.4,-4.184,-3.25,-9.82,-4.8,-8.85,-5.21,-12.016,-6.72,-5.285,-2.768,-4.76,-7.688,-11.4,-5.4,-9.625,-4.984,-3.63,-7.066,-7.75,-10.125,-11.84,-2.814,-6.406,-6.75,-8.61,-4.15,0.0,-3.783,-6.8,-15.92,-2.467,-10.67,-9.71,-13.0,0.0,-10.0,-7.125
132,-1.078,-4.13,-4.523,-3.885,-2.6,-4.35,-1.0,-4.45,-5.75,0.0,-1.85,-2.86,-2.05,-3.092,-5.38,-2.5,-4.137,-2.6,-5.34,-5.7,-3.4,-3.8,-3.8,-6.27,-6.2,-4.0,-5.21,-1.714,-0.607,-4.8,-3.56,-4.75,-4.21,-3.45,-3.6,-1.2,-4.812,-3.375,-3.1,-4.855,-4.6,0.0,0.0,-4.16,0.0,-4.16,-2.85,-2.938,-2.275,-4.688,-1.893,0.0,-4.676,-2.78,-4.332,-6.0,-5.375,-3.324,-6.15,-2.982,-1.25,-5.43,-3.21,-3.3,-1.013,-5.824,-2.713,-1.475,0.2167,0.1,-4.113,-4.4,-3.6,-4.715,-1.783,-5.44,-2.566,-4.25,-5.5,-4.34,-0.92,-1.914,-4.5,-3.967,-2.629,0.0,-0.9697,-3.4,-4.086,-1.983,-3.926,-3.443,-6.8,0.0,-3.25,-6.21
133,-22.12,-43.88,-40.8,-31.33,-69.0,-76.0,-40.62,-31.17,-62.5,0.0,-22.9,-35.25,-55.3,-50.6,-52.94,-18.62,-45.06,-14.66,-66.2,-74.94,-75.6,-34.9,-44.34,-57.94,-50.75,-57.75,-55.84,-25.72,-49.2,-83.3,-60.44,-61.2,-69.2,-10.586,-33.0,-14.4,-38.88,-35.7,-81.56,-30.28,-56.6,0.0,0.0,-57.53,0.0,-54.97,-58.38,-46.75,-40.53,-64.56,-34.16,0.0,-69.6,-44.47,-19.8,-46.8,-62.34,-74.5,-32.6,-37.12,-42.5,-75.1,-30.69,-47.38,-82.3,-83.7,-64.4,-38.06,-27.47,-47.12,-40.88,-71.6,-43.2,-59.72,-25.47,-43.25,-32.62,-31.75,-45.06,-75.75,-17.22,-31.52,-54.72,-48.8,-32.62,0.0,-23.42,-62.2,-65.6,-20.34,-41.72,-61.7,-84.8,0.0,-21.75,-55.66
134,-3.4,-11.64,-7.914,-6.027,-3.6,-11.95,-3.6,-12.836,-7.5,0.0,-4.145,-4.2,-6.0,-7.082,-11.03,-3.688,-9.7,-6.332,-12.89,-11.54,-10.734,-3.01,-3.53,-11.414,-7.48,-9.5,-9.85,-5.57,-4.73,-9.25,-12.28,-11.35,-9.3,-9.06,-7.4,-2.6,-8.2,-10.41,-9.66,-5.715,-8.96,0.0,0.0,-9.11,0.0,-8.19,-9.54,-6.863,-5.5,-11.1,-6.137,0.0,-6.71,-5.04,-12.0,-7.4,-10.89,-9.625,-11.836,-5.16,-5.25,-13.49,-5.48,-5.21,-10.266,-11.83,-10.71,-7.043,-4.332,-0.5,-7.125,-11.4,-5.4,-9.86,-7.117,-6.99,-7.19,-13.75,-9.05,-15.33,-4.05,-3.7,-6.75,-7.766,-4.31,0.0,-3.941,-10.4,-11.2,-4.168,-7.035,-8.07,-12.2,0.0,-8.75,-9.48
135,-20.0,-47.34,-30.16,-27.3,-38.2,-51.3,-25.6,-36.16,-33.25,0.0,-21.05,-32.53,-26.34,-22.06,-43.03,-16.5,-28.3,-31.47,-52.8,-56.84,-46.38,-34.25,-46.4,-62.2,-44.75,-54.5,-53.06,-16.14,-19.83,-57.9,-41.9,-39.53,-41.53,-19.08,-27.8,-10.2,-36.3,-27.75,-34.2,-28.33,-34.03,0.0,0.0,-35.62,0.0,-36.7,-27.36,-27.02,-40.9,-60.1,-39.0,0.0,-39.75,-35.66,-35.66,-40.6,-40.1,-48.16,-49.53,-29.25,-38.5,-48.62,-48.16,-33.12,-47.5,-61.88,-31.06,-24.3,-11.13,-11.64,-43.88,-42.2,-44.4,-42.28,-24.45,-28.62,-24.6,-42.25,-45.0,-55.22,-6.35,-20.14,-43.94,-32.47,-24.02,0.0,-24.28,-46.8,-47.3,-38.9,-39.84,-31.28,-48.6,0.0,-21.5,-37.6
136,-143.1,-238.9,-165.0,-217.0,-153.5,-322.5,-182.0,-206.1,-213.2,0.0,-94.94,-167.1,-208.6,-132.1,-171.5,-145.5,-24.28,-107.9,-339.0,-311.8,-375.2,-153.0,-231.4,-331.5,-272.2,-234.5,-220.2,-134.8,-163.0,-321.0,-248.5,-274.0,-247.6,-352.0,-280.5,-69.0,-177.6,-208.9,-302.0,-213.2,-210.9,0.0,0.0,-306.0,0.0,-273.8,-148.0,-240.1,-236.1,-318.0,-134.1,0.0,-260.8,-163.4,-264.8,-187.4,-219.1,-251.4,-307.0,-113.1,-167.5,-264.5,-159.1,-152.6,-318.5,-252.5,-143.1,-129.6,-153.2,-162.8,-249.6,-329.0,-219.0,-264.8,-200.6,-168.4,-229.9,-261.5,-257.5,-357.0,-89.6,-119.0,-99.0,-192.6,-219.6,0.0,-110.94,-152.8,-293.2,-96.0,-187.2,-251.4,-329.0,0.0,-188.0,-250.8
137,-21.06,-34.78,-22.25,-32.7,-21.83,-33.72,-34.06,-27.69,-39.0,0.0,-10.69,-32.06,-32.72,-26.81,-31.52,-25.66,-23.0,-36.84,-50.0,-51.47,-28.81,-24.08,-30.66,-44.78,-41.94,-34.25,-38.03,-14.0,-20.78,-58.34,-36.7,-33.0,-28.06,-27.28,-23.4,-22.8,-30.81,-31.16,-32.56,-28.86,-28.61,0.0,0.0,-50.78,0.0,-34.78,-42.94,-29.72,-30.94,-51.8,-7.19,0.0,-25.97,-37.22,-22.86,-28.6,-44.22,-38.47,-40.9,-21.78,-36.34,-61.5,-24.12,-29.88,-42.44,-52.7,-31.4,-25.36,-10.0,-17.44,-30.23,-45.2,-30.2,-48.56,-22.19,-33.94,-26.64,-33.5,-31.05,-49.78,-11.17,-10.664,-34.38,-23.78,-26.28,0.0,-16.86,-38.6,-47.6,-17.73,-34.1,-31.38,-42.4,0.0,-22.5,-29.92
138,-89.94,-114.25,-98.1,-119.6,-94.8,-120.1,-73.94,-66.06,-137.2,0.0,-67.94,-53.0,-97.1,-88.4,-106.44,-61.0,-98.4,-109.0,-134.9,-119.2,-105.4,-94.75,-121.7,-150.1,-114.0,-118.0,-107.3,-54.84,-62.25,-158.2,-122.56,-186.8,-132.6,-121.5,-113.6,-43.0,-80.56,-109.6,-88.1,-110.44,-149.5,0.0,0.0,-125.2,0.0,-142.8,-86.2,-73.75,-87.8,-125.75,-136.4,0.0,-128.2,-88.5,-76.7,-123.2,-145.6,-87.25,-159.1,-72.7,-121.0,-176.6,-56.66,-149.6,-136.6,-151.6,-104.1,-69.7,-56.4,-45.94,-122.2,-169.2,-100.2,-96.3,-103.44,-103.5,-96.94,-120.0,-110.6,-111.8,-54.94,-63.62,-66.7,-73.75,-79.0,0.0,-65.8,-124.2,-141.2,-52.2,-115.44,-105.3,-169.2,0.0,-85.5,-89.5
139,-64.4,-128.4,-121.3,-80.7,-107.8,-111.06,-109.5,-114.06,-108.25,0.0,-64.0,-129.2,-116.8,-111.5,-193.8,-77.44,-83.7,-55.06,-211.8,-151.2,-161.9,-89.0,-97.56,-152.4,-119.9,-105.5,-143.9,-77.0,-111.9,-147.2,-149.8,-113.8,-123.0,-75.5,-51.6,-77.0,-106.06,-147.6,-100.4,-73.3,-173.5,0.0,0.0,-157.4,0.0,-95.44,-63.38,-120.3,-51.0,-168.2,-53.6,0.0,-123.94,-113.1,-110.56,-93.6,-140.6,-164.2,-71.25,-74.1,-155.0,-129.1,-63.56,-104.1,-154.6,-170.4,-104.25,-107.56,-100.56,-101.9,-150.2,-181.0,-123.6,-156.0,-84.2,-113.1,-68.06,-174.2,-148.0,-149.4,-57.8,-40.06,-89.06,-71.0,-105.06,0.0,-52.4,-92.6,-195.2,-23.5,-118.4,-139.8,-191.4,0.0,-148.5,-159.1
140,-32.56,-59.34,-39.9,-62.94,-66.0,-66.94,-55.5,-70.6,-72.5,0.0,-35.34,-59.84,-63.53,-68.2,-65.7,-41.7,-33.75,-51.72,-71.1,-100.0,-102.94,-57.94,-46.44,-97.25,-83.2,-76.0,-48.78,-41.0,-32.62,-87.6,-104.94,-107.8,-60.47,-53.75,-79.6,-29.8,-66.7,-62.6,-88.44,-42.0,-64.3,0.0,0.0,-103.5,0.0,-50.16,-34.3,-78.7,-53.3,-67.1,-38.06,0.0,-53.06,-41.75,-30.67,-65.0,-60.9,-72.6,-89.94,-56.88,-68.7,-107.5,-43.94,-48.12,-63.56,-85.1,-64.4,-56.7,-16.3,-49.5,-75.44,-97.0,-67.4,-73.0,-59.03,-61.9,-63.34,-68.0,-93.06,-90.25,-38.56,-44.16,-67.56,-40.38,-50.47,0.0,-31.53,-69.6,-93.9,-44.06,-48.97,-80.8,-91.4,0.0,-42.0,-74.9
141,-7.016,-15.95,-14.88,-10.08,-14.836,-13.69,-12.75,-7.75,-10.0,0.0,-6.4,-8.5,-13.61,-10.87,-20.9,-11.3,-14.234,-8.555,-23.4,-18.86,-18.78,-14.31,-7.32,-17.9,-14.56,-21.0,-15.8,-13.14,-4.223,-17.8,-10.66,-18.88,-15.18,-11.7,-10.0,-4.4,-5.555,-12.99,-13.3,-10.14,-17.2,0.0,0.0,-15.58,0.0,-11.69,-16.6,-14.0,-17.72,-21.7,-9.336,0.0,-11.83,-13.24,-8.0,-14.4,-18.56,-11.59,-16.33,-9.26,-14.664,-15.05,-7.95,-13.31,-18.77,-18.22,-12.484,-18.48,-10.93,-6.92,-20.44,-20.0,-16.6,-13.0,-9.04,-6.47,-10.83,-17.5,-3.688,-20.69,-6.246,1.0,-10.29,-9.1,-7.473,0.0,-6.984,-8.6,-15.5,-4.0,-11.586,-10.97,-18.8,0.0,-12.25,-11.89
142,-5.38,-15.8,-9.375,-9.336,-8.836,-11.08,-14.5,-16.58,-8.0,0.0,-7.688,-6.25,-16.67,-7.977,-12.32,-7.08,-6.574,-8.46,-19.55,-23.5,-17.27,-8.64,-14.24,-19.12,-15.6,-14.75,-11.39,-4.57,-4.016,-21.58,-20.45,-19.0,-14.81,-12.05,-7.8,-1.28,-14.89,-17.55,-13.12,-12.14,-24.8,0.0,0.0,-10.87,0.0,-15.15,-9.77,-11.15,-14.56,-17.83,-14.414,0.0,-14.625,-9.39,-13.87,-10.0,-17.78,-15.04,-15.1,-8.96,-7.0,-15.25,-15.41,-8.375,-19.27,-17.66,-14.4,-9.68,-10.1,-4.13,-14.27,-20.0,-7.0,-13.71,-6.977,-13.98,-8.86,-12.75,-14.6,-22.53,-4.42,-2.285,-14.86,-15.97,-11.19,0.0,-6.547,-14.2,-17.0,-11.75,-9.836,-13.07,-26.0,0.0,-7.5,-10.516
143,-1.271,-9.02,-8.45,-8.49,-3.834,-10.164,-8.31,-8.9,-11.75,0.0,-1.871,-4.83,-10.086,-7.316,-13.48,-5.04,-5.05,-6.332,-10.93,-15.46,-7.977,-5.07,-5.81,-11.945,-11.0,-10.5,-10.164,-5.0,-3.586,-12.35,-10.92,-5.95,-7.45,-6.875,-6.0,-7.4,-6.094,-6.742,-8.57,-5.43,-10.0,0.0,0.0,-11.52,0.0,-6.4,-9.23,-10.29,-4.324,-9.5,-6.1,0.0,-8.23,-6.04,-0.6665,-11.2,-10.29,-9.766,-7.4,-6.668,-13.0,-9.83,-5.36,-7.875,-13.75,-9.67,-7.812,-6.316,-7.582,-5.46,-13.44,-14.6,-8.2,-7.57,-6.508,-6.88,-5.7,-12.25,-8.086,-10.1,-3.596,-6.05,-7.54,-6.1,-6.094,0.0,-3.496,-10.4,-12.36,-1.083,-10.41,-8.89,-10.6,0.0,-3.75,-7.9
144,-13.19,-17.95,-15.11,-13.375,-13.664,-28.77,-24.0,-16.33,-18.25,0.0,-7.81,-9.91,-13.625,-20.9,-24.92,-7.3,-11.15,-10.61,-22.77,-28.94,-20.38,-15.12,-18.2,-19.28,-23.9,-17.75,-23.42,-9.86,-8.51,-22.6,-19.8,-18.6,-14.39,-20.17,-16.8,-9.4,-15.35,-16.66,-15.62,-12.86,-18.22,0.0,0.0,-15.6,0.0,-29.05,-10.25,-20.28,-10.516,-17.44,-12.766,0.0,-16.75,-14.44,-13.164,-13.4,-20.1,-18.22,-13.35,-14.836,-20.0,-25.62,-9.61,-9.17,-18.16,-27.16,-20.2,-21.83,-16.69,-8.1,-26.16,-27.0,-16.6,-14.71,-17.33,-16.89,-16.6,-20.5,-19.8,-30.75,-7.04,-10.914,-18.8,-12.45,-15.555,0.0,-6.113,-14.4,-26.4,-13.38,-12.734,-21.89,-28.6,0.0,-12.0,-15.65
145,-9.93,-21.8,-19.1,-16.81,-14.664,-21.72,-12.75,-24.52,-20.0,0.0,-14.48,-6.33,-20.2,-11.63,-15.34,-13.15,-15.2,-11.53,-32.62,-24.98,-22.53,-15.42,-17.3,-23.67,-19.64,-22.0,-16.06,-6.43,-7.035,-29.3,-21.7,-27.0,-22.52,-20.7,-25.4,-14.2,-14.34,-19.03,-26.8,-17.42,-24.8,0.0,0.0,-17.1,0.0,-31.19,-17.7,-22.31,-11.125,-27.19,-15.16,0.0,-23.08,-14.43,-17.33,-23.8,-16.34,-14.36,-19.92,-7.65,-21.33,-22.34,-15.27,-16.45,-24.69,-27.22,-13.336,-10.18,-14.5,-9.85,-21.8,-20.6,-14.4,-14.71,-16.94,-9.8,-14.375,-32.5,-20.25,-29.34,-8.23,-6.395,-16.27,-14.266,-13.49,0.0,-8.8,-22.2,-26.62,-16.73,-21.45,-18.67,-27.0,0.0,-18.25,-24.6
146,-47.25,-66.1,-52.4,-57.62,-58.16,-58.62,-60.7,-89.06,-47.75,0.0,-33.22,-41.78,-80.3,-61.03,-88.7,-57.44,-42.8,-32.5,-76.6,-103.0,-83.8,-53.75,-54.3,-84.94,-83.0,-84.7,-90.9,-26.86,-40.28,-85.3,-68.2,-74.75,-52.78,-52.62,-47.8,-27.6,-59.66,-71.6,-64.94,-53.84,-75.2,0.0,0.0,-66.9,0.0,-49.75,-38.16,-36.9,-63.25,-87.75,-44.9,0.0,-78.7,-23.45,-66.7,-80.6,-72.2,-75.4,-72.2,-37.0,-51.0,-79.56,-51.28,-53.34,-84.3,-94.7,-60.4,-44.66,-53.5,-42.66,-62.88,-105.6,-40.0,-65.44,-45.03,-20.7,-54.06,-50.5,-58.56,-80.0,-28.23,-19.47,-17.6,-54.06,-29.55,0.0,-33.3,-82.0,-75.0,-19.72,-63.16,-57.0,-74.4,0.0,-38.75,-78.4
147,-121.6,-181.8,-162.1,-123.3,-166.0,-152.2,-189.8,-216.9,-134.0,0.0,-115.5,-178.2,-273.5,-143.6,-198.6,-62.44,-109.25,-128.8,-199.2,-307.8,-242.8,-148.2,-139.4,-209.6,-231.6,-213.0,-215.4,-94.0,-98.9,-192.9,-217.8,-225.5,-212.1,-181.5,-153.6,-104.0,-159.6,-187.6,-199.6,-88.44,-193.1,0.0,0.0,-172.5,0.0,-212.6,-121.44,-168.8,-154.1,-264.8,-150.1,0.0,-186.8,-111.3,-120.3,-200.8,-151.5,-159.8,-206.5,-157.5,-181.4,-249.1,-112.94,-137.2,-164.2,-229.8,-185.8,-165.2,-175.0,-50.97,-171.0,-188.0,-146.4,-180.8,-171.4,-156.8,-138.8,-123.25,-95.25,-184.6,-110.6,-107.56,-138.9,-132.0,-159.6,0.0,-77.94,-209.4,-201.2,-46.7,-173.2,-234.2,-216.0,0.0,-192.2,-142.1
148,-12.07,-27.69,-13.67,-22.97,-15.664,-27.95,-23.94,-20.75,-27.75,0.0,-10.79,-21.48,-16.52,-19.8,-28.56,-26.36,-16.5,-15.36,-28.84,-34.0,-26.94,-15.03,-17.66,-36.12,-32.94,-28.75,-21.31,-9.71,-14.875,-28.66,-27.34,-16.75,-23.67,-18.31,-12.2,-14.0,-21.05,-28.05,-23.25,-26.0,-22.33,0.0,0.0,-18.9,0.0,-23.97,-10.28,-19.06,-21.28,-23.66,-17.12,0.0,-21.1,-25.7,-16.8,-29.2,-26.97,-25.05,-30.9,-16.48,-23.67,-27.88,-19.81,-16.06,-26.44,-31.5,-22.77,-22.08,2.25,-7.47,-31.69,-32.0,-17.8,-26.58,-18.38,-12.81,-12.984,-19.0,-33.25,-24.81,-11.42,-7.285,-13.64,-15.945,-22.16,0.0,-9.14,-22.8,-30.31,-21.89,-25.27,-26.39,-40.0,0.0,-26.5,-28.75
149,-1.536,-2.629,-3.975,-2.078,-3.834,-3.05,-3.0,-2.934,-4.0,0.0,-0.5835,-1.71,-4.67,-3.525,-4.36,-2.0,-4.7,-3.059,-3.43,-5.61,-3.0,-3.5,-2.4,-3.686,-2.2,-4.0,-5.15,-1.429,-1.714,-6.4,-2.75,-3.75,-3.91,-2.55,-1.4,-0.8,-3.52,-3.76,-2.43,-3.285,-4.4,0.0,0.0,-4.66,0.0,-5.12,-2.12,-3.4,-3.188,-6.59,-1.278,0.0,-4.836,-3.29,-4.668,-5.2,-5.375,-3.357,-5.035,-1.893,-6.0,-5.75,-4.1,-3.012,-3.762,-3.4,-3.988,-2.426,-1.35,-1.77,-3.025,-4.4,-2.2,-6.0,-2.25,-1.39,-2.008,-3.25,-3.738,-4.52,-1.905,-1.936,-0.78,-3.25,-3.47,0.0,-1.425,-3.6,-7.8,-1.833,-4.133,-4.977,-6.0,0.0,-4.0,-4.54
150,-0.02142,-3.094,-3.244,-0.2786,-1.5,-3.188,-0.25,-2.184,-3.0,0.0,-1.967,-1.49,-4.258,-3.334,-7.38,-1.667,-2.188,-3.025,-6.28,-6.32,-2.125,-1.83,-3.0,-5.242,-5.6,-4.5,-6.3,-2.572,-1.286,-5.6,-4.31,-2.25,-5.01,-2.625,-1.8,-1.6,-3.094,-3.8,-3.97,-2.857,-1.8,0.0,0.0,-2.76,0.0,-5.52,-3.11,-4.824,-3.512,-4.58,-1.407,0.0,-3.088,-2.64,-4.0,-4.2,-4.9,-2.934,-4.168,-3.7,-2.666,-6.05,-2.35,-2.312,-2.238,-6.05,-3.172,-1.792,-2.375,-2.21,-3.738,-4.0,-2.2,-3.857,-3.416,-2.1,-1.342,-4.0,-3.775,-5.24,-0.53,-1.636,-3.66,-2.857,-1.707,0.0,-1.413,-6.2,-4.125,-2.533,-4.758,-4.65,-5.6,0.0,-2.25,-3.125
151,-3.836,-24.17,-11.2,-15.73,-14.836,-22.34,-18.66,-19.14,-29.0,0.0,-11.84,-14.62,-17.75,-14.12,-27.38,-6.484,-20.33,-13.7,-19.95,-23.02,-9.73,-14.8,-19.8,-23.83,-21.6,-14.5,-23.34,-15.57,-10.71,-20.84,-18.17,-19.44,-19.9,-3.037,-5.2,-3.0,-16.84,-14.43,-21.6,-13.0,-18.75,0.0,0.0,-17.38,0.0,-20.19,-15.01,-13.375,-18.67,-25.56,-15.0,0.0,-19.06,-16.95,-20.14,-13.8,-18.1,-24.89,-19.86,-10.125,-15.0,-30.1,-10.69,-12.4,-11.69,-26.47,-18.55,-4.824,-4.375,-3.9,-26.0,-25.4,-7.2,-16.14,-19.81,-19.4,-11.08,-24.0,-18.69,-23.3,-8.76,-8.734,-12.17,-16.53,-12.64,0.0,-9.18,-14.4,-27.3,-0.85,-16.9,-18.36,-25.4,0.0,-19.5,-16.2
152,-49.25,-85.25,-81.25,-73.6,-93.7,-127.5,-79.1,-25.4,-158.0,0.0,-48.38,-75.9,-148.2,-48.97,-105.4,-56.56,-14.44,-73.5,-144.1,-173.6,-145.9,-50.8,-104.6,-177.1,-102.8,-126.25,-141.9,-90.1,-76.06,-176.2,-124.8,-148.6,-102.0,-89.7,-69.4,-56.2,-75.8,-81.7,-122.4,-100.7,-120.06,0.0,0.0,-116.2,0.0,-77.7,-60.12,-95.8,-114.56,-132.0,-68.4,0.0,-91.6,-52.84,-87.44,-114.8,-135.4,-120.7,-59.9,-87.5,-152.0,-125.3,-79.94,-52.5,-113.7,-143.2,-124.9,-72.25,-83.5,-26.5,-122.7,-135.4,-93.8,-124.1,-113.56,-41.78,-70.3,-92.75,-100.75,-117.75,-34.22,-54.0,-101.44,-55.4,-93.06,0.0,-57.84,-122.0,-122.9,-79.56,-147.9,-124.9,-135.4,0.0,-49.25,-151.0
153,-4.258,-9.47,-7.492,-6.63,-7.5,-11.98,-9.06,-10.5,-8.25,0.0,-7.35,-6.26,-9.47,-6.918,-11.98,-1.8,-7.7,-7.742,-10.23,-8.96,-7.625,-6.6,-5.4,-13.1,-8.7,-13.0,-11.17,-2.715,-7.223,-11.41,-10.6,-11.2,-6.86,-3.475,-5.6,-5.8,-6.9,-9.98,-9.88,-9.57,-11.28,0.0,0.0,-8.91,0.0,-10.97,-4.95,-9.125,-8.25,-10.73,-7.37,0.0,-8.08,-4.68,-5.332,-9.4,-11.45,-13.516,-11.9,-7.6,-7.668,-11.33,-4.4,-7.95,-11.7,-12.44,-7.645,-7.832,-4.4,-8.04,-7.5,-11.4,-7.0,-7.855,-5.44,-5.65,-9.914,-13.0,-4.74,-9.3,-3.84,-4.957,-1.17,-9.414,-7.027,0.0,-2.447,-13.8,-11.42,-6.25,-9.65,-7.918,-12.2,0.0,-9.5,-11.875
154,-10.47,-19.8,-17.2,-13.23,-14.164,-12.6,-14.625,4.2,-20.75,0.0,-8.5,-12.7,-22.58,-15.875,-25.34,-6.918,-5.76,-16.38,-24.33,-32.75,-24.75,-14.0,-16.86,-26.77,-20.8,-21.75,-15.484,-7.57,-12.52,-34.38,-21.92,-23.3,-23.69,-5.625,-17.6,-5.8,-18.48,-19.72,-20.08,-15.0,-25.0,0.0,0.0,-20.44,0.0,-23.05,-13.84,-15.516,-21.27,-31.6,-20.39,0.0,-18.19,-10.84,-8.664,-19.0,-15.67,-22.44,-22.5,-9.94,-11.336,-29.75,-15.5,-26.88,-26.56,-24.03,-19.72,-11.086,-5.3,-2.15,-26.98,-23.8,-12.8,-19.58,-13.336,-14.08,-13.68,-17.5,-14.92,-23.94,-9.19,-11.48,-13.78,-17.58,-21.0,0.0,-8.38,-20.0,-26.22,-4.082,-22.17,-24.2,-28.6,0.0,-14.75,-11.3
155,-13.86,-25.03,-24.97,-15.25,-20.67,-11.234,-14.5,-18.67,-30.0,0.0,-12.53,-15.56,-21.89,-16.48,-28.39,-16.33,-22.88,-16.94,-31.55,-33.28,-32.75,-17.25,-17.0,-33.0,-32.4,-20.0,-26.72,-11.14,-8.3,-39.53,-31.4,-13.875,-29.72,-17.38,-18.6,-10.0,-15.08,-19.69,-24.78,-12.14,-26.31,0.0,0.0,-23.6,0.0,-25.94,-17.89,-15.25,-24.88,-38.38,-19.2,0.0,-26.02,-17.95,-28.42,-15.6,-17.88,-28.4,-22.42,-14.27,-7.0,-40.72,-22.5,-13.5,-20.62,-20.88,-21.17,-25.7,-11.23,-10.9,-28.27,-34.0,-12.8,-29.0,-13.79,-11.83,-18.08,-29.75,-24.0,-24.94,-13.63,-17.25,-26.34,-15.336,-19.67,0.0,-11.43,-23.2,-28.81,-6.5,-25.53,-26.47,-24.0,0.0,-17.5,-30.56
156,-84.8,-112.8,-80.0,-89.1,-35.34,-100.25,-83.9,-125.6,-76.5,0.0,-25.08,-71.6,-116.7,-69.75,-92.1,-21.61,-122.06,-67.7,-112.7,-117.9,-96.0,-55.56,-77.25,-135.4,-119.94,-79.75,-109.6,-66.9,-87.75,-132.4,-105.06,-137.9,-102.2,-92.3,-70.2,-48.4,-77.44,-80.7,-124.94,-73.1,-99.25,0.0,0.0,-131.5,0.0,-100.8,-49.97,-60.75,-82.5,-113.3,-73.75,0.0,-97.8,-61.75,-70.44,-134.6,-117.4,-118.1,-77.8,-60.25,-73.7,-118.75,-92.44,-70.06,-124.0,-97.6,-100.1,-75.06,-58.5,-13.1,-98.9,-124.4,-33.0,-93.1,-69.5,-73.9,-42.7,-83.25,-118.75,-98.75,-74.94,-49.44,-83.1,-91.8,-60.28,0.0,-45.2,-109.2,-140.5,-42.1,-92.1,-117.9,-147.2,0.0,-51.0,-123.6
157,-12.55,-20.69,-16.19,-9.87,-18.67,-19.53,-15.29,-1.167,-11.75,0.0,-11.766,-13.85,-18.8,-13.83,-18.4,-10.164,-3.125,-18.12,-28.03,-25.11,-23.0,-12.73,-13.68,-32.25,-19.7,-20.25,-19.4,-7.57,-11.3,-26.34,-23.23,-18.38,-20.14,-12.42,-18.2,-4.6,-18.84,-24.61,-17.8,-14.0,-20.6,0.0,0.0,-12.64,0.0,-23.78,-15.37,-15.516,-11.9,-22.73,-16.58,0.0,-20.77,-19.75,-20.75,-21.2,-9.836,-23.23,-14.53,-17.47,-17.0,-25.28,-18.56,-17.23,-13.75,-24.27,-13.45,-15.33,-20.0,-4.25,-15.984,-31.8,-15.8,-15.57,-19.12,-16.1,-13.586,-20.5,-14.83,-23.16,-8.09,-11.04,-12.3,-6.324,-18.19,0.0,-8.87,-13.0,-21.62,-3.584,-23.7,-20.78,-23.8,0.0,-8.75,-20.5
158,-31.25,-157.1,-67.8,-75.7,-91.3,-75.7,-145.2,-116.1,-168.5,0.0,-91.8,-88.2,-147.6,-64.25,-105.9,-60.8,-78.44,-81.06,-157.0,-140.9,-90.0,-87.75,-82.9,-147.4,-121.25,-109.5,-105.94,-46.16,-47.6,-117.9,-82.3,-109.75,-134.6,-81.6,-74.6,-21.0,-76.25,-100.6,-80.94,-103.56,-101.94,0.0,0.0,-157.4,0.0,-185.6,-90.3,-86.75,-114.94,-164.9,-66.7,0.0,-84.9,-62.38,-100.94,-107.8,-126.9,-114.2,-95.94,-77.6,-138.0,-91.0,-47.16,-104.1,-146.1,-189.5,-108.1,-76.94,-26.6,-95.4,-93.56,-144.2,-56.6,-112.0,-87.9,-73.44,-85.6,-130.5,-154.5,-183.0,-62.38,-31.84,-53.97,-44.47,-79.1,0.0,-60.7,-131.2,-123.9,-47.84,-91.94,-104.75,-161.4,0.0,-91.75,-140.6
159,-44.16,-67.9,-41.28,-53.94,-64.5,-55.44,-35.03,-62.2,-82.75,0.0,-16.77,-22.6,-32.88,-49.12,-50.47,-43.4,-29.8,-54.1,-92.4,-92.2,-79.8,-61.62,-68.44,-97.8,-62.8,-57.25,-66.75,-19.42,-40.03,-80.1,-65.9,-83.0,-49.94,-45.8,-58.8,-17.2,-58.44,-86.9,-64.5,-55.28,-57.1,0.0,0.0,-60.56,0.0,-71.75,-51.94,-54.62,-39.44,-87.44,-53.0,0.0,-66.4,-43.75,-56.8,-39.8,-33.94,-54.16,-64.25,-52.2,-60.34,-85.4,-35.75,-37.7,-95.3,-79.7,-58.3,-63.88,-42.88,-34.38,-59.3,-105.6,-41.2,-64.3,-66.8,-50.66,-45.56,-26.25,-50.75,-93.25,-32.75,-35.3,-46.03,-53.62,-35.53,0.0,-30.67,-62.2,-79.25,-58.34,-65.56,-69.25,-79.6,0.0,-53.25,-54.9
160,-37.62,-93.2,-56.34,-49.5,-37.06,-58.8,-70.6,-74.5,-90.0,0.0,-30.83,-60.03,-75.2,-38.9,-78.56,-33.38,-30.55,-42.06,-81.06,-97.5,-75.3,-19.17,-58.44,-87.44,-77.8,-86.75,-89.0,-29.0,-34.66,-78.8,-77.3,-76.5,-84.7,-89.94,-49.6,-46.6,-56.44,-65.6,-69.56,-53.56,-75.44,0.0,0.0,-82.5,0.0,-49.38,-69.2,-50.75,-46.44,-76.7,-70.75,0.0,-49.7,-48.53,-45.84,-80.6,-66.8,-63.9,-90.4,-50.06,-58.34,-105.6,-67.3,-57.9,-97.25,-84.8,-87.4,-57.88,-53.75,-39.78,-87.2,-80.2,-67.0,-82.0,-54.28,-46.53,-44.72,-90.5,-68.6,-99.6,-35.34,-23.05,-41.22,-31.27,-38.34,0.0,-35.2,-69.4,-78.6,-38.4,-59.97,-69.44,-86.8,0.0,-57.0,-54.06
161,-18.34,-23.36,-27.02,-18.44,-30.0,-29.1,-15.25,-36.78,-27.25,0.0,-9.62,-13.91,-21.6,-28.86,-36.2,-20.25,-24.25,-37.1,-34.25,-39.9,-24.16,-30.48,-14.1,-39.1,-33.4,-35.25,-31.03,-6.715,-19.19,-36.4,-29.69,-35.34,-31.0,-28.69,-24.6,-14.6,-18.86,-29.2,-35.0,-28.28,-30.77,0.0,0.0,-26.03,0.0,-37.28,-26.27,-17.25,-33.7,-39.25,-24.53,0.0,-34.3,-23.42,-36.0,-37.0,-37.44,-18.48,-35.97,-18.47,-39.34,-40.7,-29.03,-13.65,-33.0,-38.6,-35.5,-19.75,-4.25,-22.38,-32.44,-26.6,-24.4,-29.28,-15.45,-20.0,-26.45,-34.75,-31.0,-31.62,-9.45,-19.27,-15.58,-33.0,-19.95,0.0,-11.36,-35.0,-36.03,-19.33,-30.14,-19.75,-31.4,0.0,-20.75,-35.6
162,-70.75,-185.2,-75.44,-99.25,-77.2,-120.7,-91.0,-151.2,-154.8,0.0,-77.44,-90.56,-122.25,-87.9,-198.9,-38.16,-92.1,-77.25,-143.8,-164.4,-92.6,-114.8,-71.1,-189.6,-161.2,-126.0,-114.06,-62.16,-55.97,-137.1,-169.0,-141.9,-182.5,-119.9,-134.0,-66.6,-103.06,-118.56,-139.5,-66.3,-189.4,0.0,0.0,-141.6,0.0,-93.7,-89.8,-132.9,-117.25,-211.6,-87.7,0.0,-140.8,-153.9,-76.7,-137.0,-166.2,-188.5,-149.1,-92.7,-143.4,-139.5,-108.4,-108.4,-167.8,-201.1,-87.25,-88.4,-17.58,-88.3,-132.8,-191.4,-102.6,-114.44,-78.7,-101.6,-88.9,-135.0,-154.1,-195.1,-23.66,-66.1,-120.3,-120.0,-81.06,0.0,-62.4,-155.2,-115.2,-51.88,-97.7,-98.8,-191.4,0.0,-150.4,-88.4
163,-27.42,-60.56,-34.22,-37.25,-53.0,-68.9,-28.2,-74.06,-40.5,0.0,-27.06,-30.31,-51.78,-36.4,-46.56,-22.0,-20.08,-32.53,-63.25,-87.3,-67.9,-57.53,-24.12,-72.1,-86.8,-59.5,-77.2,-35.0,-28.5,-81.6,-55.4,-37.75,-52.28,-17.38,-44.6,-20.6,-38.84,-74.56,-59.94,-35.56,-84.44,0.0,0.0,-56.12,0.0,-72.4,-50.6,-60.56,-42.53,-76.7,-19.83,0.0,-52.88,-40.0,-45.9,-71.2,-69.9,-58.44,-67.6,-44.62,-47.0,-104.06,-55.0,-25.64,-62.2,-64.94,-55.8,-38.56,-9.0,-33.4,-64.44,-92.6,-30.8,-69.3,-69.1,-58.88,-46.6,-51.5,-77.8,-76.56,-37.47,-8.65,-60.94,-47.2,-52.25,0.0,-26.58,-43.4,-65.1,-30.34,-46.6,-48.8,-68.6,0.0,-47.8,-54.25
164,-45.22,-85.94,-73.25,-51.1,-38.5,-102.44,-54.0,-46.4,-100.5,0.0,-21.19,-62.28,-109.4,-50.38,-78.44,-60.1,-51.1,-23.34,-105.2,-90.3,-80.3,-75.06,-58.75,-112.44,-78.0,-28.5,-80.2,-54.84,-58.88,-127.6,-72.56,-78.75,-104.44,-71.7,-52.6,-16.0,-65.94,-102.7,-113.4,-90.3,-84.0,0.0,0.0,-65.06,0.0,-57.75,-32.6,-39.7,-88.4,-106.4,-50.03,0.0,-82.9,-50.44,-31.0,-107.8,-83.5,-82.56,-101.25,-38.8,-66.7,-106.5,-53.03,-68.2,-131.0,-105.6,-84.3,-63.78,-67.44,-22.39,-100.25,-111.2,-52.8,-77.0,-68.8,-101.4,-56.28,-67.5,-82.3,-106.44,-33.34,-49.22,-68.44,-35.84,-64.94,0.0,-41.22,-121.6,-117.75,-64.5,-102.9,-80.6,-124.6,0.0,-75.6,-94.3
165,-11.48,-35.2,-24.28,-17.16,-16.67,-32.75,-31.38,-10.6,-32.25,0.0,-6.44,-19.72,-27.34,-29.22,-37.53,-17.5,-14.77,-16.69,-37.0,-43.94,-25.02,-17.4,-18.5,-25.83,-32.44,-24.0,-30.62,-8.43,-18.16,-33.75,-29.0,-34.5,-26.55,-27.0,-27.4,-14.6,-29.7,-23.1,-27.2,-22.58,-24.9,0.0,0.0,-34.44,0.0,-33.16,-18.55,-23.3,-23.16,-30.42,-23.17,0.0,-27.75,-16.2,-25.7,-32.4,-17.28,-30.56,-26.5,-24.44,-23.33,-45.84,-25.48,-18.2,-16.0,-41.1,-23.48,-19.1,-19.25,-10.72,-40.9,-36.2,-24.4,-28.0,-26.14,-20.1,-31.52,-11.25,-21.23,-37.8,-15.58,-12.4,-15.95,-11.49,-16.9,0.0,-11.91,-27.8,-37.53,-12.5,-36.94,-22.7,-31.4,0.0,-23.6,-31.78
166,-31.8,-65.25,-65.1,-45.28,-32.56,-87.7,-57.9,-56.44,-55.5,0.0,-17.67,-55.9,-48.78,-27.86,-73.8,-22.53,-2.05,-44.1,-64.8,-57.0,-57.06,-36.5,-17.5,-70.56,-51.1,-86.75,-51.75,-38.44,-11.945,-73.94,-59.16,-53.44,-60.06,-40.28,-47.4,-20.6,-51.3,-62.7,-60.53,-38.28,-62.88,0.0,0.0,-60.8,0.0,-67.44,-46.97,-55.12,-56.8,-84.4,-68.4,0.0,-44.7,-28.56,-44.84,-89.6,-69.0,-61.62,-69.7,-39.38,-70.0,-82.3,-51.88,-73.3,-61.62,-77.75,-66.75,-23.25,-38.6,-27.98,-61.38,-73.4,-39.4,-50.16,-47.5,-52.34,-15.16,-73.75,-37.56,-97.25,-37.44,-27.31,-43.44,-64.94,-38.16,0.0,-26.31,-40.2,-76.9,-27.5,-78.1,-56.88,-83.0,0.0,-24.6,-68.3
167,-23.22,-49.34,-62.97,-56.16,-31.0,-83.25,-76.75,-17.11,-72.0,0.0,-40.12,-43.8,-64.8,-45.84,-100.3,-31.23,-57.75,-55.62,-75.9,-70.75,-84.56,-45.25,-72.7,-87.2,-81.6,-67.5,-87.25,-30.58,-33.9,-78.5,-68.7,-114.8,-53.56,-57.75,-32.8,-27.2,-52.72,-76.0,-80.2,-44.28,-49.53,0.0,0.0,-38.84,0.0,-52.4,-48.2,-32.97,-35.2,-74.4,-64.6,0.0,-50.56,-49.2,-65.8,-75.0,-81.0,-53.8,-52.5,-56.56,-55.0,-67.8,-34.1,-37.62,-32.12,-92.5,-59.34,-61.16,-23.38,-47.03,-68.25,-95.2,-58.6,-57.44,-39.16,-53.1,-69.56,-76.75,-89.75,-97.6,-26.38,-29.55,-32.16,-47.7,-39.78,0.0,-30.8,-87.8,-76.7,-27.88,-63.34,-54.03,-89.7,0.0,-39.6,-73.4
168,-54.97,-117.8,-53.3,-63.5,-81.0,-121.0,-102.8,-79.94,-112.75,0.0,-14.79,-79.06,-87.44,-76.0,-120.0,-59.16,-48.56,-58.03,-150.8,-123.4,-103.94,-39.03,-77.9,-121.06,-112.9,-84.0,-120.56,-28.86,-4.715,-157.4,-78.8,-103.7,-74.2,-82.9,-52.0,-67.2,-78.9,-89.5,-53.8,-67.8,-113.6,0.0,0.0,-83.25,0.0,-81.5,-70.3,-85.44,-62.3,-134.8,-84.44,0.0,-117.5,-73.5,-68.6,-86.0,-113.7,-98.4,-129.0,-67.25,-69.3,-125.44,-54.84,-62.9,-67.6,-147.5,-76.2,-65.94,-6.125,-43.62,-121.75,-109.2,-59.2,-73.7,-69.2,-71.5,-88.6,-97.75,-97.2,-125.2,-49.88,-68.9,-80.5,-69.0,-92.94,0.0,-41.16,-99.8,-140.1,-31.62,-124.6,-83.7,-101.6,0.0,-41.6,-115.8
169,-7.293,-12.805,-13.94,-10.63,-10.836,-12.39,-10.0,-13.266,-16.0,0.0,-3.0,-7.4,-8.42,-5.117,-11.11,-5.734,-8.016,-16.55,-19.58,-19.39,-18.08,-11.61,-9.516,-22.55,-13.65,-14.0,-10.33,-8.0,-11.78,-20.0,-14.09,-13.81,-14.31,-7.45,-9.2,-6.0,-10.86,-15.63,-11.91,-9.836,-16.94,0.0,0.0,-12.34,0.0,-14.5,-10.1,-3.875,-15.0,-14.86,-9.88,0.0,-17.94,-10.586,-13.13,-18.2,-13.0,-16.44,-17.58,-12.05,-6.0,-16.69,-9.984,-10.46,-14.61,-20.0,-13.17,-13.05,-7.625,-1.46,-19.28,-18.8,-9.8,-16.14,-8.35,-9.59,-7.715,-14.0,-16.03,-15.88,-3.95,-7.324,-6.44,-3.617,-11.44,0.0,-7.055,-11.4,-18.33,-2.0,-16.17,-11.33,-17.6,0.0,-4.0,-14.81
170,-2.691,-5.406,-2.625,-1.707,-0.5,-4.414,-1.5,-5.0,-7.5,0.0,-0.1285,-3.84,-4.11,-1.85,-4.81,-0.6665,-2.676,-2.76,-4.875,-5.12,-3.99,-2.7,-2.0,-5.64,-5.0,-5.75,-7.0,-2.0,-1.507,-6.0,-3.86,-5.0,-3.02,-2.25,-1.6,-1.333,-4.207,-2.9,-3.36,-3.334,-3.8,0.0,0.0,-3.84,0.0,-2.99,-2.18,-4.375,-2.438,-6.54,-3.008,0.0,-5.55,-3.676,-2.0,-3.2,-3.238,-4.523,-5.5,-2.156,-3.0,-7.176,-3.15,-3.19,-4.125,-6.875,-4.21,-2.268,-0.95,-1.1,-4.9,-6.0,-1.8,-5.285,-3.184,-2.357,-3.475,-4.75,-0.6377,-5.05,-1.395,-1.112,-1.17,-3.35,-1.975,0.0,-1.233,-5.6,-5.2,-1.1,-4.918,-4.94,-4.8,0.0,-3.8,-4.0
171,-40.53,-62.25,-59.66,-41.22,-31.17,-56.3,-62.7,-49.72,-65.5,0.0,-22.89,-34.22,-51.66,-47.75,-51.1,-32.25,-18.9,-51.34,-76.75,-72.4,-71.25,-35.2,-68.4,-77.2,-56.4,-79.75,-84.9,-31.58,-28.39,-75.6,-47.34,-61.94,-57.84,-60.75,-50.2,-26.83,-53.06,-72.75,-62.66,-51.16,-62.7,0.0,0.0,-30.56,0.0,-43.5,-69.06,-65.0,-66.7,-67.94,-51.7,0.0,-28.75,-40.75,-49.06,-78.2,-81.9,-62.78,-48.2,-53.72,-64.7,-86.1,-58.3,-62.62,-67.1,-79.6,-69.44,-44.38,-26.62,-20.47,-52.25,-73.4,-38.6,-53.44,-38.2,-61.94,-49.6,-63.75,-69.7,-87.9,-29.33,-24.5,-45.4,-29.9,-38.88,0.0,-26.66,-70.0,-70.9,-15.5,-57.03,-63.6,-63.8,0.0,-53.4,-62.56
172,-10.65,-14.36,-6.77,-10.09,-6.332,-17.28,-6.5,-9.35,-11.75,0.0,-6.31,-11.75,-16.47,-11.125,-14.08,-10.26,-10.83,-14.11,-14.375,-16.25,-14.19,-11.92,-9.25,-15.23,-17.27,-26.0,-21.53,-6.285,-6.07,-19.17,-13.49,-9.5,-14.1,-14.125,-13.2,-4.0,-7.605,-12.69,-17.4,-11.164,-16.0,0.0,0.0,-10.97,0.0,-10.9,-7.65,-12.19,-11.95,-20.9,-15.46,0.0,-21.62,-9.35,-10.336,-9.6,-19.4,-13.016,-17.33,-10.14,-2.0,-19.53,-10.05,-7.7,-10.89,-17.02,-13.89,-18.6,-11.0,-7.65,-23.66,-22.4,-6.2,-10.0,-14.25,-9.3,-4.6,-12.0,-14.39,-22.67,-6.504,-8.6,-11.0,-5.75,-9.5,0.0,-8.23,-19.4,-17.88,-3.875,-11.25,-11.71,-17.6,0.0,-13.4,-16.62
173,-32.97,-65.9,-47.38,-27.31,-37.66,-27.11,-14.4,-28.16,-43.34,0.0,-29.94,-41.1,-56.06,-47.84,-51.72,-30.53,-43.56,-44.1,-80.06,-60.66,-65.1,-40.66,-66.5,-66.3,-63.2,-59.75,-38.94,-35.16,-20.83,-50.0,-55.3,-41.16,-44.25,-30.48,-26.2,-10.0,-62.03,-50.72,-51.38,-43.84,-73.6,0.0,0.0,-36.06,0.0,-36.9,-49.34,-55.44,-31.44,-74.94,-30.45,0.0,-51.94,-46.6,-76.0,-58.2,-22.78,-56.12,-52.16,-42.78,-47.0,-98.7,-57.94,-30.22,-37.94,-56.38,-67.56,-41.56,-40.25,-32.66,-76.6,-76.0,-34.2,-48.0,-27.03,-39.44,-35.47,-53.6,-75.4,-50.6,-12.91,-29.11,-43.88,-47.44,-32.3,0.0,-31.75,-50.8,-57.88,-8.125,-55.7,-63.7,-58.4,0.0,-39.2,-52.12
174,-2.875,-14.78,-7.9,-4.887,-12.0,-14.29,-9.0,-18.5,-20.0,0.0,-9.0,-8.95,-11.12,-7.242,-17.81,-4.234,-9.35,-13.89,-16.0,-18.89,-10.41,-9.63,-15.5,-13.39,-14.4,-12.5,-13.25,-6.285,-5.793,-21.14,-17.4,-10.625,-13.59,-14.56,-13.0,-4.066,-6.18,-12.21,-16.05,-10.336,-18.06,0.0,0.0,-10.78,0.0,-8.91,-14.83,-2.688,-8.9,-19.94,-6.82,0.0,-15.81,-13.8,-20.33,-15.6,-18.25,-12.77,-10.836,-10.08,-5.332,-13.7,-4.66,-9.21,-10.7,-19.44,-11.03,-10.016,-8.375,-8.66,-13.96,-18.8,-12.2,-16.42,-13.45,-9.484,-13.47,-17.4,-17.66,-20.81,-2.965,-6.582,-12.57,-6.965,-12.055,0.0,-6.812,-10.0,-16.33,-8.0,-13.65,-13.51,-21.2,0.0,-7.4,-15.9
175,-63.16,-175.5,-141.6,-62.44,-111.2,-248.5,-178.5,-203.2,-218.4,0.0,-91.4,-131.8,-131.6,-133.4,-144.1,-152.1,-55.12,-131.2,-198.9,-225.8,-217.0,-72.1,-81.5,-231.5,-141.9,-156.5,-174.8,-32.0,-114.7,-264.0,-196.5,-140.8,-161.1,-131.1,-131.8,-76.0,-154.6,-175.5,-187.6,-149.0,-202.8,0.0,0.0,-187.4,0.0,-134.6,-109.56,-168.9,-99.7,-243.8,-132.1,0.0,-163.8,-79.2,-103.5,-203.6,-203.4,-165.6,-148.2,-134.0,-83.0,-209.4,-74.44,-33.53,-154.5,-226.2,-122.7,-140.2,-208.8,-81.6,-189.1,-230.0,-41.8,-184.8,-138.9,-80.94,-101.44,-197.2,-101.4,-203.8,-72.1,-71.94,-120.0,-145.2,-107.2,0.0,-54.38,-177.8,-245.9,-45.9,-190.1,-214.4,-216.8,0.0,-121.6,-231.5
176,-10.67,-29.56,-20.1,-13.44,-27.0,-18.47,-32.7,-16.5,-28.0,0.0,-11.44,-24.2,-29.61,-25.44,-17.84,-19.0,-23.75,-29.02,-34.7,-36.2,-32.66,-14.09,-23.08,-41.03,-26.33,-32.75,-26.1,-13.57,-19.22,-27.33,-28.1,-28.5,-27.34,-31.2,-25.2,-19.0,-17.17,-24.77,-17.9,-19.33,-39.0,0.0,0.0,-20.94,0.0,-29.2,-5.97,-29.17,-12.875,-33.03,-18.11,0.0,-22.94,-20.05,-26.33,-26.2,-34.25,-29.03,-26.75,-20.05,-25.0,-38.38,-21.62,-24.1,-15.664,-39.88,-25.44,-25.6,-17.75,-6.44,-34.62,-38.6,-21.4,-22.42,-22.52,-20.0,-27.56,-25.6,-33.2,-45.47,-19.5,-14.945,-20.47,-21.6,-22.19,0.0,-14.555,-33.8,-35.1,1.0,-27.88,-26.52,-31.4,0.0,-16.8,-29.88
177,-5.082,-14.445,-16.64,-15.54,-10.164,-12.23,-12.94,-8.664,-11.0,0.0,-5.05,-16.25,-12.87,-8.75,-12.88,-11.086,-12.266,-13.35,-13.83,-17.06,-20.67,-13.51,-17.62,-22.9,-15.91,-14.25,-22.52,-6.285,-10.164,-16.2,-12.27,-19.06,-12.88,-12.35,-11.8,-10.0,-9.51,-10.5,-12.66,-9.336,-13.0,0.0,0.0,-10.08,0.0,-14.5,-12.75,-13.586,-7.46,-15.83,-13.39,0.0,-17.77,-11.74,-9.93,-19.4,-18.47,-14.35,-16.6,-12.27,-5.0,-21.75,-1.62,-7.59,-11.15,-15.664,-13.586,-10.68,-11.375,-4.84,-17.45,-21.2,-10.2,-14.86,-16.62,-12.25,-2.55,-15.0,-18.12,-12.84,-8.67,-5.727,-5.1,-10.234,-10.125,0.0,-6.56,-15.0,-22.45,-14.3,-11.0,-12.33,-20.0,0.0,-9.4,-17.88
178,-94.44,-138.0,-88.9,-47.5,-124.2,-143.6,-79.5,-130.9,-133.6,0.0,-69.94,-152.9,-123.0,-88.2,-102.6,-107.25,-102.1,-86.56,-161.4,-170.1,-141.0,-132.0,-91.9,-165.5,-127.2,-117.0,-99.5,-41.44,-110.0,-167.9,-115.06,-197.5,-173.9,-109.5,-118.8,-98.0,-83.94,-95.1,-151.8,-104.2,-144.8,0.0,0.0,-126.9,0.0,-106.9,-102.1,-71.75,-157.9,-162.1,-111.56,0.0,-75.56,-133.9,-139.6,-108.0,-165.2,-150.4,-112.1,-101.4,-133.6,-145.2,-65.0,-140.5,-153.5,-149.0,-107.6,-109.6,-78.1,-94.56,-172.6,-198.8,-128.6,-134.8,-103.56,-97.44,-62.16,-155.2,-93.3,-214.1,-74.94,-35.22,-131.1,-119.25,-63.0,0.0,-59.88,-128.0,-199.0,-100.6,-158.2,-141.2,-166.4,0.0,-81.8,-154.8
179,-29.81,-39.44,-42.06,-26.9,-26.17,-41.34,-51.3,-55.1,-49.0,0.0,-31.86,-44.94,-51.06,-28.83,-42.0,-22.33,-21.88,-25.48,-76.56,-65.7,-52.47,-25.25,-50.38,-82.25,-56.38,-52.25,-69.3,-20.42,-21.0,-59.9,-67.9,-52.9,-32.06,-30.88,-23.0,-35.66,-41.66,-50.56,-46.12,-46.0,-38.44,0.0,0.0,-45.47,0.0,-16.25,-45.78,-44.25,-50.38,-57.84,-32.53,0.0,-48.53,-35.97,-36.75,-49.6,-52.5,-49.28,-56.94,-33.78,-58.34,-71.8,-8.44,-34.34,-50.12,-47.25,-48.97,-47.84,-4.875,-22.34,-47.3,-73.0,-33.4,-49.0,-25.16,-31.45,-53.1,-62.6,-58.5,-69.25,-19.78,-22.38,-42.84,-28.5,-30.78,0.0,-24.39,-50.4,-49.25,3.0,-45.84,-51.53,-49.0,0.0,-29.0,-58.0
180,-78.0,-118.7,-65.44,-122.25,-90.0,-165.8,-55.7,-114.9,-109.0,0.0,-59.88,-57.16,-113.9,-56.22,-113.4,-59.22,-55.75,-59.88,-135.2,-159.2,-111.2,-82.06,-93.25,-147.6,-161.6,-73.0,-120.2,-38.0,-34.78,-142.1,-118.1,-99.56,-114.7,-80.4,-62.6,-83.0,-74.4,-108.3,-94.56,-66.2,-138.6,0.0,0.0,-103.25,0.0,-124.4,-60.66,-95.56,-64.75,-117.7,-76.0,0.0,-66.9,-78.8,-42.0,-103.8,-89.0,-83.75,-83.6,-72.25,-15.336,-171.8,-106.6,-55.94,-124.94,-169.1,-99.75,-98.44,-35.75,-49.8,-81.3,-146.0,-129.2,-127.44,-65.44,-82.6,-41.5,-96.8,-90.94,-130.2,-36.44,-39.22,-106.25,-83.56,-74.2,0.0,-52.2,-149.6,-142.4,-63.12,-92.75,-128.4,-162.8,0.0,-67.6,-112.6
181,-31.78,-50.9,-29.67,-28.38,-15.336,-29.88,-21.97,-31.25,-44.66,0.0,-17.36,-32.56,-53.2,-35.1,-47.44,-35.9,-35.38,-24.83,-53.53,-58.1,-56.75,-37.03,-35.88,-58.97,-40.06,-43.25,-41.22,-20.86,-24.89,-52.5,-64.7,-32.56,-45.2,-25.33,-25.0,-26.0,-34.1,-40.44,-31.45,-30.83,-57.5,0.0,0.0,-58.88,0.0,-32.62,-28.05,-37.7,-28.98,-52.84,-21.4,0.0,-33.7,-25.55,-35.66,-52.2,-50.9,-42.1,-35.5,-28.38,-35.34,-47.78,-41.6,-27.02,-29.88,-42.2,-41.72,-36.9,-16.25,-33.3,-55.44,-51.2,-28.8,-33.44,-28.94,-34.9,-32.16,-51.4,-45.12,-53.25,-29.31,-18.12,-26.45,-38.22,-31.78,0.0,-23.11,-49.8,-32.0,-20.38,-43.66,-43.2,-54.8,0.0,-24.2,-39.94
182,-74.56,-135.4,-91.75,-127.9,-102.2,-169.2,-140.6,-118.44,-75.7,0.0,-89.2,-93.8,-144.2,-145.5,-98.1,-96.5,-124.6,-126.8,-171.8,-239.5,-100.25,-82.75,-121.8,-200.0,-136.0,-154.2,-152.2,-47.28,-84.06,-138.0,-129.9,-123.9,-165.6,-107.2,-47.56,-25.0,-103.8,-106.56,-197.2,-107.2,-120.1,0.0,0.0,-148.8,0.0,-106.5,-66.75,-96.2,-113.2,-183.9,-120.1,0.0,-139.9,-75.56,-111.7,-170.4,-131.2,-98.44,-142.8,-77.75,-174.0,-167.0,-101.8,-32.4,-143.5,-155.4,-114.7,-71.3,-103.0,-76.94,-116.5,-160.2,-104.2,-140.8,-65.06,-132.6,-70.7,-144.0,-48.62,-154.8,-82.2,-40.8,-84.56,-88.25,-91.06,0.0,-68.3,-143.8,-198.5,-100.75,-114.9,-160.8,-170.6,0.0,-87.4,-180.6
183,-38.75,-79.7,-59.12,-62.44,-55.0,-129.2,-58.22,-110.5,-100.0,0.0,-18.4,-43.12,-44.66,-39.84,-102.0,-37.88,-56.62,-56.7,-111.4,-89.3,-89.44,-67.7,-68.25,-97.8,-96.6,-82.0,-98.1,-51.56,-19.75,-130.4,-59.84,-90.7,-79.6,-62.3,-43.2,-28.72,-77.56,-71.56,-59.4,-67.0,-91.8,0.0,0.0,-108.8,0.0,-107.5,-40.1,-47.72,-45.06,-85.1,-62.44,0.0,-72.75,-51.12,-43.5,-69.2,-97.1,-96.56,-100.06,-75.44,8.5,-120.9,-64.8,-49.28,-76.94,-89.94,-75.44,-63.53,-15.0,-56.9,-83.25,-117.4,-39.4,-99.44,-90.7,-56.25,-66.75,-110.6,-92.1,-111.3,-13.57,-32.1,-86.06,-63.56,-47.7,0.0,-34.9,-98.6,-113.94,-69.75,-81.25,-62.47,-96.75,0.0,-76.0,-81.0
184,-15.79,-70.4,-41.4,-26.69,-37.66,-38.3,-41.75,-37.53,-55.66,0.0,-15.07,-28.28,-47.03,-29.78,-70.06,-29.83,-36.84,-33.44,-55.3,-71.8,-56.1,-28.25,-39.8,-62.5,-55.0,-48.25,-79.94,-6.145,-23.14,-51.06,-56.5,-39.5,-45.9,-9.52,-37.2,-23.28,-48.72,-46.62,-60.75,-33.66,-58.2,0.0,0.0,-45.12,0.0,-25.14,-29.27,-15.33,-43.0,-51.44,-34.9,0.0,-34.78,-26.31,-44.4,-60.4,-70.2,-57.5,-54.16,-32.3,-39.0,-55.12,-48.7,-40.9,-44.44,-84.7,-41.94,-27.94,-28.75,-29.06,-53.38,-57.0,-33.8,-55.16,-36.25,-29.55,-29.0,-35.2,-30.97,-42.0,-18.12,-18.28,-35.97,-38.34,-41.06,0.0,-23.73,-42.4,-77.1,-17.62,-28.06,-47.06,-69.0,0.0,-49.2,-56.5
185,-27.8,-59.2,-53.97,-44.2,-67.0,-48.72,-46.75,-70.75,-34.34,0.0,-31.81,-17.19,-75.2,-34.44,-78.2,-30.6,-46.94,-46.78,-66.75,-75.44,-80.25,-34.66,-47.06,-70.2,-74.2,-53.75,-72.25,-44.0,-26.56,-76.2,-59.6,-54.6,-64.25,-19.67,-42.2,-34.16,-47.34,-27.11,-84.0,-39.5,-48.56,0.0,0.0,-68.9,0.0,-60.62,-38.0,-56.3,-65.75,-94.0,-55.47,0.0,-57.2,-36.84,-53.0,-55.8,-66.56,-48.7,-73.75,-57.16,-47.5,-74.9,-47.6,-41.47,-63.44,-66.7,-39.25,-33.9,-46.47,-20.95,-67.1,-68.6,-40.4,-56.16,-59.9,-51.12,-37.94,-43.6,-46.97,-77.44,-23.62,-28.78,-24.55,-37.47,-46.2,0.0,-33.44,-73.0,-65.75,-18.83,-71.75,-46.72,-53.0,0.0,-45.2,-62.3
186,-48.25,-88.75,-105.0,-58.88,-105.2,-118.44,-62.44,-99.5,-120.7,0.0,-48.3,-102.06,-128.6,-58.2,-143.4,-57.5,-73.25,-82.7,-170.2,-137.5,-83.06,-103.0,-57.8,-153.8,-99.44,-120.0,-99.8,-76.0,-33.78,-165.9,-122.4,-144.2,-117.3,-78.8,-61.4,-52.44,-106.56,-95.56,-123.75,-85.56,-111.8,0.0,0.0,-102.75,0.0,-109.75,-73.0,-113.5,-119.8,-159.9,-85.56,0.0,-123.25,-32.88,-81.0,-105.4,-85.56,-127.9,-128.6,-65.56,-107.5,-171.2,-115.25,-85.75,-86.9,-137.8,-118.94,-111.3,-43.0,-50.78,-135.2,-161.8,-91.0,-106.44,-95.8,-101.0,-66.8,-93.0,-118.7,-134.0,-41.34,-34.72,-70.2,-110.2,-86.1,0.0,-54.06,-109.4,-147.8,-41.5,-85.94,-117.0,-79.7,0.0,-87.2,-134.2
187,-10.26,-19.62,-12.85,-10.17,-25.33,-24.06,-11.125,-21.8,-10.336,0.0,-7.3,-19.34,-19.34,-10.95,-16.55,-9.664,-13.35,-11.24,-23.2,-22.69,-24.84,-14.07,-18.6,-19.4,-15.9,-14.25,-21.48,-7.0,-7.7,-23.5,-13.51,-27.5,-15.47,-14.11,-14.6,-11.0,-16.44,-18.83,-21.97,-15.5,-23.31,0.0,0.0,-9.99,0.0,-19.69,-12.01,-15.54,-10.29,-26.75,-11.82,0.0,-9.875,-18.7,-14.0,-23.2,-20.17,-18.97,-18.77,-11.42,-20.0,-26.6,-15.21,-9.13,-16.84,-25.98,-17.6,-13.38,-2.125,0.4,-23.33,-22.2,-16.6,-23.42,-18.83,-18.12,-16.3,-20.0,-14.19,-21.11,-5.324,-6.957,-20.33,-16.39,-15.945,0.0,-6.86,-21.8,-19.83,-11.5,-19.0,-20.75,-29.67,0.0,-15.8,-23.84
188,-3.875,-28.61,-16.64,-16.7,-16.0,-10.04,-17.73,-32.16,-27.0,0.0,-9.86,-16.1,-20.45,-19.5,-28.72,-15.71,-14.484,-26.12,-29.52,-28.25,-20.4,-24.16,-18.8,-30.33,-25.62,-23.5,-18.92,-11.5,-8.36,-40.0,-22.12,-27.34,-22.14,-19.72,-13.8,-11.14,-14.1,-23.97,-20.56,-18.83,-22.28,0.0,0.0,-21.28,0.0,-27.77,-16.5,-16.8,-17.78,-32.2,-17.81,0.0,-15.04,-15.23,-15.164,-27.8,-20.17,-22.22,-24.55,-13.195,-12.5,-21.94,-32.0,-17.08,-29.3,-34.3,-26.14,-30.23,-13.375,-10.35,-26.25,-30.0,-12.2,-31.58,-25.39,-17.52,-18.22,-19.6,-21.44,-29.72,-8.75,-10.44,-8.82,-15.875,-17.73,0.0,-10.63,-24.6,-28.42,-16.0,-19.66,-25.3,-27.33,0.0,-21.2,-18.67
189,-40.5,-79.0,-51.38,-54.22,-53.16,-72.9,-63.94,-54.5,-68.7,0.0,-38.78,-30.28,-80.44,-44.47,-74.5,-49.66,-25.12,-35.28,-102.06,-84.9,-105.56,-36.97,-45.25,-81.75,-70.94,-71.75,-88.3,-34.0,-23.33,-120.3,-53.0,-64.5,-69.0,-39.94,-60.4,-33.0,-56.12,-51.6,-70.5,-40.0,-74.9,0.0,0.0,-65.5,0.0,-55.1,-49.66,-54.84,-61.78,-75.06,-62.22,0.0,-44.28,-25.23,-29.42,-69.4,-62.34,-54.75,-33.56,-61.22,-54.0,-88.25,-45.66,-38.2,-72.56,-79.4,-68.75,-53.0,-59.2,-42.12,-59.9,-80.2,-44.8,-78.9,-42.7,-50.94,-55.7,-78.8,-43.06,-94.44,-40.62,-27.55,-28.69,-59.56,-56.0,0.0,-33.66,-38.0,-72.9,-19.7,-70.06,-50.28,-69.3,0.0,-49.4,-49.62
190,-15.53,-47.03,-42.22,-25.25,-36.0,-30.28,-31.31,-34.88,-36.34,0.0,-17.11,-32.5,-50.75,-27.33,-48.2,-26.77,-30.05,-29.02,-50.25,-36.34,-48.5,-32.9,-44.7,-67.3,-46.4,-36.25,-37.34,-19.0,-15.74,-54.47,-25.16,-31.69,-24.52,-24.4,-15.6,-16.14,-24.1,-30.88,-46.06,-30.33,-29.45,0.0,0.0,-33.03,0.0,-51.22,-33.4,-32.8,-38.5,-35.3,-30.27,0.0,-30.2,-20.25,-27.67,-31.0,-35.56,-40.12,-47.53,-40.94,-18.0,-56.56,-15.95,-26.66,-32.16,-47.6,-39.56,-15.71,-20.25,-22.1,-42.44,-48.6,-24.2,-45.56,-20.75,-25.7,-18.31,-46.6,-39.56,-54.53,-16.25,-21.64,-36.97,-27.05,-36.12,0.0,-20.7,-31.2,-57.53,-7.6,-36.62,-43.66,-60.34,0.0,-23.4,-55.25
191,-2.666,-19.19,-12.67,-5.984,-14.664,-19.5,-19.69,-19.97,-21.33,0.0,-6.543,-14.37,-18.48,-11.63,-20.45,-7.875,-16.95,-13.25,-26.78,-27.81,-24.48,-11.01,-12.6,-27.31,-24.0,-11.0,-16.53,-10.0,-9.88,-21.0,-18.73,-19.56,-13.76,-9.55,-11.2,-9.86,-6.38,-25.03,-24.48,-15.836,-20.19,0.0,0.0,-17.8,0.0,-22.94,-16.73,-15.45,-9.05,-23.88,-16.9,0.0,-19.28,-10.836,-16.0,-15.0,-18.1,-16.36,-20.8,-12.5,-1.0,-24.9,-11.2,-13.88,-29.94,-16.75,-14.55,-16.73,-9.7,-11.3,-19.72,-28.6,-11.8,-16.14,-16.7,-15.18,-17.12,-21.6,-19.31,-20.52,-7.816,-12.3,-15.38,-14.43,-9.57,0.0,-7.992,-18.6,-24.94,-14.73,-22.3,-17.9,-24.33,0.0,-15.0,-19.75
192,-37.66,-77.75,-68.6,-49.9,-52.84,-74.4,-76.25,-29.19,-78.7,0.0,-23.44,-66.1,-71.06,-53.03,-67.8,-25.22,-44.2,-26.1,-97.1,-94.3,-58.12,-52.6,-60.62,-85.56,-91.6,-107.75,-77.94,-6.5,-41.62,-98.25,-84.75,-43.06,-84.1,-45.3,-40.4,-35.44,-60.47,-61.0,-76.06,-54.16,-99.2,0.0,0.0,-55.75,0.0,-79.3,-68.4,-90.1,-48.4,-113.2,-43.25,0.0,-80.44,-45.22,-40.1,-72.6,-74.4,-73.4,-42.5,-45.56,-76.5,-90.75,-56.78,-36.75,-74.06,-96.8,-73.94,-28.92,-83.0,-20.95,-89.1,-116.0,-60.8,-71.44,-58.6,-68.9,-51.1,-88.6,-64.06,-71.56,-41.75,-49.2,-85.5,-76.8,-39.94,0.0,-44.2,-56.2,-82.5,-7.5,-70.5,-89.0,-114.0,0.0,-69.6,-78.1
193,-3.578,-10.15,-6.24,-1.357,-7.168,-9.73,-5.5,-4.465,-5.668,0.0,-1.757,-7.434,-8.664,-7.832,-8.5,-5.273,-3.65,-7.19,-12.25,-11.65,-10.25,-6.45,-4.812,-10.53,-12.01,-6.5,-9.63,-3.0,-3.314,-12.586,-12.2,-10.6,-12.58,-5.426,-6.6,-2.143,-7.3,-8.11,-6.1,-6.168,-6.88,0.0,0.0,-8.64,0.0,-7.65,-6.99,-7.324,-5.75,-13.59,-8.555,0.0,-9.23,-6.574,-7.0,-7.8,-8.9,-8.375,-13.2,-6.242,-2.5,-8.45,-6.77,-9.33,-10.39,-10.734,-9.29,-7.023,-7.0,-1.14,-4.5,-12.2,-7.6,-10.43,-9.18,-5.98,-7.715,-6.8,-9.5,-12.01,-3.8,-3.166,-1.98,-8.16,-8.805,0.0,-2.754,-11.2,-14.0,-5.5,-7.15,-7.176,-15.664,0.0,-2.6,-7.5
194,-20.38,-53.44,-42.62,-37.12,-35.16,-36.25,-38.06,-43.34,-41.66,0.0,-17.0,-28.0,-56.25,-45.88,-44.12,-24.69,-13.25,-23.66,-61.84,-78.4,-49.34,-39.22,-44.8,-55.78,-37.9,-43.5,-38.84,-24.0,-27.31,-65.3,-57.25,-37.25,-37.97,-29.12,-10.2,-40.44,-45.47,-53.22,-71.8,-39.34,-33.72,0.0,0.0,-52.44,0.0,-53.7,-36.7,-27.19,-52.47,-44.22,-35.25,0.0,-36.8,-39.16,-38.06,-57.8,-50.4,-52.5,-55.34,-35.22,-58.0,-74.5,-20.69,-33.25,-48.12,-72.56,-54.22,-33.4,-8.33,-41.56,-43.44,-57.0,-37.6,-56.16,-31.3,-37.7,-34.5,-46.8,-59.28,-56.03,-22.34,-17.23,-37.3,-34.25,-27.88,0.0,-20.19,-51.6,-63.56,-9.25,-41.56,-49.47,-63.34,0.0,-41.4,-51.03
195,-21.28,-56.06,-23.03,-22.4,-40.84,-37.06,-25.8,-40.16,-22.67,0.0,-22.62,-20.61,-38.94,-28.2,-51.22,-16.78,-16.95,-33.53,-54.3,-53.8,-45.97,-33.06,-26.55,-58.62,-44.56,-33.0,-20.83,-11.0,-29.94,-46.78,-42.66,-26.5,-35.8,-15.734,-32.6,-18.42,-22.66,-38.84,-27.2,-20.17,-44.66,0.0,0.0,-33.3,0.0,-39.4,-33.5,-33.03,-44.9,-41.12,-26.55,0.0,-40.88,-40.6,-16.83,-40.2,-48.9,-40.78,-33.47,-26.56,-25.5,-46.94,-26.06,-10.65,-52.66,-43.66,-47.06,-19.88,-17.05,-25.55,-46.7,-51.8,-34.2,-27.58,-33.88,-41.8,-29.22,-39.6,-49.6,-38.1,-11.0,-16.62,-22.48,-37.16,-27.81,0.0,-17.84,-31.8,-50.7,-15.9,-30.98,-33.34,-55.0,0.0,-33.0,-32.8
196,-18.05,-62.6,-57.6,-36.22,-35.5,-64.5,-43.5,-43.4,-58.66,0.0,-19.78,-30.95,-42.6,-38.44,-68.6,-11.42,-50.06,-21.3,-60.44,-56.62,-60.16,-43.9,-36.7,-52.2,-54.7,-34.75,-59.97,-34.0,-23.22,-55.66,-43.56,-60.56,-57.7,-29.62,-41.4,-21.28,-40.62,-42.84,-37.0,-57.34,-43.47,0.0,0.0,-26.95,0.0,-52.25,-44.2,-41.94,-53.2,-70.75,-34.5,0.0,-60.62,-37.94,-30.66,-66.6,-61.88,-53.3,-45.66,-26.4,-14.0,-53.9,-41.34,-31.8,-57.28,-44.38,-43.3,-43.53,-19.3,-8.5,-50.97,-77.0,-41.6,-51.16,-51.38,-28.95,-28.39,-60.6,-52.88,-60.16,-26.12,-13.5,-35.5,-36.47,-42.22,0.0,-26.64,-43.2,-46.12,-9.0,-55.7,-58.47,-64.0,0.0,-41.4,-42.38
197,-12.21,-23.75,-16.03,-14.65,-15.336,-32.75,-13.25,-34.5,-16.0,0.0,-14.1,-17.58,-25.31,-13.875,-30.9,-13.68,-11.8,-15.9,-36.12,-29.94,-26.64,-18.16,-14.0,-36.94,-20.28,-21.75,-24.58,-15.25,-5.56,-38.66,-24.05,-26.5,-21.94,-14.64,-21.0,-8.29,-19.86,-24.4,-27.7,-17.67,-27.95,0.0,0.0,-16.7,0.0,-22.84,-21.16,-28.42,-18.56,-28.66,-23.36,0.0,-22.8,-18.02,-24.67,-24.2,-24.81,-19.98,-32.6,-15.96,-11.5,-35.12,-11.93,-10.1,-28.0,-30.25,-26.66,-11.53,-14.5,-8.11,-30.66,-32.0,-17.6,-22.72,-14.25,-20.61,-14.875,-14.0,-22.6,-29.12,-10.18,-6.99,-12.4,-14.61,-16.12,0.0,-14.766,-24.6,-25.0,-10.875,-16.47,-39.9,-29.0,0.0,-16.6,-26.19
198,-14.21,-47.47,-36.6,-34.75,-34.84,-52.0,-17.5,-54.34,-34.66,0.0,-22.81,-35.53,-46.72,-38.66,-56.25,-19.28,-50.34,-25.61,-67.2,-71.06,-50.25,-25.9,-40.06,-62.7,-44.62,-37.0,-49.16,-8.0,-30.88,-50.97,-42.6,-56.88,-54.56,-18.05,-18.0,-18.28,-52.12,-46.56,-53.06,-32.5,-60.2,0.0,0.0,-47.7,0.0,-53.88,-27.45,-27.8,-29.1,-53.97,-25.16,0.0,-40.8,-26.42,-38.9,-41.66,-64.2,-27.94,-35.5,-27.34,-35.0,-40.28,-47.62,-18.9,-72.4,-58.9,-54.84,-30.0,-3.875,-23.03,-60.25,-62.0,-31.0,-41.56,-21.27,-47.38,-36.44,-49.4,-59.97,-65.8,-10.88,-23.0,-49.7,-31.7,-28.88,0.0,-21.83,-63.6,-63.44,-28.45,-42.56,-20.66,-35.0,0.0,-40.6,-48.12
199,-1.9,-4.01,-3.8,-2.486,-3.0,-3.588,-3.75,-4.668,-4.0,0.0,-1.107,-0.967,-4.543,-3.357,-3.426,-1.429,-1.8125,-1.85,-5.29,-4.336,-5.03,-2.99,-3.0,-4.957,-3.6,-3.75,-4.117,-1.0,-2.465,-4.668,-4.37,-4.25,-4.83,-1.6875,-2.4,-0.857,-2.293,-4.816,-2.0,-2.834,-4.6,0.0,0.0,-3.93,0.0,-2.75,-2.89,-1.333,-2.863,-3.95,-1.979,0.0,-4.875,-2.686,-5.332,-4.2,-3.25,-5.508,-3.834,-1.744,-2.5,-5.1,-2.03,-3.78,-5.76,-6.7,-2.111,-2.875,0.5,-1.32,-4.438,-4.8,-2.2,-4.715,-3.209,-4.97,-4.438,-3.8,-2.812,-4.81,-1.332,-1.806,-1.38,-4.457,-3.006,0.0,-1.878,-2.6,-6.29,0.25,-3.742,-4.285,-7.0,0.0,-3.2,-4.04
200,-16.89,-63.66,-51.06,-40.4,-41.66,-60.56,-36.84,-50.34,-32.34,0.0,-10.88,-35.53,-67.75,-32.53,-43.12,-8.32,-40.12,-40.3,-65.56,-63.06,-47.6,-31.1,-24.75,-77.75,-56.84,-53.25,-51.9,-26.5,-33.34,-59.84,-54.1,-64.06,-62.78,-15.836,-35.2,-29.0,-38.5,-36.66,-42.88,-32.34,-53.7,0.0,0.0,-51.03,0.0,-53.44,-42.53,-44.0,-37.75,-73.75,-30.89,0.0,-46.75,-21.11,-29.67,-38.8,-53.2,-49.47,-73.25,-22.25,-36.0,-71.2,-50.47,-65.7,-23.28,-60.84,-53.53,-38.6,-29.88,-26.55,-56.75,-57.0,-27.0,-59.72,-39.94,-43.62,-28.08,-59.6,-71.6,-49.62,-18.81,-37.1,-27.06,-13.57,-38.4,0.0,-23.39,-48.16,-60.0,-26.45,-41.53,-49.1,-79.0,0.0,-27.0,-36.97
201,-44.75,-112.4,-95.94,-102.4,-89.7,-115.4,-111.6,-112.6,-95.7,0.0,-21.94,-57.5,-114.75,-72.75,-108.3,-54.22,-112.2,-102.06,-115.3,-115.4,-95.6,-57.2,-75.2,-159.9,-130.4,-95.5,-147.8,-68.0,-63.25,-134.8,-100.06,-134.0,-91.5,-38.62,-76.6,-15.43,-90.7,-99.3,-67.6,-118.0,-104.8,0.0,0.0,-92.8,0.0,-89.7,-76.3,-118.06,-92.44,-164.2,-46.47,0.0,-123.75,-55.62,-66.06,-96.2,-72.44,-126.75,-43.5,-42.4,-33.0,-177.2,-84.1,-115.9,-102.94,-157.6,-100.6,-95.75,-112.6,-100.56,-116.8,-150.8,-123.0,-88.0,-108.0,-36.28,-67.94,-104.2,-134.8,-135.8,-46.88,-40.8,-90.1,-63.88,-74.06,0.0,-51.06,-100.2,-130.5,-7.625,-127.06,-75.56,-91.0,0.0,-91.4,-125.0
202,-15.97,-40.34,-27.38,-41.9,-18.17,-36.06,-29.03,-46.6,-58.66,0.0,-21.64,-31.61,-51.47,-36.34,-47.88,-24.45,-37.38,-31.11,-61.3,-56.44,-33.0,-35.47,-27.3,-48.03,-56.0,-52.25,-35.06,-21.5,-19.67,-58.34,-58.53,-37.12,-38.62,-32.66,-20.8,-20.86,-37.78,-52.75,-49.88,-31.0,-47.4,0.0,0.0,-42.28,0.0,-52.4,-39.3,-39.8,-31.73,-53.5,-22.64,0.0,-51.22,-28.42,-23.0,-54.4,-27.02,-52.9,-26.08,-24.16,-36.0,-56.44,-41.03,-26.89,-34.84,-62.25,-36.4,-31.92,-39.38,-26.55,-43.3,-65.6,-39.0,-34.72,-31.3,-32.4,-29.56,-51.1,-42.3,-52.78,-29.3,-20.34,-22.06,-33.34,-22.55,0.0,-21.2,-50.84,-50.25,-19.0,-56.97,-31.31,-44.0,0.0,-34.0,-47.34
203,-1.179,-4.746,-2.793,-1.672,-3.666,-2.225,-3.5,-3.25,-4.332,0.0,-2.822,-3.008,-5.0,-4.5,-2.287,-2.0,-4.312,-3.74,-3.613,-6.2,-2.6,-2.88,-3.0,-5.758,-4.4,-4.25,-4.6,-1.5,-0.7285,-5.332,-3.95,-4.5,-4.24,-2.324,-1.8,-0.857,-2.5,-3.566,-6.062,-2.834,-2.0,0.0,0.0,-4.98,0.0,-2.77,-1.81,-4.184,-3.188,-4.09,-2.428,0.0,-5.023,-2.357,-1.333,-4.4,-4.387,-4.375,-1.833,-1.369,0.0,-4.023,-3.18,-2.18,-2.95,-4.617,-3.873,-1.583,-1.5,-1.0,-5.523,-4.4,-1.6,-4.855,-2.541,-1.72,-2.465,-3.8,-4.188,-4.07,-0.827,-1.289,-1.68,-2.684,-3.682,0.0,-1.39,-4.168,-5.887,-2.125,-3.967,-3.55,-4.0,0.0,-5.8,-4.074
204,-80.8,-96.44,-108.25,-104.06,-90.5,-78.94,-95.06,-117.25,-72.3,0.0,-24.77,-107.0,-115.8,-77.56,-156.2,-60.72,-84.4,-93.94,-148.5,-157.0,-119.1,-62.1,-132.4,-166.8,-130.9,-118.75,-129.1,-43.0,-53.6,-146.6,-123.1,-118.6,-105.6,-47.25,-82.6,-52.44,-87.4,-138.4,-97.5,-88.7,-93.06,0.0,0.0,-114.75,0.0,-103.4,-55.28,-45.66,-84.56,-131.0,-58.1,0.0,-91.0,-58.47,-137.8,-103.6,-105.75,-136.6,-132.4,-61.88,-129.0,-155.4,-73.2,-95.06,-112.7,-157.1,-103.94,-98.75,-89.4,-9.88,-97.2,-117.8,-84.4,-121.7,-79.3,-84.7,-77.25,-99.8,-131.5,-176.9,-41.56,-59.84,-71.0,-102.75,-68.9,0.0,-39.4,-151.5,-135.8,-26.0,-107.1,-123.0,-87.0,0.0,-117.6,-158.4
205,-25.78,-79.5,-65.25,-83.06,-64.5,-74.94,-85.56,-91.6,-100.0,0.0,-41.75,-77.0,-82.3,-70.7,-111.5,-14.75,-44.88,-103.5,-112.4,-84.75,-71.5,-39.75,-59.44,-101.0,-94.2,-67.0,-71.6,-37.0,-32.06,-127.8,-96.0,-96.1,-94.8,-74.06,-67.2,-56.0,-64.6,-104.6,-79.1,-91.5,-93.94,0.0,0.0,-70.5,0.0,-71.2,-85.4,-87.7,-55.06,-101.06,-66.75,0.0,-79.1,-84.06,-46.47,-116.0,-99.94,-66.8,-129.4,-49.44,-95.5,-116.9,-73.2,-69.9,-92.4,-114.94,-112.2,-61.84,-46.5,-39.88,-90.4,-154.8,-93.2,-100.9,-104.06,-93.25,-87.7,-75.2,-35.1,-117.8,-38.66,-28.22,-100.56,-75.4,-31.3,0.0,-47.78,-93.2,-110.2,-26.62,-97.8,-89.3,-113.0,0.0,-62.0,-112.5
206,-17.06,-59.7,-40.22,-43.97,-43.47,-62.3,-62.0,-77.0,-65.7,0.0,-22.08,-39.97,-53.78,-30.44,-73.25,-36.06,-47.9,-54.56,-82.8,-100.75,-60.03,-33.97,-46.4,-68.1,-66.06,-57.0,-44.44,-17.0,-37.53,-58.6,-69.2,-93.0,-66.3,-38.7,-38.2,-31.58,-52.7,-52.9,-33.66,-19.0,-58.25,0.0,0.0,-55.78,0.0,-54.56,-38.44,-65.0,-57.88,-89.4,-53.75,0.0,-36.25,-47.72,-71.3,-51.6,-62.94,-46.4,-59.84,-44.84,-95.0,-69.4,-36.25,-40.8,-96.75,-109.44,-49.0,-37.22,-35.0,-42.1,-54.25,-87.8,-60.8,-68.0,-35.84,-43.44,-31.97,-75.8,-51.84,-111.3,-18.95,-20.3,-54.1,-54.3,-56.12,0.0,-27.58,-43.16,-69.25,-4.1,-54.06,-75.25,-59.0,0.0,-34.8,-62.47
207,-7.43,-72.4,-27.48,-47.25,-45.5,-57.4,-47.2,-56.34,-51.66,0.0,-16.69,-19.25,-81.9,-55.03,-75.4,-21.25,-56.78,-53.94,-72.7,-54.62,-39.2,-58.16,-36.44,-60.25,-60.1,-65.5,-65.25,-17.0,-32.22,-54.84,-46.8,-63.94,-46.25,-42.7,-53.1,-28.14,-54.75,-54.4,-64.25,-50.84,-76.5,0.0,0.0,-59.6,0.0,-74.44,-39.3,-39.9,-60.12,-108.9,-42.8,0.0,-56.8,-50.56,-44.84,-65.8,-66.2,-58.44,-78.0,-44.4,-70.5,-76.9,-45.53,-44.47,-64.7,-77.0,-46.2,-46.94,-32.5,-29.6,-70.9,-73.4,-44.0,-71.9,-43.12,-39.06,-42.5,-54.4,-70.1,-60.12,-25.45,-22.02,-40.2,-51.53,-58.53,0.0,-25.62,-45.34,-75.44,-28.5,-40.72,-63.38,-71.0,0.0,-38.0,-67.75
208,0.7715,-3.205,-2.65,-3.643,-3.834,-2.625,-3.25,-3.6,-3.334,0.0,-1.65,-2.441,-4.883,-3.275,-6.45,-1.714,-2.426,-0.31,-4.086,-6.55,-5.13,-2.03,-1.5,-4.66,-4.6,-2.5,-3.65,-1.0,-2.393,-5.332,-4.39,-3.5,-3.88,-3.15,-3.2,-1.714,-2.45,-4.85,-3.5,-3.334,-4.8,0.0,0.0,-3.15,0.0,-2.73,-1.69,-5.383,-2.125,-3.44,-3.607,0.0,-4.71,-3.193,-4.0,-3.0,-4.51,-3.842,-4.4,-4.574,-5.5,-5.04,-3.05,-4.1,-4.5,-6.25,-2.506,-4.09,-3.25,-0.47,-5.625,-6.0,-1.6,-3.143,-1.759,-3.41,-3.156,-3.4,-4.6,-5.44,-0.4272,-1.045,-3.08,-2.25,-2.355,0.0,-1.097,-4.668,-5.9,-1.8,-4.69,-2.625,-7.0,0.0,-3.6,-2.8
209,-19.95,-44.28,-31.55,-23.17,-32.0,-41.84,-34.28,-46.0,-36.0,0.0,-8.54,-42.84,-40.22,-21.0,-52.7,-11.86,-23.83,-47.47,-57.38,-44.84,-40.7,-22.86,-39.8,-52.97,-42.1,-43.5,-18.17,-29.0,-29.19,-52.66,-46.34,-34.7,-45.6,-11.86,-34.8,-20.72,-36.75,-37.16,-57.7,-24.83,-37.94,0.0,0.0,-46.56,0.0,-44.25,-21.95,-32.84,-39.38,-54.75,-30.14,0.0,-43.12,-36.62,-38.0,-43.0,-49.7,-31.9,-34.53,-21.56,5.5,-42.0,-32.16,-31.55,-44.88,-47.78,-34.25,-28.42,-35.0,-15.47,-30.94,-48.6,-17.2,-55.44,-33.53,-27.9,-20.97,-55.4,-26.22,-49.12,-22.77,-19.14,-11.43,-32.6,-35.1,0.0,-16.38,-44.16,-55.2,-26.5,-38.53,-43.06,-63.0,0.0,-31.4,-43.7
210,-4.62,-9.71,-8.14,-6.266,-6.168,-6.023,-4.45,-6.5,-4.332,0.0,-4.5,-5.35,-8.33,-7.86,-8.02,-2.97,-8.625,-10.11,-10.95,-12.19,-11.65,-4.35,-7.0,-12.62,-10.4,-9.75,-9.336,-3.0,-5.07,-13.0,-6.02,-9.31,-8.68,-6.574,-7.2,-3.285,-6.836,-10.15,-8.875,-7.332,-7.7,0.0,0.0,-10.85,0.0,-6.79,-6.8,-9.37,-5.387,-14.14,-7.535,0.0,-10.65,-7.9,-8.5,-10.0,-10.6,-7.5,-10.164,-4.258,-6.0,-12.016,-7.48,-7.77,-9.5,-13.75,-4.562,-4.293,-9.25,-2.48,-8.8,-9.8,-7.0,-7.145,-6.715,-5.2,-6.785,-8.2,-8.734,-14.53,-3.873,-3.844,-4.69,-7.55,-4.95,0.0,-4.254,-11.0,-12.7,0.4,-7.95,-9.09,-11.0,0.0,-7.0,-9.15
211,-22.89,-36.38,-32.6,-41.2,-34.84,-30.31,-40.06,-60.44,-52.34,0.0,-15.125,-31.92,-45.88,-33.94,-29.56,-17.17,-15.0,-22.62,-52.7,-76.0,-53.2,-20.8,-38.7,-70.06,-54.0,-44.25,-50.88,-11.5,-23.47,-66.5,-58.1,-52.3,-48.3,-50.88,-34.0,-20.42,-38.78,-48.94,-31.62,-49.16,-54.12,0.0,0.0,-43.44,0.0,-51.47,-50.7,-32.16,-21.34,-66.44,-26.6,0.0,-25.72,-38.84,-59.0,-48.6,-67.7,-45.75,-49.62,-35.28,-44.0,-65.94,-41.4,-19.73,-23.4,-79.8,-50.3,-41.66,-34.0,-26.48,-56.5,-69.0,-30.2,-55.84,-29.56,-32.84,-23.12,-64.8,-74.1,-66.5,-12.836,-16.22,-29.16,-20.23,-37.47,0.0,-22.53,-40.34,-62.75,-25.97,-53.9,-30.48,-59.0,0.0,-28.6,-45.53
212,-11.47,-38.38,-28.84,-25.42,-27.5,-35.1,-40.0,-27.75,-36.0,0.0,-15.43,-23.86,-32.03,-40.16,-28.31,-21.61,-26.3,-31.08,-49.06,-48.25,-39.5,-27.55,-16.98,-49.25,-36.2,-31.5,-37.06,-18.25,-16.67,-33.56,-33.6,-29.56,-47.16,-37.38,-29.6,-15.57,-32.75,-21.95,-43.62,-32.84,-31.1,0.0,0.0,-37.16,0.0,-32.38,-28.27,-21.86,-36.56,-53.88,-29.5,0.0,-28.83,-24.14,-31.5,-30.0,-40.3,-36.34,-37.56,-25.53,-27.0,-41.75,-31.22,-20.4,-31.03,-42.47,-41.5,-36.53,-14.92,-10.836,-42.56,-42.4,-29.8,-40.72,-29.2,-25.02,-24.47,-44.2,-42.8,-39.53,-16.67,-14.57,-36.03,-29.28,-19.84,0.0,-14.3,-39.84,-41.44,-15.1,-35.56,-37.66,-55.0,0.0,-31.0,-36.38
213,-5.08,-15.04,-7.074,-11.69,-11.664,-12.54,-11.625,-12.85,-5.332,0.0,-5.207,-8.555,-14.945,-12.2,-11.69,-9.14,-15.484,-13.53,-18.45,-21.47,-13.5,-12.22,-7.68,-17.22,-16.53,-21.5,-13.766,-6.5,-5.6,-17.33,-14.14,-14.5,-10.24,-9.664,-6.2,-5.43,-10.1,-14.375,-10.48,-5.668,-12.56,0.0,0.0,-11.62,0.0,-15.19,-9.71,-7.332,-12.39,-20.12,-6.285,0.0,-14.44,-7.055,-5.5,-13.0,-11.52,-8.9,-13.25,-9.4,-15.0,-19.34,-10.58,-7.17,-8.234,-13.6,-9.65,-8.695,-10.1,-8.3,-17.6,-18.8,-3.4,-12.0,-12.29,-8.07,-7.9,-20.0,-10.516,-15.73,-6.22,-7.2,-8.64,-12.32,-10.95,0.0,-6.742,-21.0,-12.58,-1.25,-14.17,-15.61,-20.0,0.0,-3.6,-15.016
214,-23.83,-135.8,-98.4,-89.75,-45.66,-74.75,-72.75,-128.2,-123.3,0.0,-28.61,-72.1,-52.8,-91.06,-156.1,-54.62,-64.44,-36.16,-145.9,-155.6,-106.44,-67.56,-92.6,-170.6,-131.2,-65.75,-85.0,-37.5,-38.94,-141.8,-63.2,-126.56,-127.8,-105.56,-73.8,-65.0,-79.44,-120.5,-188.5,-115.5,-63.38,0.0,0.0,-102.25,0.0,-118.4,-51.78,-85.06,-83.2,-138.0,-67.1,0.0,-134.0,-94.5,-91.25,-91.8,-119.8,-143.5,-130.8,-95.75,-62.5,-120.44,-41.06,-66.4,-96.94,-116.7,-109.94,-94.25,-45.38,-52.1,-105.94,-170.6,-59.2,-124.0,-73.0,-40.7,-85.2,-97.0,-155.2,-132.5,-18.53,-27.27,-101.9,-79.3,-58.88,0.0,-58.72,-104.5,-161.5,36.75,-77.8,-129.1,-131.0,0.0,-103.8,-150.4
215,-27.45,-44.25,-43.6,-32.2,-33.0,-50.62,-25.75,-51.62,-54.66,0.0,-13.52,-57.7,-46.56,-31.08,-50.4,-23.33,-21.95,-30.72,-59.25,-74.44,-44.84,-43.56,-46.6,-47.34,-54.1,-48.75,-57.75,-14.0,-16.75,-72.7,-41.38,-46.88,-52.34,-47.94,-46.8,-20.42,-54.47,-49.2,-43.66,-40.0,-49.75,0.0,0.0,-33.16,0.0,-41.94,-49.3,-21.16,-28.75,-49.16,-32.97,0.0,-43.16,-34.72,-4.0,-56.8,-49.28,-44.72,-50.84,-32.0,-52.5,-59.0,-30.84,-31.8,-23.44,-49.1,-53.97,-36.5,-28.0,-29.56,-51.9,-49.0,-15.6,-47.16,-58.97,-35.88,-31.25,-43.5,-20.4,-48.03,-23.38,-28.22,-28.69,-34.03,-24.1,0.0,-19.67,-53.66,-56.8,-0.5,-56.9,-39.6,-89.0,0.0,-50.0,-60.7
216,-10.125,-27.77,-20.25,-17.45,-12.5,-22.81,-17.44,-24.5,-28.67,0.0,-1.593,-23.67,-19.39,-21.5,-32.53,-12.04,-18.05,-13.39,-24.88,-32.5,-22.73,-20.27,-14.625,-30.66,-21.19,-36.5,-24.16,-19.0,-7.87,-22.67,-26.22,-25.17,-14.19,-9.98,-19.8,-9.71,-20.11,-25.95,-21.4,-11.664,-23.1,0.0,0.0,-24.16,0.0,-24.81,-32.84,-18.0,-32.44,-26.86,-18.39,0.0,-19.03,-19.14,-20.0,-27.6,-31.14,-24.69,-27.83,-20.0,-21.5,-29.98,-9.5,-17.4,-29.88,-28.98,-25.9,-21.67,-5.875,-6.64,-35.53,-38.0,-10.2,-24.14,-24.83,-8.35,-10.72,-17.5,-27.69,-31.48,-8.45,-7.918,-15.0,-16.58,-16.14,0.0,-10.75,-31.17,-28.62,-15.75,-25.58,-28.62,-29.0,0.0,-20.2,-32.44
217,-27.17,-53.6,-41.8,-51.84,-44.34,-72.8,-52.97,-69.4,-61.0,0.0,-35.6,-16.38,-64.2,-72.2,-35.4,-33.75,-48.53,-52.66,-58.97,-64.3,-47.5,-24.61,-42.38,-66.5,-68.9,-62.5,-58.44,-26.5,-15.88,-43.75,-75.4,-35.0,-42.8,-55.38,-39.0,-13.14,-67.4,-59.84,-66.5,-38.16,-81.0,0.0,0.0,-54.34,0.0,-60.28,-28.58,-60.75,-35.06,-50.53,-45.38,0.0,-51.62,-38.0,-40.5,-54.6,-50.2,-48.38,-63.84,-42.56,-33.0,-76.44,-50.9,-44.0,-34.28,-73.2,-56.5,-49.97,-10.5,-36.03,-72.9,-76.0,-50.4,-60.16,-52.0,-41.12,-43.28,-57.5,-54.97,-74.9,-17.92,-33.97,-40.6,-46.12,-38.12,0.0,-23.69,-40.66,-75.06,-33.5,-68.3,-70.3,-87.0,0.0,-38.6,-65.4
218,-17.36,-33.88,-21.1,-23.06,-23.83,-34.62,-30.28,-37.22,-24.33,0.0,-11.8,-13.875,-34.34,-23.8,-17.17,-10.5,-16.75,-17.5,-32.3,-37.94,-21.94,-18.9,-10.56,-40.44,-26.5,-32.5,-30.53,-12.5,-14.79,-29.0,-29.56,-15.25,-23.19,-16.1,-20.6,-10.14,-20.75,-22.61,-24.6,-26.33,-33.03,0.0,0.0,-22.42,0.0,-34.2,-21.62,-29.3,-21.44,-40.56,-17.48,0.0,-17.88,-14.23,-13.55,-32.0,-30.47,-23.48,-15.5,-16.2,-17.0,-34.88,-9.88,-16.12,-25.8,-28.31,-32.28,-14.27,-27.5,-11.7,-31.47,-43.4,-21.0,-28.58,-33.12,-29.75,-23.39,-26.0,-36.06,-33.66,-10.48,-8.1,-14.92,-24.92,-18.25,0.0,-15.586,-17.83,-27.22,-18.5,-22.64,-25.19,-35.0,0.0,-19.2,-23.08
219,-44.66,-131.1,-107.56,-65.5,-105.7,-34.38,-62.5,-119.0,-86.3,0.0,-52.3,-73.8,-143.9,-99.5,-160.1,-86.6,-81.4,-106.44,-192.2,-154.0,-120.8,-110.3,-72.0,-165.4,-123.8,-136.2,-139.2,-47.0,-56.0,-145.4,-110.3,-90.0,-88.25,-82.06,-107.8,-50.44,-70.1,-110.8,-160.5,-127.3,-84.25,0.0,0.0,-118.5,0.0,-89.3,-96.7,-112.6,-99.0,-169.6,-55.56,0.0,-148.2,-84.6,-123.3,-114.8,-117.8,-116.7,-119.75,-80.9,-131.5,-146.0,-92.75,-103.56,-155.8,-157.0,-134.0,-108.4,-74.4,-34.2,-118.06,-138.2,-102.6,-163.0,-107.8,-116.06,-83.0,-112.25,-139.2,-134.8,-68.8,-25.12,-64.06,-134.1,-85.25,0.0,-56.88,-123.3,-158.4,-91.3,-124.56,-143.0,-167.0,0.0,-100.8,-128.0
220,-11.71,-15.77,-19.88,-13.5,-13.664,-21.94,-15.25,-17.6,-13.664,0.0,-2.992,-10.12,-15.555,-15.47,-22.52,-9.125,-5.25,-18.27,-26.52,-24.72,-16.88,-9.54,-25.58,-20.48,-19.39,-18.5,-17.4,-10.0,-7.08,-22.75,-16.95,-25.75,-15.99,-11.27,-14.2,-7.57,-13.45,-24.72,-18.38,-16.17,-20.16,0.0,0.0,-9.58,0.0,-20.55,-20.27,-14.22,-15.95,-24.62,-18.08,0.0,-13.58,-15.33,-13.0,-19.8,-16.1,-19.55,-18.8,-10.94,-15.0,-20.75,-17.4,-14.65,-19.47,-19.34,-19.6,-17.39,-12.4,-8.82,-19.03,-20.6,-11.8,-17.14,-14.7,-12.65,-9.25,-21.5,-12.6,-20.92,-11.04,-4.92,-7.56,-14.61,-11.91,0.0,-9.586,-21.67,-24.4,-13.125,-16.7,-17.33,-19.0,0.0,-16.0,-17.66
221,-10.516,-29.34,-11.49,-18.38,-16.0,-23.81,-21.38,-19.5,-32.0,0.0,-10.11,-18.23,-22.69,-19.6,-26.83,-14.516,-8.25,-11.3,-24.52,-20.69,-27.2,-19.2,-15.31,-34.03,-28.73,-26.25,-20.23,-12.75,-8.21,-35.88,-22.36,-29.44,-19.7,-18.38,-13.2,-11.14,-17.73,-19.69,-20.5,-16.5,-30.1,0.0,0.0,-31.8,0.0,-27.81,-13.88,-16.92,-25.55,-35.28,-26.53,0.0,-20.4,-21.61,-11.75,-18.8,-20.5,-19.69,-26.34,-10.43,-26.5,-22.25,-20.98,-22.6,-22.75,-23.4,-22.98,-21.88,-5.0,-12.21,-21.38,-20.0,-16.4,-28.14,-2.041,-25.84,-12.51,-31.25,-17.62,-27.4,-8.52,-8.086,-19.8,-16.06,-15.39,0.0,-9.74,-22.33,-31.36,-19.0,-27.05,-23.25,-44.0,0.0,-16.8,-29.11
222,-17.75,-34.12,-36.47,-22.52,-23.0,-49.88,-18.45,-45.8,-42.66,0.0,-8.914,-25.98,-33.28,-36.72,-42.28,-16.64,-35.84,-10.8,-43.53,-39.25,-39.1,-23.17,-20.75,-54.66,-36.0,-29.75,-33.44,-23.0,-24.39,-52.0,-41.75,-27.38,-48.25,-34.66,-33.2,-25.28,-32.9,-43.66,-51.12,-35.0,-55.8,0.0,0.0,-42.66,0.0,-38.75,-25.45,-24.81,-30.6,-54.0,-10.13,0.0,-30.81,-37.12,-23.5,-41.8,-31.0,-35.97,-41.94,-21.86,-37.5,-49.2,-26.61,-18.77,-41.78,-60.7,-33.0,-30.33,2.5,-26.03,-52.0,-45.4,-25.8,-45.84,-24.89,-26.23,-27.77,-44.5,-41.4,-45.38,-19.19,-21.8,-31.2,-40.4,-34.12,0.0,-17.28,-44.16,-42.84,-26.72,-44.38,-41.44,-55.0,0.0,-24.2,-40.9
223,-13.71,-16.38,-11.734,-16.14,-10.664,-18.19,-24.19,-11.0,-15.0,0.0,-8.73,-14.25,-8.78,-6.4,-29.16,-13.14,-18.5,-8.67,-22.78,-24.33,-18.58,-14.05,-10.81,-28.34,-19.83,-19.0,-22.34,-10.0,-15.78,-26.0,-20.05,-18.1,-17.95,-7.727,-14.0,-5.285,-20.2,-18.92,-14.54,-10.164,-16.97,0.0,0.0,-17.69,0.0,-21.02,-12.68,-12.62,-16.1,-27.48,-13.14,0.0,-17.53,-19.12,-17.2,-14.2,-17.89,-22.58,-19.8,-16.81,-3.0,-21.78,-12.34,-15.67,-24.44,-24.97,-19.08,-16.9,-12.45,-7.25,-28.19,-23.8,-9.0,-21.14,-11.836,-5.76,-16.83,-18.5,-20.16,-23.4,-5.86,-7.8,-17.34,-14.89,-16.84,0.0,-8.27,-19.83,-20.6,-6.0,-14.04,-20.27,-19.0,0.0,-17.0,-21.84
224,-19.28,-54.78,-39.7,-37.34,-34.84,-58.0,-45.25,-55.1,-58.66,0.0,-30.66,-46.62,-84.8,-49.7,-69.56,-29.86,-32.06,-36.28,-78.44,-86.8,-60.8,-47.94,-37.2,-93.3,-46.78,-65.5,-51.34,-35.0,-36.16,-99.5,-60.1,-64.7,-64.1,-34.16,-58.8,-35.0,-63.44,-75.2,-64.5,-42.5,-72.6,0.0,0.0,-72.75,0.0,-70.0,-30.44,-50.0,-50.62,-70.0,-31.0,0.0,-62.47,-46.34,-27.0,-75.2,-47.12,-67.56,-74.2,-28.5,-27.5,-57.8,-27.47,-24.69,-61.75,-78.56,-60.72,-56.1,-10.4,-23.47,-68.4,-78.2,-25.4,-70.56,-49.25,-59.0,-42.5,-66.0,-51.34,-74.25,-26.53,-32.62,-58.53,-41.97,-33.34,0.0,-32.06,-71.2,-79.7,-18.97,-42.38,-59.5,-83.0,0.0,-39.8,-68.8
225,-36.47,-79.8,-55.53,-66.8,-55.56,-54.75,-71.0,-74.3,-99.7,0.0,-13.51,-77.2,-75.06,-51.94,-58.7,-24.83,-47.16,-52.6,-89.0,-119.75,-43.03,-46.4,-42.88,-101.6,-46.9,-99.5,-61.8,-39.0,-27.47,-109.06,-98.56,-60.75,-88.4,-70.9,-47.4,-42.44,-49.7,-101.06,-24.62,-78.5,-87.5,0.0,0.0,-86.1,0.0,-50.7,-72.2,-69.7,-40.44,-118.06,-60.25,0.0,-72.25,-26.73,-95.0,-82.6,-93.3,-80.56,-75.6,-62.0,-44.0,-103.5,-35.94,-57.28,-71.7,-113.06,-68.94,-90.94,1.0,-56.9,-84.1,-104.6,-21.8,-95.44,-77.2,-40.06,-38.7,-81.5,-90.44,-86.2,-37.22,-45.62,-73.0,-36.84,-58.6,0.0,-37.7,-86.5,-94.6,-20.0,-93.94,-73.3,-95.0,0.0,-32.6,-108.25
226,-11.914,-16.05,-12.57,-14.65,-8.29,-25.56,-15.58,-26.9,-22.67,0.0,-14.79,-12.26,-17.75,-11.84,-23.19,-9.36,-19.84,-12.03,-31.4,-25.84,-19.38,-10.72,-10.375,-29.0,-25.0,-22.5,-24.53,-11.0,-5.16,-22.66,-18.95,-18.83,-17.62,-15.14,-8.8,-6.43,-13.914,-13.99,-14.0,-17.5,-16.33,0.0,0.0,-21.1,0.0,-18.12,-16.5,-13.75,-11.06,-26.84,-9.54,0.0,-17.6,-4.867,-17.0,-16.2,-21.33,-23.39,-20.33,-13.734,-8.5,-22.38,-9.01,-15.1,-26.78,-25.94,-22.66,-14.47,2.15,-7.934,-17.5,-27.0,-18.8,-26.14,-11.9,-11.65,-12.54,-18.25,-15.54,-24.38,-5.375,-3.744,-10.94,-16.7,-9.92,0.0,-9.36,-22.5,-27.95,-2.375,-13.78,-16.23,-23.0,0.0,-8.2,-28.56
227,-0.6216,-4.523,-3.043,-1.907,-2.428,-2.25,-1.5,-3.375,-2.666,0.0,-0.8,-2.092,-3.05,-1.509,-5.9,-0.857,-4.977,-2.12,-5.176,-4.625,-5.64,-3.01,-2.0,-4.516,-5.0,-3.75,-1.25,-0.75,-1.017,-6.0,-3.38,-4.25,-4.15,-4.25,-4.4,-0.2856,-2.957,-5.035,-3.1,-4.0,-4.668,0.0,0.0,-5.0,0.0,-2.518,-2.37,-0.9,-2.863,-4.12,-2.094,0.0,-4.04,-1.506,-2.5,-4.8,-5.71,-4.266,-1.45,-2.312,-3.0,-5.188,-3.37,-2.61,-2.387,-7.418,-3.484,-3.533,-0.875,-0.9917,-3.75,-4.4,-1.8,-4.285,-3.967,-1.3,-1.929,-2.75,-2.75,-3.85,-1.575,0.0611,-3.34,-4.8,-2.238,0.0,-1.085,-5.0,-4.086,-1.0,-2.717,-4.0,-4.0,0.0,-5.4,-2.775
228,-93.4,-242.4,-174.0,-166.5,-197.2,-234.1,-147.2,-160.2,-258.0,0.0,-147.6,-216.8,-220.6,-139.6,-255.2,-102.1,-187.8,-172.4,-230.4,-340.5,-278.5,-130.2,-206.2,-244.5,-249.8,-232.8,-188.8,-114.0,-86.56,-235.4,-297.8,-292.0,-168.4,-103.6,-149.4,-71.3,-164.0,-264.2,-267.2,-218.9,-259.8,0.0,0.0,-230.0,0.0,-247.1,-248.4,-236.2,-244.2,-311.5,-132.4,0.0,-169.5,-240.1,-269.0,-230.4,-257.8,-274.2,-161.4,-166.8,-309.0,-317.0,-91.56,-173.5,-172.6,-207.4,-222.8,-188.9,-287.0,-23.11,-198.4,-339.5,-111.6,-189.1,-80.2,-92.8,-153.9,-129.2,-371.2,-275.8,-91.4,-65.0,-190.8,-205.6,-132.1,0.0,-105.1,-220.1,-275.5,-93.8,-226.9,-283.0,-229.0,0.0,-93.2,-201.2
229,-28.58,-62.28,-40.9,-48.12,-58.56,-75.3,-65.8,-75.0,-94.3,0.0,-26.78,-45.1,-38.9,-37.56,-91.1,-32.66,-70.3,-74.2,-100.0,-81.6,-59.22,-35.25,-87.75,-92.4,-62.1,-62.25,-42.78,-44.5,-16.61,-129.5,-52.9,-47.75,-83.94,-31.22,-39.0,-29.0,-36.03,-63.25,-23.12,-41.34,-69.0,0.0,0.0,-60.06,0.0,-39.88,-17.06,-49.84,-37.94,-83.1,-67.56,0.0,-51.94,-31.17,-54.2,-74.0,-88.25,-84.56,-51.6,-47.75,-41.0,-117.4,-74.25,-45.97,-69.5,-56.94,-72.2,-83.56,-65.06,-29.48,-38.12,-80.2,-64.0,-55.72,-24.34,-36.12,-46.0,-76.25,-17.39,-98.6,-23.34,-27.34,-51.1,-23.5,-46.5,0.0,-19.44,-71.9,-102.9,-23.03,-65.3,-76.9,-97.0,0.0,-41.4,-109.8
230,-37.84,-175.2,-140.4,-106.94,-49.72,-94.6,-96.25,-137.2,-163.6,0.0,-94.8,-67.25,-169.5,-168.5,-174.1,-85.0,-67.44,-122.56,-258.2,-176.8,-136.8,-104.94,-98.1,-202.1,-154.4,-162.0,-122.0,-68.75,-69.75,-155.5,-159.2,-107.3,-133.9,-59.28,-87.8,-30.0,-104.25,-179.8,-126.94,-94.8,-256.2,0.0,0.0,-159.1,0.0,-179.2,-75.1,-125.6,-101.7,-136.6,-138.4,0.0,-165.5,-126.0,-152.5,-147.2,-175.6,-140.9,-140.8,-147.1,-131.0,-219.9,-141.5,-110.3,-167.0,-213.4,-100.6,-153.1,-50.22,-76.7,-134.9,-154.0,-83.6,-133.9,-121.9,-107.56,-78.6,-164.0,-192.8,-194.9,-92.06,-103.6,-107.44,-119.6,-59.97,0.0,-64.9,-110.7,-220.0,-73.1,-180.1,-129.4,-185.0,0.0,-98.4,-197.0
231,-1.214,-5.01,-3.3,0.0643,-0.2856,-3.113,-3.25,-3.375,-3.666,0.0,-1.429,-2.125,-1.958,-3.959,-6.43,-1.429,-2.125,-1.84,-3.838,-5.812,-3.06,-1.92,-1.75,-4.69,-4.0,-5.0,-4.15,-1.0,-0.5835,-7.0,-2.96,-3.25,-3.49,-1.15,-4.0,-0.5713,-3.9,-3.357,-3.725,-3.166,-5.332,0.0,0.0,-3.71,0.0,-4.375,-1.22,-3.166,-3.375,-6.21,-1.679,0.0,-3.35,-2.637,-1.0,-3.6,-4.023,-1.717,-6.516,-4.344,-3.5,-6.2,-1.99,-2.51,-3.25,-5.434,-2.2,-1.825,0.0,-0.4167,-5.438,-4.8,-2.0,-2.572,-1.458,-3.025,-2.307,-2.25,-5.426,-6.11,-0.75,-1.355,-3.55,-2.836,-1.956,0.0,-2.121,-4.0,-4.438,-3.975,-3.2,-3.867,-5.0,0.0,-2.8,-5.367
232,-27.28,-61.72,-47.0,-36.53,-49.72,-65.25,-58.25,-61.47,-106.3,0.0,-26.67,-21.88,-79.3,-56.5,-77.4,-31.8,-35.2,-38.25,-78.4,-61.88,-84.1,-37.1,-69.6,-79.4,-82.8,-74.5,-72.06,-18.5,-18.19,-91.75,-59.16,-55.5,-57.72,-30.34,-27.6,-45.7,-46.66,-63.6,-77.56,-45.34,-59.8,0.0,0.0,-75.25,0.0,-73.44,-46.44,-51.72,-58.88,-94.7,-33.88,0.0,-75.06,-52.62,-26.0,-66.2,-64.06,-85.44,-66.6,-54.66,-25.0,-82.6,-56.0,-51.88,-62.38,-70.75,-59.6,-39.03,-47.6,-45.88,-59.88,-90.0,-39.0,-45.72,-38.47,-35.03,-55.0,-47.5,-41.56,-77.5,-29.88,-27.9,-31.75,-36.25,-40.97,0.0,-36.47,-70.44,-86.0,-17.88,-66.56,-43.8,-64.0,0.0,-57.6,-64.6
233,-0.7144,-4.367,-5.023,-2.365,-2.572,-4.188,-1.75,-1.75,-5.0,0.0,-1.771,-1.384,-3.518,-3.0,-5.34,-1.429,-5.062,-3.52,-5.125,-5.977,-6.65,-1.85,-5.0,-4.3,-4.6,-4.0,-3.184,-0.75,-1.8,-9.0,-3.52,-4.25,-3.27,-0.125,-3.4,-1.429,-2.564,-3.85,-4.887,-5.168,-3.666,0.0,0.0,-2.3,0.0,-4.125,-2.45,-4.332,-2.838,-5.89,-1.384,0.0,-4.438,-2.525,-1.5,-3.4,-4.176,-2.584,-5.0,-3.156,-1.0,-6.426,-3.3,-2.71,-2.988,-5.332,-2.79,-2.709,-3.275,-1.366,-5.023,-5.2,-2.2,-4.285,-3.1,-3.176,-1.107,-4.0,-5.51,-5.22,-0.965,-1.645,-3.45,-3.143,-3.506,0.0,-0.8047,-4.855,-4.676,-1.066,-4.418,-4.008,-8.0,0.0,-2.0,-3.184
234,-5.69,-12.59,-13.375,-13.46,-11.14,-13.31,-13.94,-13.25,-16.33,0.0,-9.61,-10.97,-14.055,-6.977,-14.8,-8.984,-16.92,-10.66,-16.06,-24.62,-9.57,-5.418,-10.81,-15.93,-15.1,-18.5,-13.1,-3.5,-8.625,-11.0,-13.01,-18.06,-11.04,-7.863,-8.8,-4.43,-14.62,-13.125,-12.31,-14.164,-14.664,0.0,0.0,-6.51,0.0,-13.38,-10.84,-16.17,-10.266,-10.4,-14.7,0.0,-16.83,-10.69,-4.0,-14.6,-9.836,-14.08,-14.35,-10.445,-12.5,-21.31,-9.98,-13.91,-8.914,-18.23,-9.33,-8.38,-7.75,-4.91,-16.31,-16.4,-9.0,-15.14,-7.3,-11.766,-13.555,-19.0,-11.266,-19.06,-4.7,-5.832,-13.12,-10.39,-13.016,0.0,-6.57,-16.28,-18.08,-5.016,-14.26,-13.29,-14.0,0.0,-5.4,-10.3
235,-39.8,-70.8,-58.0,-46.25,-39.0,-69.3,-60.75,-52.97,-68.3,0.0,-17.0,-46.8,-52.97,-43.53,-74.6,-42.47,-37.62,-52.72,-84.3,-89.1,-72.7,-38.03,-66.7,-103.25,-73.06,-48.0,-64.8,-41.0,-39.7,-83.0,-72.1,-108.0,-75.4,-43.0,-49.2,-29.14,-56.5,-83.8,-51.2,-45.0,-42.4,0.0,0.0,-49.34,0.0,-69.9,-52.88,-72.8,-67.75,-96.25,-45.9,0.0,-64.1,-63.66,-62.0,-77.7,-77.25,-69.94,-62.03,-39.38,-51.5,-78.5,-68.25,-51.56,-42.8,-64.4,-68.44,-49.3,-24.66,-28.1,-70.7,-91.4,-62.6,-72.56,-62.22,-53.47,-43.34,-98.0,-67.44,-111.8,-25.72,-15.48,-49.25,-47.94,-41.3,0.0,-35.94,-73.7,-85.44,-13.234,-78.25,-75.8,-83.5,0.0,-36.0,-109.7
236,-10.836,-27.62,-14.49,-13.32,-16.14,-28.83,-19.69,-33.5,-27.0,0.0,-15.44,-15.98,-20.36,-13.3,-33.6,-9.96,-12.664,-21.19,-30.4,-28.52,-30.94,-17.98,-13.5,-29.72,-17.8,-20.5,-20.25,-10.25,-9.29,-29.0,-29.86,-24.08,-22.72,-21.97,-22.8,-10.664,-22.97,-23.67,-22.25,-27.83,-19.33,0.0,0.0,-13.54,0.0,-22.89,-16.34,-10.28,-23.02,-32.34,-22.48,0.0,-15.04,-12.8,-25.5,-24.6,-24.25,-24.33,-29.8,-20.2,-21.0,-40.7,-19.9,-21.66,-39.1,-37.0,-21.12,-21.5,-11.75,-9.414,-24.19,-30.0,-13.4,-22.72,-20.05,-27.2,-25.12,-22.25,-22.02,-28.81,-10.29,-8.75,-9.1,-19.75,-22.05,0.0,-11.125,-40.28,-28.47,-3.084,-27.05,-24.4,-29.0,0.0,-17.4,-18.5
237,-6.4,-9.81,-6.11,-9.81,-4.855,-8.836,-6.25,-8.6,-9.0,0.0,-3.936,-5.19,-5.668,-7.1,-8.44,-4.715,-3.463,-4.29,-9.35,-15.23,-11.18,-6.984,-8.1,-11.11,-8.2,-7.75,-10.07,-5.0,-3.242,-10.5,-7.74,-10.0,-11.36,-4.824,-7.2,-5.668,-3.285,-8.52,-13.1,-8.164,-4.8,0.0,0.0,-11.83,0.0,-10.055,-9.56,-10.836,-5.676,-11.74,-7.184,0.0,-8.77,-6.2,-7.125,-10.6,-9.55,-6.7,-7.0,-4.332,-4.0,-14.375,-4.81,-5.14,-7.562,-12.32,-7.344,-6.477,-5.35,-1.975,-12.45,-10.6,-10.0,-8.57,-6.16,-6.45,-4.32,-5.0,-6.574,-9.87,-2.578,-1.511,-6.81,-7.1,-4.918,0.0,-3.334,-13.14,-9.95,-3.732,-9.41,-7.95,-13.0,0.0,-7.8,-9.234
238,-8.81,-25.1,-13.39,-13.95,-20.5,-29.36,-15.31,-12.83,-21.33,0.0,-13.68,-13.58,-29.3,-21.52,-24.78,-10.43,-15.75,-13.99,-28.89,-33.3,-18.7,-19.28,-10.08,-33.7,-14.6,-32.75,-21.92,-6.5,-9.77,-35.0,-21.83,-24.83,-25.2,-17.19,-26.0,-4.168,-20.25,-21.28,-20.2,-24.67,-21.67,0.0,0.0,-15.85,0.0,-23.16,-24.53,-11.914,-16.42,-38.2,-18.86,0.0,-19.38,-17.19,-10.5,-27.8,-26.84,-13.734,-18.17,-18.14,-12.5,-34.25,-12.82,-16.33,-20.58,-26.0,-20.36,-14.04,-13.375,-9.05,-25.94,-34.0,-14.0,-27.58,-9.586,-17.81,-15.555,-20.5,-19.42,-31.31,-13.67,-5.66,-31.11,-14.65,-13.4,0.0,-10.85,-22.72,-31.72,-6.668,-21.72,-23.9,-29.0,0.0,-21.6,-31.92
239,-0.2644,-4.992,-3.16,-2.922,-2.0,-2.2,-1.75,-2.0,-3.666,0.0,-1.929,-2.809,-4.684,-3.959,-3.32,-2.0,-0.5,-3.22,-6.875,-5.613,-3.31,-1.983,-3.0,-5.1,-3.6,-3.75,-5.168,-1.75,-0.658,-4.0,-3.65,-4.0,-4.63,-2.75,-3.4,-2.334,-3.229,-5.668,-5.676,-3.5,-5.0,0.0,0.0,-3.87,0.0,-5.016,-3.14,-4.016,-1.85,-5.12,-3.975,0.0,-5.137,-2.176,-3.5,-3.4,-5.375,-2.992,-3.15,-1.731,-1.0,-5.79,-3.58,-3.62,-3.824,-6.35,-3.795,-3.467,-0.5,-1.542,-3.438,-5.6,-3.0,-4.285,-4.45,-2.242,-1.929,-2.0,-4.273,-5.78,-1.545,-0.761,-4.4,-2.406,-1.856,0.0,-1.2,-5.855,-4.79,-0.06665,-4.516,-2.4,-7.0,0.0,-3.4,-1.9
240,-4.035,-7.406,-7.105,-7.07,-6.5,-7.062,-9.85,-7.35,-9.336,0.0,-3.678,-5.074,-11.16,-5.184,-9.33,-5.484,-6.727,-3.92,-12.625,-10.31,-7.9,-7.668,-4.0,-10.22,-11.45,-9.25,-11.13,-5.0,-2.934,-9.0,-8.98,-6.76,-8.67,-5.137,-8.4,-2.334,-6.75,-8.71,-10.67,-3.834,-5.016,0.0,0.0,-11.73,0.0,-8.08,-4.12,-8.37,-11.85,-9.56,-5.1,0.0,-6.4,-4.773,-3.0,-4.6,-9.0,-6.55,-9.4,-4.887,-8.0,-7.25,-3.01,-7.18,-8.58,-11.07,-6.453,-7.117,-5.773,-2.4,-11.25,-13.0,-7.4,-5.855,-8.71,-4.984,-6.855,-12.0,-12.75,-11.16,-2.45,-1.55,-5.57,-7.008,-5.812,0.0,-3.656,-12.57,-8.61,-4.516,-7.484,-10.61,-11.0,0.0,-3.4,-7.285
241,-4.13,-16.86,-12.28,-5.906,-7.5,-8.58,-12.48,-17.0,-14.336,0.0,-5.645,-12.46,-22.4,-10.29,-12.7,-6.188,-9.11,-5.25,-20.95,-16.89,-21.2,-13.055,-13.375,-18.72,-15.9,-19.0,-15.13,-11.0,-8.27,-8.5,-14.18,-17.75,-17.31,-13.2,-11.2,-7.0,-9.44,-13.23,-10.89,-11.0,-14.3,0.0,0.0,-14.63,0.0,-14.93,-5.22,-4.965,-7.574,-13.6,-10.234,0.0,-15.3,-5.125,-17.2,-16.4,-12.02,-14.05,-16.5,-9.45,-15.5,-18.03,-8.28,-11.93,-12.664,-23.23,-15.03,-4.8,-1.0,-8.48,-13.55,-18.8,-9.6,-14.14,-8.24,-13.15,-9.83,-12.0,-22.17,-20.81,-4.023,-4.617,-13.69,-9.34,-9.266,0.0,-7.684,-17.28,-15.67,-7.85,-12.45,-11.03,-17.0,0.0,-11.2,-17.95
242,-2.414,-3.875,-2.82,-1.55,-3.334,-1.85,-2.0,-6.15,-1.667,0.0,-0.807,-1.741,-5.883,-3.268,-4.76,-1.143,-2.625,-3.02,-4.523,-4.426,-4.46,-3.166,-2.5,-5.285,-5.75,-4.25,-3.0,-1.25,-1.259,-8.0,-4.94,-3.25,-2.9,-0.5,-2.0,-1.0,-4.043,-4.11,-2.562,-2.166,-5.668,0.0,0.0,-3.3,0.0,-3.9,-2.14,-4.234,-0.9375,-4.23,-1.491,0.0,-3.662,-1.2,-4.5,-4.0,-3.613,-3.584,-2.416,-3.562,-2.0,-4.477,-4.28,-2.64,-0.3,-5.965,-2.9,-3.291,-0.125,-3.0,-4.477,-5.6,-3.2,-3.143,-1.934,-2.584,-1.907,-4.0,-3.887,-5.08,-0.855,-0.7373,-0.88,-4.387,-2.318,0.0,-1.431,-3.857,-5.4,-1.583,-4.56,-4.85,-6.0,0.0,-3.4,-2.434
243,-46.06,-77.56,-60.16,-71.6,-40.5,-88.0,-56.2,-38.03,-78.0,0.0,-33.7,-43.78,-44.03,-52.4,-56.06,-31.17,-38.56,-43.25,-103.9,-90.6,-81.3,-61.0,-43.5,-87.4,-72.25,-85.75,-92.06,-32.75,-32.28,-72.0,-95.7,-49.94,-95.6,-39.53,-35.2,-44.0,-63.84,-73.25,-98.1,-74.2,-64.0,0.0,0.0,-75.94,0.0,-79.3,-72.1,-72.1,-66.06,-111.9,-30.61,0.0,-67.44,-68.2,-59.2,-82.8,-86.25,-63.8,-108.06,-30.88,-66.0,-102.56,-42.44,-27.5,-86.1,-98.1,-73.5,-31.45,-12.125,-44.66,-87.94,-104.0,-29.2,-68.56,-50.6,-40.0,-55.44,-85.0,-54.3,-116.0,-36.03,-28.69,-43.75,-65.9,-51.22,0.0,-31.53,-72.44,-74.5,-47.0,-72.8,-69.94,-74.0,0.0,-89.0,-67.75
244,-27.19,-75.3,-77.7,-67.7,-67.5,-86.3,-42.7,-73.5,-49.0,0.0,-31.2,-48.47,-84.44,-113.56,-84.8,-54.3,-51.06,-63.3,-110.0,-137.9,-78.3,-70.3,-83.2,-90.56,-83.0,-88.5,-76.5,-55.0,-33.97,-111.0,-82.44,-71.44,-66.9,-29.12,-60.4,-41.66,-69.0,-75.25,-94.94,-64.2,-73.56,0.0,0.0,-66.1,0.0,-72.94,-47.47,-74.75,-52.4,-82.0,-50.5,0.0,-107.5,-66.4,-85.6,-78.25,-100.25,-73.56,-72.7,-45.9,-79.0,-93.5,-53.1,-25.72,-68.1,-86.06,-83.4,-26.77,-5.0,-40.22,-61.12,-98.2,-56.0,-68.1,-63.38,-74.9,-65.5,-78.25,-59.8,-118.25,-40.34,-40.97,-88.8,-94.7,-49.62,0.0,-32.06,-83.1,-109.0,-47.3,-81.06,-66.7,-95.0,0.0,-63.0,-99.9
245,-2.975,-14.234,-13.42,-8.055,-11.164,-13.64,-7.664,-10.4,-22.67,0.0,-3.564,-10.46,-15.836,-8.555,-14.96,-6.23,-13.9,-8.08,-18.52,-18.12,-25.73,-10.52,-4.5,-20.1,-16.11,-11.75,-11.164,-8.0,-2.959,-14.0,-17.16,-11.8,-18.61,-9.06,-8.0,-8.0,-12.9,-14.73,-12.016,-8.0,-13.0,0.0,0.0,-16.22,0.0,-12.36,-16.66,-10.35,-8.664,-20.31,-7.65,0.0,-11.0,-8.95,-5.25,-13.2,-9.5,-11.65,-18.03,-9.6,-9.0,-23.66,-5.5,-9.48,-13.17,-17.64,-7.957,-10.734,-11.52,-5.273,-11.2,-21.2,-12.8,-16.28,-12.24,-12.29,-10.2,-12.25,-14.5,-21.44,-5.59,-6.777,-9.7,-13.18,-8.66,0.0,-6.6,-17.14,-18.89,-9.016,-16.3,-14.91,-8.0,0.0,-8.2,-12.35
246,-22.28,-62.16,-40.75,-36.03,-36.84,-44.56,-40.0,-46.25,-50.0,0.0,-23.55,-38.1,-53.22,-39.22,-65.1,-25.08,-35.94,-45.62,-63.7,-79.06,-81.75,-62.4,-32.25,-57.72,-54.62,-54.25,-60.4,-32.0,-7.34,-54.0,-53.94,-63.84,-31.48,-61.12,-53.4,-32.0,-48.12,-53.62,-41.12,-39.66,-50.34,0.0,0.0,-48.3,0.0,-48.25,-31.31,-31.5,-62.53,-73.0,-35.75,0.0,-68.3,-40.34,-48.5,-38.8,-60.0,-57.72,-66.1,-40.25,-53.0,-66.0,-44.62,-47.34,-68.44,-94.7,-52.44,-31.02,-40.8,-23.86,-56.25,-58.4,-39.4,-52.28,-24.02,-36.78,-32.16,-70.25,-72.0,-56.12,-20.27,-17.78,-28.39,-36.34,-30.89,0.0,-21.03,-48.56,-60.62,-22.81,-55.12,-45.84,-65.0,0.0,-44.0,-66.06
247,-67.44,-139.8,-84.75,-138.9,-67.0,-123.6,-59.5,-93.0,-102.0,0.0,-57.9,-116.56,-120.3,-75.44,-137.4,-58.94,-91.3,-132.1,-133.2,-136.8,-109.75,-84.2,-88.5,-128.1,-152.6,-144.0,-151.0,-65.0,-45.6,-167.0,-173.8,-148.5,-115.56,-77.7,-152.4,-63.0,-69.75,-81.44,-129.5,-62.16,-135.6,0.0,0.0,-124.1,0.0,-104.0,-64.0,-135.2,-115.2,-203.8,-110.2,0.0,-89.6,-88.5,-38.88,-104.8,-175.2,-64.25,-170.1,-89.6,-56.5,-133.2,-40.25,-111.2,-60.56,-169.6,-121.2,-116.56,-50.0,-45.88,-142.2,-176.6,-76.2,-110.56,-85.2,-100.56,-77.56,-189.5,-122.5,-125.7,-55.3,-24.14,-73.9,-82.9,-73.3,0.0,-67.5,-73.3,-155.5,-91.6,-151.1,-112.4,-166.5,0.0,-68.0,-81.1
248,-18.06,-55.2,-39.75,-53.1,-34.66,-47.4,-56.75,-71.0,-67.0,0.0,-17.62,-54.12,-45.3,-36.3,-57.38,-35.62,-42.3,-42.44,-75.4,-59.78,-64.8,-57.9,-39.56,-77.94,-69.25,-72.25,-57.38,-32.0,-12.2,-72.0,-66.75,-71.75,-30.81,-49.38,-34.0,-28.33,-40.9,-56.25,-32.28,-48.84,-52.12,0.0,0.0,-52.9,0.0,-59.4,-16.94,-29.94,-27.19,-77.56,-49.4,0.0,-67.9,-47.03,-6.25,-47.8,-47.12,-43.34,-83.3,-19.45,-21.0,-75.8,-34.44,-55.47,-60.47,-79.2,-44.34,-36.06,-22.5,-26.03,-54.0,-71.6,-32.8,-55.84,-34.12,-29.52,-32.34,-62.75,-34.75,-72.3,-24.62,-18.72,-19.48,-34.9,-40.62,0.0,-18.1,-46.16,-70.06,-29.33,-40.22,-38.88,-65.0,0.0,-39.2,-54.06
249,-23.7,-58.4,-35.7,-37.75,-46.34,-51.25,-13.75,-49.25,-49.34,0.0,-32.94,-37.88,-32.97,-31.0,-30.84,-15.21,-27.9,-42.7,-49.25,-53.22,-57.56,-31.38,-40.38,-60.53,-49.0,-29.25,-40.8,-23.75,-21.66,-30.0,-47.78,-43.5,-42.06,-26.8,-43.4,-5.0,-37.6,-50.4,-51.2,-20.5,-34.34,0.0,0.0,-60.12,0.0,-25.95,-30.02,-28.0,-58.28,-53.47,-14.02,0.0,-24.56,-32.7,-37.0,-46.8,-45.5,-41.97,-46.16,-24.3,-20.0,-75.6,-20.81,-30.7,-40.25,-45.8,-37.25,-38.5,-31.25,-19.66,-42.88,-62.0,-36.8,-47.44,-48.0,-28.16,-36.25,-66.25,-34.38,-54.2,-17.16,-11.03,-37.88,-36.7,-24.12,0.0,-18.3,-42.16,-61.12,-6.016,-36.56,-56.66,-35.0,0.0,-33.8,-38.12
250,-3.605,-17.02,-11.76,-11.375,-7.5,-9.81,-11.56,1.0,-17.33,0.0,-7.43,-13.52,-11.875,-8.26,-15.59,-4.82,-13.56,-5.5,-15.96,-20.25,-19.22,-11.74,-5.832,-16.97,-14.15,-17.75,-18.34,-10.25,-5.375,-26.0,-16.12,-15.48,-10.68,-4.97,-7.8,-7.0,-9.62,-15.6,-16.02,-10.836,-17.44,0.0,0.0,-11.01,0.0,-13.25,-5.77,-18.5,-12.766,-19.27,-4.34,0.0,-14.08,-12.72,-9.5,-16.8,-15.36,-10.86,-10.0,-6.48,-15.0,-18.2,-10.07,-10.21,-17.1,-13.63,-12.03,-12.51,-10.7,-9.875,-18.4,-20.0,-10.2,-15.0,-8.99,-3.275,-14.26,-14.5,-9.31,-14.95,-5.055,-5.168,-9.19,-10.34,-9.59,0.0,-5.277,-16.14,-20.19,-4.35,-13.734,-8.72,-23.0,0.0,-8.6,-10.25
251,-14.31,-44.62,-45.28,-28.25,-37.0,-34.16,-33.25,-27.0,-63.34,0.0,-16.84,-52.03,-47.34,-42.1,-37.16,-22.22,-51.25,-37.12,-52.53,-59.34,-38.8,-22.45,-24.17,-56.0,-41.84,-37.0,-61.53,-19.25,-14.58,-50.5,-54.88,-45.12,-42.22,-33.56,-32.4,-29.0,-39.47,-42.06,-51.53,-25.67,-43.66,0.0,0.0,-23.56,0.0,-42.88,-29.55,-44.3,-44.66,-54.47,-26.73,0.0,-57.03,-31.47,-33.5,-56.2,-45.84,-27.9,-38.25,-37.5,-34.5,-67.5,-18.64,-32.12,-39.7,-61.44,-44.53,-24.6,-36.28,-17.62,-28.81,-62.0,-34.2,-60.44,-17.95,-33.12,-19.08,-41.66,-49.28,-53.75,-11.24,-24.45,-42.38,-27.34,-30.31,0.0,-18.86,-34.44,-65.2,-24.2,-53.6,-53.56,-44.0,0.0,-49.6,-48.47
252,-13.06,-41.9,-29.94,-21.33,-22.83,-28.8,-26.88,-26.2,-29.0,0.0,-15.36,-19.86,-20.42,-16.25,-36.72,-4.63,-13.0,-27.64,-43.2,-53.06,-31.62,-31.08,-43.75,-48.8,-35.6,-30.0,-48.34,-16.5,-25.88,-76.0,-37.56,-46.56,-31.7,-29.36,-29.2,-17.67,-31.53,-30.75,-47.12,-32.5,-29.75,0.0,0.0,-29.12,0.0,-30.25,-26.3,-42.88,-24.88,-56.06,-18.58,0.0,-33.75,-19.8,-20.75,-56.6,-42.94,-32.62,-46.6,-24.6,-40.5,-42.22,-9.51,-28.83,-37.62,-46.0,-33.7,-40.25,-18.0,-11.46,-49.5,-42.4,-34.0,-37.28,-10.96,-32.2,-23.42,-33.66,-53.75,-31.75,-14.62,-11.62,-18.9,-33.56,-29.53,0.0,-14.12,-46.0,-34.44,-10.25,-37.1,-24.84,-48.0,0.0,-20.2,-33.97
253,-124.1,-188.0,-146.8,-129.8,-190.4,-208.1,-140.0,-334.2,-207.4,0.0,-128.5,-109.8,-208.5,-114.8,-260.5,-36.66,-116.8,-160.6,-289.5,-273.0,-204.5,-202.5,-55.38,-272.5,-249.8,-127.0,-277.5,-83.0,-82.44,-252.0,-244.8,-176.5,-218.0,-112.9,-118.2,-97.0,-117.3,-233.8,-229.1,-156.0,-194.4,0.0,0.0,-197.6,0.0,-227.8,-109.06,-70.25,-148.0,-269.0,-151.4,0.0,-218.4,-152.6,-64.1,-250.8,-213.5,-253.2,-171.4,-175.2,-164.5,-363.0,-139.2,-141.4,-239.0,-285.2,-183.9,-116.06,-187.0,-82.44,-179.6,-276.2,-149.0,-269.2,-204.0,-182.2,-84.4,-99.0,-199.8,-232.5,-97.9,-127.2,-134.9,-183.1,-142.8,0.0,-98.9,-267.8,-239.2,-73.9,-186.2,-197.1,-335.0,0.0,-175.4,-239.6
254,-14.336,-20.6,-9.64,-12.375,-16.5,-20.34,-15.73,-11.2,-26.0,0.0,-11.125,-9.375,-20.45,-15.84,-15.1,-12.36,-11.86,-12.0,-28.6,-29.67,-26.36,-10.01,-15.875,-23.06,-22.75,-18.5,-16.7,-7.0,-10.36,-25.0,-16.11,-16.34,-18.61,-15.3,-11.4,-8.336,-14.24,-18.7,-25.7,-22.33,-17.92,0.0,0.0,-16.78,0.0,-25.8,-16.11,-9.0,-17.17,-22.3,-13.875,0.0,-14.69,-12.69,-22.5,-25.0,-16.62,-25.77,-20.67,-12.08,-3.0,-20.33,-15.68,-14.18,-18.48,-25.94,-11.92,-12.65,-1.85,-9.46,-24.94,-23.8,-11.8,-22.58,-20.14,-13.664,-14.35,-23.0,-16.88,-21.52,-6.305,-9.78,-9.12,-13.65,-18.92,0.0,-10.76,-27.28,-16.78,-4.984,-21.75,-18.4,-15.0,0.0,-14.0,-24.47
255,-8.36,-12.14,-9.16,-10.57,-6.5,-11.98,-5.0,-20.2,-18.67,0.0,-6.668,-9.234,-8.91,-12.05,-15.22,-7.43,-8.06,-8.85,-13.4,-21.58,-14.33,-9.85,-8.45,-16.86,-14.44,-9.75,-19.6,-7.25,-7.918,-14.0,-15.12,-15.625,-13.45,-8.26,-16.6,-5.0,-10.586,-11.38,-16.52,-14.5,-21.17,0.0,0.0,-13.5,0.0,-14.51,-12.86,-15.6,-13.5,-11.66,-5.465,0.0,-13.664,-8.836,-8.625,-17.2,-15.02,-13.09,-10.07,-7.2,-1.5,-17.75,-7.773,-11.5,-10.95,-18.69,-10.24,-9.336,-2.9,-4.566,-13.836,-18.8,-7.0,-14.29,-11.13,-8.41,-7.363,-15.664,-5.15,-16.14,-5.625,-6.895,-12.36,-9.32,-6.695,0.0,-6.277,-14.71,-13.36,-4.668,-11.37,-13.42,-14.0,0.0,-9.4,-13.18
256,-12.39,-52.66,-43.6,-43.25,-52.66,-49.62,-38.25,-65.8,-72.3,0.0,-29.62,-56.75,-71.75,-46.16,-61.2,-25.17,-37.5,-43.0,-66.25,-104.6,-66.8,-36.97,-65.4,-86.94,-55.0,-76.5,-73.56,-38.0,-34.34,-64.0,-72.44,-55.0,-57.03,-41.47,-37.2,-16.0,-40.62,-64.25,-61.6,-38.16,-65.5,0.0,0.0,-75.6,0.0,-32.1,-21.2,-44.5,-30.94,-77.3,-60.8,0.0,-61.75,-54.7,-32.5,-84.0,-71.75,-83.44,-64.9,-36.0,-54.0,-70.1,-26.27,-58.34,-70.0,-61.06,-73.8,-47.44,-39.25,-29.92,-68.1,-100.4,-33.84,-64.7,-39.75,-46.38,-42.12,-32.66,-61.78,-72.4,-34.38,-27.28,-44.38,-58.75,-31.84,0.0,-30.06,-57.56,-64.56,-52.5,-80.9,-78.75,-51.0,0.0,-63.8,-80.0
257,-134.1,-224.5,-164.8,-98.56,-137.6,-121.5,-141.4,-110.25,-250.4,0.0,-72.94,-103.06,-201.6,-159.0,-200.9,-98.9,-80.9,-96.5,-308.5,-291.0,-214.8,-171.9,-92.06,-279.0,-212.1,-244.5,-168.5,-81.0,-49.06,-368.0,-208.2,-169.8,-169.0,-132.1,-49.8,-53.66,-146.2,-225.1,-180.4,-108.8,-242.4,0.0,0.0,-148.9,0.0,-321.0,-223.6,-154.1,-168.8,-269.8,-91.75,0.0,-105.56,-131.4,-159.9,-170.6,-165.8,-125.7,-168.1,-140.2,-60.0,-290.5,-140.5,-162.9,-187.6,-311.0,-180.2,-158.1,-95.4,-143.6,-190.5,-269.5,-217.1,-286.2,-189.1,-144.9,-158.0,-190.4,-158.5,-190.1,-116.56,-115.2,-172.4,-132.8,-138.5,0.0,-85.9,-133.9,-228.0,-46.3,-164.4,-169.0,-286.0,0.0,-56.6,-296.2
258,-16.61,-52.94,-54.06,-34.97,-6.5,-68.9,-25.03,-47.5,-24.67,0.0,-29.34,-36.94,-41.53,-43.8,-51.16,-19.14,-37.8,-45.06,-50.72,-88.75,-50.75,-32.47,-54.6,-70.75,-69.4,-48.5,-60.0,-32.0,-6.883,-76.0,-63.28,-63.5,-55.06,-50.4,-29.8,-35.66,-29.11,-43.47,-49.56,-54.0,-62.0,0.0,0.0,-42.72,0.0,-49.5,-40.56,-51.88,-46.44,-96.6,-30.81,0.0,-78.1,-28.69,-32.5,-66.0,-71.6,-56.56,-68.25,-46.2,-43.0,-71.5,-51.0,-36.72,-42.22,-77.8,-46.03,-37.94,-14.125,-15.03,-58.78,-76.0,-37.5,-48.84,-35.06,-37.5,-39.06,-35.0,-44.44,-54.16,-31.34,-24.25,-46.25,-69.94,-39.84,0.0,-25.69,-46.28,-72.44,-20.48,-65.7,-71.25,-76.0,0.0,-29.8,-52.5
259,-31.6,-62.0,-62.03,-51.22,-32.5,-40.12,-54.28,-45.8,-68.0,0.0,-24.88,-40.62,-54.28,-61.5,-92.0,-20.97,-26.69,-68.4,-80.1,-97.0,-76.0,-28.23,-35.8,-67.3,-50.7,-68.25,-52.72,-41.25,-38.75,-93.7,-76.4,-78.7,-62.75,-61.2,-48.6,-33.66,-49.38,-53.4,-89.25,-62.5,-76.7,0.0,0.0,-66.25,0.0,-62.9,-60.12,-16.97,-57.88,-88.9,-29.45,0.0,-68.5,-38.4,-39.12,-66.2,-58.53,-75.4,-63.84,-20.81,-25.0,-70.25,-30.8,-17.1,-74.8,-89.75,-50.2,-59.88,-61.03,-37.1,-58.25,-64.0,-51.34,-43.16,-49.8,-36.16,-26.08,-76.3,-74.2,-68.2,-35.62,-28.19,-53.62,-31.78,-38.78,0.0,-30.3,-69.56,-70.06,-27.66,-59.88,-80.1,-77.0,0.0,-74.6,-47.06
260,-8.06,-17.4,-22.83,-22.77,-18.17,-17.16,-22.31,-43.4,-22.67,0.0,-15.99,-9.63,-17.19,-20.7,-23.19,-13.13,-6.0,-21.0,-36.44,-31.58,-18.45,-16.94,-12.5,-32.34,-26.0,-24.5,-23.92,-10.25,-15.09,-36.0,-24.12,-26.52,-27.77,-25.17,-17.0,-14.0,-19.05,-24.28,-24.81,-22.17,-21.44,0.0,0.0,-26.77,0.0,-22.44,-18.4,-27.47,-13.19,-33.66,-16.05,0.0,-23.22,-11.9,-7.0,-21.8,-23.31,-16.22,-25.75,-13.67,-19.0,-36.34,-17.23,-33.3,-15.69,-25.25,-24.3,-16.83,-15.875,-16.45,-23.62,-28.0,-18.67,-17.67,-17.86,-16.66,-12.84,-30.33,-27.75,-30.45,-14.055,-8.55,-20.02,-16.78,-14.08,0.0,-12.39,-21.58,-31.38,-19.86,-23.42,-20.55,-24.0,0.0,-23.4,-25.33
261,-2.479,-7.164,-6.02,-7.105,-7.332,-5.94,-6.875,-7.8,-7.332,0.0,-1.263,-3.0,-6.367,-4.29,-10.42,-3.607,-2.926,-2.8,-12.48,-14.39,-8.64,-6.6,-10.06,-11.07,-12.0,-8.0,-5.9,-2.5,-2.7,-9.0,-9.195,-12.75,-6.6,-6.56,-9.0,-3.666,-6.188,-8.586,-7.664,-9.0,-9.664,0.0,0.0,-7.61,0.0,-8.84,-8.14,-8.4,-4.15,-10.88,-2.6,0.0,-9.15,-3.375,-9.0,-13.0,-12.48,-8.24,-8.164,-6.414,-9.0,-13.35,-4.992,-7.55,-12.94,-13.57,-7.855,-5.85,-5.25,-5.043,-9.19,-10.6,-5.832,-10.664,-8.82,-3.209,-7.484,-9.0,-4.938,-16.06,-2.064,-3.895,-5.21,-5.168,-5.3,0.0,-3.742,-7.285,-9.484,-5.8,-7.645,-8.586,-13.0,0.0,-6.0,-8.5
262,-13.37,-26.25,-27.62,-23.55,-26.67,-27.2,-30.27,-45.8,-38.66,0.0,-15.08,-34.4,-59.06,-23.33,-34.84,-17.48,-22.5,-30.03,-54.2,-55.9,-34.9,-8.414,-21.84,-54.38,-31.89,-38.75,-38.94,-17.0,-22.31,-39.0,-38.34,-28.78,-36.94,-31.22,-25.0,-17.67,-25.08,-39.72,-30.78,-39.16,-30.0,0.0,0.0,-36.9,0.0,-26.6,-21.11,-18.38,-25.17,-47.9,-26.98,0.0,-49.72,-20.58,-33.0,-34.4,-54.2,-35.84,-44.9,-33.78,-39.0,-65.5,-20.66,-23.08,-35.38,-56.7,-42.28,-33.78,-20.2,-9.26,-42.8,-55.0,-28.83,-46.84,-29.14,-42.06,-32.44,-20.0,-31.9,-55.66,-11.98,-19.44,-24.81,-42.44,-21.3,0.0,-17.61,-40.44,-47.62,-2.982,-39.16,-33.28,-63.0,0.0,-29.4,-35.12
263,-3.46,-6.55,-5.863,-7.516,-5.168,-6.98,-4.2,-11.8,-7.0,0.0,-4.23,-5.676,-9.12,-7.06,-11.95,-3.686,-5.6,-6.3,-10.83,-10.5,-9.36,-3.592,-6.75,-9.59,-8.06,-10.75,-10.5,-5.0,-3.107,-10.0,-8.61,-8.69,-10.3,-7.05,-9.2,-4.332,-6.957,-9.04,-6.24,-9.336,-10.0,0.0,0.0,-6.47,0.0,-8.61,-5.58,-8.2,-8.17,-7.3,-5.992,0.0,-7.54,-6.9,-4.5,-11.8,-6.75,-9.85,-9.766,-5.188,-5.5,-14.125,-4.5,-7.1,-7.574,-10.734,-5.9,-6.984,-1.0,-1.417,-10.64,-13.8,-6.0,-11.164,-6.293,-9.234,-7.742,-7.332,-10.95,-10.22,-1.3,-3.861,-3.38,-3.7,-6.438,0.0,-2.994,-7.0,-12.92,-0.6665,-9.04,-8.21,-11.0,0.0,-9.8,-10.664
264,-14.625,-34.53,-31.6,-22.3,-39.84,-38.7,-28.25,-26.5,-43.66,0.0,-19.84,-25.14,-47.4,-38.12,-42.3,-16.72,-16.44,-34.75,-49.7,-58.44,-54.66,-27.58,-27.0,-51.62,-48.97,-50.75,-42.8,-19.25,-22.31,-62.0,-42.2,-48.75,-41.38,-30.14,-34.0,-23.0,-24.84,-44.34,-56.47,-31.83,-34.34,0.0,0.0,-40.94,0.0,-47.38,-35.2,-29.0,-34.5,-53.5,-27.73,0.0,-26.03,-31.22,-27.0,-49.0,-40.38,-36.62,-55.25,-30.03,-17.0,-64.4,-26.12,-24.61,-60.53,-61.34,-44.62,-31.58,-44.44,-11.84,-49.2,-72.8,-33.0,-42.84,-31.92,-20.45,-27.27,-41.34,-49.62,-48.06,-17.6,-10.73,-11.7,-19.97,-22.55,0.0,-19.62,-44.44,-68.9,-37.62,-42.34,-33.66,-26.0,0.0,-30.8,-47.16
265,-68.44,-99.44,-88.6,-105.75,-69.0,-120.3,-96.25,-171.8,-140.4,0.0,-63.56,-114.4,-106.94,-121.4,-186.5,-46.97,-89.25,-60.3,-116.25,-184.6,-133.4,-71.6,-75.75,-157.9,-100.7,-129.8,-103.94,-67.75,-83.44,-178.0,-121.7,-73.2,-129.0,-106.44,-103.4,-82.3,-142.1,-141.9,-113.06,-92.3,-143.0,0.0,0.0,-91.5,0.0,-150.9,-99.56,-11.625,-111.56,-166.0,-96.2,0.0,-167.0,-59.16,-136.5,-129.4,-133.6,-132.8,-170.5,-71.8,-101.0,-163.4,-143.1,-87.0,-210.2,-148.0,-136.8,-81.4,-26.33,-96.56,-109.2,-154.0,-94.7,-178.4,-54.2,-77.2,-76.94,-140.6,-122.6,-135.4,-67.56,-51.7,-84.5,-48.44,-92.2,0.0,-59.75,-143.1,-165.4,-83.9,-117.7,-109.5,-124.0,0.0,-87.0,-153.5
266,-0.2222,-10.78,-8.11,-4.113,-5.332,-9.3,-5.05,1.0,-8.0,0.0,-3.75,-3.95,-14.02,-7.34,-9.24,-4.035,-7.176,-5.074,-11.6,-13.27,-10.24,-6.168,-4.5,-8.96,-10.7,-9.5,-8.836,-5.0,-4.035,-17.0,-8.98,-10.75,-6.7,-9.8,-8.4,-3.0,-8.17,-8.516,-8.44,-10.5,-8.88,0.0,0.0,-7.29,0.0,-7.734,-6.4,-4.6,-6.477,-12.76,-7.793,0.0,-12.875,-6.426,-3.65,-4.5,-6.324,-7.15,-12.07,-4.773,-5.0,-10.1,-7.957,-6.0,-3.55,-13.484,-7.707,-5.95,1.65,-3.926,-11.125,-13.0,-9.336,-7.332,-6.035,-5.414,-8.87,-7.0,-12.73,-12.29,-2.645,-1.705,-2.45,-9.99,-6.8,0.0,-3.582,-9.71,-12.1,-4.7,-10.58,-7.676,-9.0,0.0,-9.6,-8.07
267,-83.56,-122.44,-132.1,-96.8,-124.7,-136.0,-97.25,-160.2,-147.0,0.0,-45.56,-97.7,-180.6,-100.06,-99.75,-97.5,-104.3,-89.44,-165.0,-170.0,-149.6,-92.56,-88.5,-162.8,-109.3,-130.8,-126.44,-59.75,-49.47,-186.0,-143.5,-90.94,-83.1,-75.75,-72.0,-62.0,-78.25,-107.3,-198.9,-82.8,-204.6,0.0,0.0,-89.1,0.0,-127.2,-77.75,-56.75,-113.5,-210.4,-105.2,0.0,-144.9,-72.8,-147.5,-101.0,-124.5,-101.9,-173.4,-103.56,-117.5,-165.8,-66.44,-95.25,-112.25,-225.8,-142.6,-115.06,-55.5,-63.84,-126.8,-177.2,-143.9,-169.1,-59.5,-114.94,-67.7,-160.6,-151.9,-245.9,-78.4,-66.8,-144.6,-117.3,-91.6,0.0,-60.97,-128.8,-128.8,19.4,-151.9,-127.06,-134.0,0.0,-69.6,-113.7
268,-57.84,-110.4,-62.3,-51.88,-94.5,-106.94,-76.3,-70.2,-152.0,0.0,-49.25,-69.9,-115.06,-94.4,-128.1,-91.44,-64.6,-58.66,-164.9,-106.94,-102.75,-63.44,-89.0,-137.4,-104.2,-125.5,-128.8,-33.5,-41.84,-222.4,-129.8,-79.94,-134.5,-70.5,-63.0,-60.34,-97.3,-84.7,-106.25,-55.5,-205.1,0.0,0.0,-84.1,0.0,-116.9,-85.8,-93.75,-99.9,-148.8,-155.1,0.0,-122.6,-37.84,-147.8,-139.5,-106.4,-112.4,-82.9,-94.4,-44.5,-140.1,-80.9,-20.55,-132.1,-188.1,-124.44,-71.9,-79.9,-70.94,-120.25,-160.0,-70.0,-136.5,-76.3,-100.5,-52.16,-123.7,-105.9,-144.6,-17.12,-49.53,-71.94,-89.5,-79.3,0.0,-47.06,-126.9,-157.8,-39.34,-117.8,-81.6,-114.0,0.0,-64.2,-103.1
269,-45.28,-76.44,-86.06,-41.0,-61.16,-85.94,-81.25,-79.75,-84.3,0.0,-29.73,-57.4,-103.5,-60.38,-82.6,-25.0,-46.8,-54.2,-93.2,-137.0,-96.8,-44.2,-96.0,-123.1,-107.6,-73.25,-123.8,-37.25,-59.4,-84.0,-53.62,-66.75,-106.8,-73.6,-66.8,-55.66,-31.66,-96.4,-100.5,-58.84,-91.25,0.0,0.0,-81.56,0.0,-70.2,-90.9,-50.84,-54.47,-88.3,-98.4,0.0,-94.94,-64.9,-110.0,-101.0,-72.2,-73.7,-121.5,-81.7,-9.5,-102.8,-89.3,-76.2,-91.56,-99.7,-77.56,-65.9,-47.0,-43.16,-67.25,-111.2,-40.16,-102.2,-62.9,-44.2,-45.47,-87.7,-77.56,-120.5,-25.86,-57.7,-59.97,-49.28,-55.4,0.0,-33.34,-70.1,-111.2,-26.34,-80.7,-53.6,-152.0,0.0,-47.0,-70.7
270,-10.21,-33.03,-33.78,-20.83,-18.83,-46.22,-19.88,-4.25,-39.66,0.0,-24.4,-21.28,-24.9,-34.84,-39.2,-15.92,-13.984,-23.1,-41.53,-44.1,-36.7,-30.12,-13.375,-41.72,-27.98,-16.0,-26.83,-11.25,-18.38,-20.0,-26.08,-27.75,-20.03,-25.2,-27.6,-8.336,-34.34,-31.06,-37.2,-24.5,-26.22,0.0,0.0,-34.34,0.0,-30.97,-31.6,-22.7,-25.38,-45.84,-31.23,0.0,-49.97,-19.08,-38.5,-37.0,-42.97,-28.97,-33.84,-20.16,-35.5,-42.34,-29.64,-23.78,-38.56,-48.16,-41.0,-20.97,-16.6,-19.36,-33.12,-45.2,-34.5,-28.17,-15.46,-28.4,-26.97,-22.33,-29.9,-42.88,-13.7,-12.81,-26.81,-36.4,-25.12,0.0,-18.19,-30.28,-44.3,-12.28,-37.88,-36.12,-62.0,0.0,-27.8,-45.2
271,-24.34,-123.8,-95.2,-58.94,-93.3,-94.56,-139.2,1.0,-97.0,0.0,-24.95,-62.34,-99.3,-78.94,-100.75,-47.6,-35.5,-74.5,-132.8,-127.5,-109.3,-67.75,-73.75,-114.8,-114.5,-130.2,-126.2,-51.5,-42.8,-146.0,-78.3,-109.0,-98.4,-78.2,-41.8,-48.0,-81.3,-103.75,-116.8,-63.16,-137.0,0.0,0.0,-145.4,0.0,-108.0,-69.5,-119.3,-61.47,-157.1,-91.4,0.0,-67.3,-69.6,-93.5,-93.5,-74.4,-105.8,-116.7,-67.6,-123.0,-119.44,-123.25,-130.6,-106.8,-156.0,-132.0,-92.5,-96.1,-41.7,-99.8,-129.2,-76.5,-113.7,-73.2,-42.3,-62.8,-110.7,-83.8,-130.1,-44.84,-43.94,-107.1,-70.56,-73.3,0.0,-46.72,-118.44,-122.1,-48.1,-73.9,-95.9,-104.0,0.0,-95.6,-95.5
272,-26.36,-71.0,-74.5,-41.38,-41.5,-62.06,-55.25,-107.8,-36.0,0.0,-27.84,-37.47,-85.75,-41.38,-77.0,-25.56,-49.3,-51.16,-55.88,-78.7,-78.3,-47.88,-46.78,-98.5,-100.56,-66.25,-81.06,-34.0,-24.42,-126.25,-63.88,-92.4,-96.44,-40.3,-45.0,-31.67,-48.53,-61.84,-76.7,-44.0,-75.3,0.0,0.0,-69.06,0.0,-56.22,-49.6,-43.25,-84.25,-89.4,-51.56,0.0,-81.1,-41.8,-49.62,-57.75,-110.25,-57.66,-52.66,-39.03,-96.0,-67.6,-31.55,-36.8,-98.3,-103.3,-57.62,-66.8,-42.5,-43.16,-41.44,-91.4,-36.5,-76.0,-58.0,-51.0,-30.73,-54.66,-72.7,-77.44,-28.12,-27.17,-23.56,-72.56,-37.94,0.0,-25.1,-64.0,-80.75,-36.88,-65.25,-33.28,-97.0,0.0,-58.2,-55.4
273,-8.11,-21.11,-13.91,-9.63,-11.336,-22.27,-14.83,-13.4,-17.0,0.0,-7.18,-12.36,-16.7,-14.64,-29.42,-9.96,-10.85,-19.64,-18.9,-21.38,-12.89,-14.72,-16.69,-30.92,-19.47,-22.5,-21.33,-10.0,-13.24,-39.8,-15.61,-25.36,-20.4,-14.99,-6.6,-6.832,-17.11,-15.18,-21.16,-12.336,-27.67,0.0,0.0,-16.33,0.0,-20.95,-8.54,-8.75,-13.0,-25.05,-10.4,0.0,-19.47,-12.6,-13.0,-14.5,-23.67,-15.61,-24.0,-10.39,-3.0,-27.84,-24.95,-16.4,-13.19,-35.94,-17.97,-19.69,-2.0,-7.473,-22.17,-30.2,-19.0,-23.0,-10.836,-12.836,-14.26,-22.67,-22.94,-25.69,-7.156,-10.89,-9.73,-4.965,-14.8,0.0,-7.496,-13.14,-28.17,-6.418,-13.69,-22.23,-19.0,0.0,-17.0,-19.06
274,-1.228,-5.195,-4.176,-1.214,-1.833,-2.41,-1.75,-3.8,-4.0,0.0,-2.219,-2.62,-2.81,-4.67,-5.55,-0.857,0.25,-0.4375,-4.6,-6.676,-5.55,-3.342,-4.25,-5.363,-6.5,-2.75,-6.816,-2.0,-1.1,-6.0,-4.117,-2.75,-4.11,-1.1,-3.8,-0.6665,-2.314,-3.686,-4.0,-3.334,-5.332,0.0,0.0,-3.65,0.0,-1.458,-1.87,-3.1,-2.625,-6.87,-2.02,0.0,-3.55,-1.237,-4.5,-4.75,-4.51,-5.17,-3.85,-2.324,-3.0,-5.65,-2.275,-2.9,-3.463,-7.25,-1.943,-1.991,-1.125,-1.479,-5.71,-4.8,-2.834,-2.834,-3.9,-2.508,-3.188,-2.666,-1.82,-5.18,-0.27,-1.405,-2.2,-1.741,-1.975,0.0,-1.156,-4.57,-6.137,-1.2,-2.986,-3.857,-4.0,0.0,-3.4,-3.768
275,-9.75,-37.9,-22.25,-22.92,-17.33,-27.34,-26.6,-53.0,-25.0,0.0,-7.742,-17.27,-38.22,-18.44,-25.2,-8.71,-17.1,-21.03,-32.9,-26.77,-32.2,-17.77,-20.67,-37.34,-38.28,-12.25,-21.17,-15.5,-15.49,-41.0,-31.03,-34.5,-40.06,-16.73,-24.2,-15.0,-23.84,-26.98,-24.25,-22.5,-40.34,0.0,0.0,-30.5,0.0,-13.78,-22.53,-25.45,-28.25,-21.05,-16.05,0.0,-19.97,-21.94,-30.62,-24.5,-36.12,-23.77,-44.88,-26.92,-11.0,-29.17,-27.94,-23.72,-28.53,-33.12,-19.47,-18.61,-23.6,-12.016,-32.47,-45.8,-18.5,-37.0,-22.31,-22.66,-15.484,-45.66,-38.53,-33.94,-11.58,-6.87,-15.03,-25.69,-11.95,0.0,-8.47,-34.72,-35.56,-19.11,-18.95,-29.34,-41.0,0.0,-25.6,-28.9
276,-38.22,-92.7,-80.8,-69.0,-81.8,-100.2,-98.4,-6.75,-138.0,0.0,-39.0,-42.38,-88.4,-59.2,-78.0,-42.12,-43.94,-80.1,-110.1,-100.56,-103.6,-65.5,-87.3,-120.0,-74.9,-89.0,-114.06,-46.5,-69.0,-64.4,-102.56,-82.75,-66.44,-91.44,-74.8,-43.5,-84.1,-80.7,-93.2,-91.2,-100.0,0.0,0.0,-87.5,0.0,-53.44,-47.56,-65.5,-65.7,-97.75,-85.4,0.0,-96.4,-78.9,-84.2,-98.5,-92.9,-88.56,-70.56,-42.03,-17.5,-98.7,-55.94,-65.2,-66.75,-140.2,-88.7,-87.6,-51.56,-51.66,-47.97,-139.6,-40.84,-101.0,-55.34,-85.25,-64.25,-87.0,-88.06,-125.44,-56.9,-38.16,-89.1,-92.8,-60.38,0.0,-42.84,-98.56,-100.94,-29.36,-117.3,-63.4,-170.0,0.0,-96.4,-95.56
277,-0.7666,-3.8,-2.44,-1.436,-2.5,-2.71,-1.75,-4.2,-2.666,0.0,-0.5312,-3.24,-4.68,-2.7,-4.54,-0.5713,-2.676,-2.3,-4.727,-6.812,-3.9,-2.883,-5.0,-5.656,-4.5,-5.5,-4.75,0.25,-0.85,-4.0,-3.018,-2.75,-4.61,-2.033,-3.0,-1.667,-1.914,-4.594,-2.875,-2.5,-3.0,0.0,0.0,-1.94,0.0,-4.934,-1.51,-5.176,-1.6875,-4.6,-2.19,0.0,-5.05,-1.925,-1.5,-5.0,-2.912,-2.67,-5.266,-2.45,-2.0,-5.55,-1.316,-1.19,-3.588,-6.816,-2.25,-3.025,-2.875,-1.071,-4.35,-5.2,-1.167,-3.834,-2.8,-2.178,-3.457,-6.332,-3.08,-6.35,-0.62,-2.234,-2.72,-2.875,-1.844,0.0,-1.048,-3.857,-6.45,-3.133,-4.266,-4.516,-4.0,0.0,-2.4,-3.15
278,-0.817,-4.492,-2.195,-2.28,-2.166,-2.92,-2.25,-9.0,-4.332,0.0,-2.105,-2.48,-3.6,-3.47,-4.9,-0.2856,-3.213,0.35,-3.262,-3.625,-4.43,-2.367,-2.666,-4.484,-5.75,-6.75,-4.6,-2.0,-0.875,-6.0,-3.375,-3.0,-4.41,-3.316,-3.0,-1.0,-4.293,-4.355,-5.062,-1.333,-5.332,0.0,0.0,-6.39,0.0,-3.268,-2.29,-2.0,-1.125,-2.812,-5.08,0.0,-3.062,-2.557,-2.0,-5.75,-5.312,-3.68,-4.65,-1.825,-3.0,-3.55,-3.316,-4.84,-4.887,-7.332,-3.781,-3.482,-0.875,-2.48,-4.926,-4.4,-4.5,-3.5,-2.059,-1.129,-2.662,-2.334,-4.8,-5.37,-1.335,-0.84,-2.55,-2.008,-1.525,0.0,-1.622,-4.855,-3.8,-1.983,-3.543,-3.457,-6.0,0.0,-3.2,-5.9
279,-15.23,-29.92,-38.22,-25.23,-39.34,-25.02,-24.7,-61.5,-38.34,0.0,-8.414,-30.55,-28.48,-24.28,-38.9,-23.34,-13.0,-25.22,-52.72,-48.06,-37.4,-24.92,-32.6,-49.1,-29.2,-36.75,-26.55,-27.0,-21.7,-55.0,-36.34,-42.34,-35.75,-31.81,-23.4,-12.336,-19.52,-45.44,-36.75,-29.83,-48.25,0.0,0.0,-38.72,0.0,-49.3,-28.69,-21.7,-26.66,-52.47,-29.69,0.0,-31.69,-32.88,-29.45,-55.25,-36.9,-31.6,-30.16,-17.0,-32.0,-38.47,-31.47,-41.16,-17.84,-59.1,-40.03,-38.25,-11.8,-20.36,-39.28,-42.2,-14.0,-33.66,-25.81,-29.11,-24.88,-27.0,-41.62,-56.97,-11.57,-26.81,-28.95,-20.23,-24.4,0.0,-18.8,-33.0,-40.0,-27.33,-42.6,-30.9,-55.0,0.0,-22.0,-38.66
280,-22.92,-52.25,-49.56,-48.25,-33.0,-48.06,-39.1,-25.0,-54.66,0.0,-23.9,-36.22,-45.5,-47.6,-60.34,-32.25,-58.84,-32.84,-68.94,-80.0,-49.0,-33.34,-7.5,-64.94,-59.5,-61.5,-75.4,-23.0,-32.7,-68.5,-44.16,-54.3,-73.25,-36.56,-23.4,-22.73,-28.42,-54.4,-51.88,-21.67,-66.94,0.0,0.0,-41.66,0.0,-50.78,-48.25,-68.4,-77.56,-81.8,-21.67,0.0,-60.03,-37.3,-46.5,-39.25,-72.75,-38.4,-59.4,-42.03,-69.5,-66.8,-46.97,-31.89,-86.56,-86.0,-55.22,-49.7,-23.75,-23.7,-55.44,-59.0,-35.0,-47.5,-33.97,-51.94,-55.38,-55.0,-44.66,-82.5,-29.77,-27.12,-24.34,-58.66,-29.75,0.0,-28.67,-62.44,-49.2,-28.39,-70.3,-56.72,-59.0,0.0,-59.2,-33.06
281,-12.47,-43.1,-31.44,-16.5,-14.336,-34.03,-32.47,-29.0,-29.33,0.0,-15.19,-34.28,-33.34,-35.0,-27.44,-22.22,-22.39,-27.22,-40.66,-44.06,-40.94,-17.52,-40.1,-42.78,-34.0,-37.5,-35.4,-14.75,-5.418,-34.0,-36.66,-37.25,-23.73,-23.98,-19.0,-15.336,-24.52,-33.34,-31.55,-32.0,-50.34,0.0,0.0,-29.52,0.0,-32.2,-14.85,-20.0,-36.6,-40.84,-31.47,0.0,-21.52,-22.84,-37.5,-36.5,-20.3,-36.62,-28.11,-17.11,-17.0,-48.2,-24.66,-27.3,-40.5,-44.34,-31.67,-32.88,-12.3,-17.17,-37.88,-39.6,-25.0,-41.0,-22.02,-23.42,-21.34,-36.34,-36.6,-41.4,-12.766,-18.81,-21.72,-25.17,-27.12,0.0,-16.02,-44.72,-36.03,-17.17,-43.62,-35.78,-20.0,0.0,-18.0,-18.94
282,-11.7,-18.92,-16.62,-24.39,-10.5,-14.66,-19.8,-17.0,-25.67,0.0,-8.75,-12.19,-23.44,-12.9,-32.34,-8.76,-21.45,-21.02,-22.34,-36.25,-19.31,-11.49,-22.0,-27.53,-34.94,-20.75,-26.08,-10.25,-14.5,-28.0,-24.86,-26.77,-28.67,-14.984,-11.6,-10.664,-13.21,-22.34,-30.2,-22.17,-19.97,0.0,0.0,-26.75,0.0,-15.62,-16.72,-7.0,-18.11,-19.94,-9.09,0.0,-23.56,-16.62,-26.75,-33.0,-24.16,-20.34,-29.06,-15.766,-11.5,-24.66,-29.3,-12.62,-19.86,-19.67,-17.47,-14.086,-4.074,-10.125,-32.8,-34.0,-15.836,-28.33,-18.89,-18.64,-16.05,-18.33,-32.4,-37.12,-5.324,-12.78,-17.39,-10.914,-7.406,0.0,-9.664,-28.14,-21.67,-12.836,-23.84,-20.67,-54.0,0.0,-21.0,-26.9
283,-21.64,-81.75,-32.5,-41.03,-35.0,-52.9,-63.6,-38.0,-72.3,0.0,-30.34,-25.55,-73.56,-52.0,-65.56,-19.0,-48.3,-54.22,-72.5,-95.1,-37.47,-49.88,-62.9,-79.3,-97.3,-71.25,-48.88,-31.5,-36.6,-41.0,-70.2,-67.94,-39.03,-67.8,-50.4,-38.0,-23.3,-56.8,-42.8,-39.0,-64.7,0.0,0.0,-51.66,0.0,-68.7,-28.66,-36.1,-49.25,-70.0,-39.12,0.0,-55.2,-28.38,-39.5,-85.1,-64.4,-77.25,-72.3,-30.81,-37.5,-107.2,-63.06,-25.45,-41.12,-89.5,-56.88,-34.78,-52.5,-25.11,-82.5,-95.2,-38.16,-57.34,-37.5,-41.9,-59.97,-64.7,-39.62,-86.1,-9.05,-28.19,-56.94,-42.44,-48.88,0.0,-23.52,-53.72,-89.6,-37.47,-57.84,-64.75,-90.0,0.0,-54.0,-75.25
284,-8.625,-29.62,-22.33,-22.64,-20.33,-40.38,-35.75,-46.25,-22.0,0.0,-7.164,-14.8,-38.94,-36.47,-30.92,-13.234,-25.58,-9.14,-38.78,-43.25,-28.89,-22.23,-15.13,-44.84,-25.75,-43.25,-33.8,-13.0,-15.125,-48.0,-35.03,-45.75,-31.8,-21.92,-23.6,-13.0,-31.38,-40.0,-40.3,-24.0,-35.0,0.0,0.0,-32.16,0.0,-25.9,-23.98,-31.38,-18.42,-33.5,-25.3,0.0,-26.9,-29.05,-15.25,-36.25,-20.22,-26.66,-35.75,-29.61,-6.5,-42.38,-19.52,-21.48,-29.25,-50.97,-44.8,-32.44,-29.62,-21.38,-35.8,-36.8,-23.5,-39.0,-17.83,-31.36,-22.75,-28.33,-21.14,-44.75,-18.83,-17.23,-18.1,-22.7,-32.9,0.0,-18.08,-42.16,-46.16,-6.668,-37.5,-40.8,-76.0,0.0,-27.4,-30.92
285,-28.5,-51.78,-45.97,-41.22,-31.17,-82.3,-59.75,-60.75,-29.33,0.0,-40.6,-46.2,-73.2,-49.16,-87.0,-39.53,-58.88,-38.3,-66.1,-80.75,-83.94,-61.78,-54.1,-83.2,-67.1,-54.75,-77.0,-38.0,-21.98,-116.0,-44.4,-60.75,-60.88,-54.88,-34.4,-38.0,-63.72,-38.12,-70.94,-51.5,-67.06,0.0,0.0,-62.16,0.0,-49.03,-49.62,-56.34,-44.4,-59.4,-52.8,0.0,-62.7,-40.44,-62.7,-69.5,-41.5,-55.12,-64.44,-44.2,-54.0,-62.0,-42.3,-53.62,-64.06,-62.34,-86.9,-32.5,-8.75,-33.94,-64.3,-84.8,-31.83,-73.2,-21.48,-51.16,-32.22,-70.7,-67.25,-69.8,-34.8,-32.6,-28.27,-48.44,-51.03,0.0,-25.9,-38.44,-69.44,-31.14,-62.34,-55.03,-142.0,0.0,-33.2,-43.6
286,-12.62,-38.2,-8.82,-21.61,-29.0,-16.64,-26.25,-13.0,-21.33,0.0,-21.7,-26.73,-49.47,-26.38,-37.94,-14.11,-11.36,-27.06,-43.12,-42.5,-40.53,-27.95,-20.92,-44.1,-29.38,-41.25,-38.94,-21.75,-8.79,-34.0,-31.11,-36.56,-35.66,-34.16,-28.4,-20.0,-30.05,-13.766,-33.12,-28.67,-36.84,0.0,0.0,-36.78,0.0,-33.25,-29.89,-27.12,-24.62,-38.7,-23.94,0.0,-31.4,-28.25,-15.8,-22.75,-37.06,-26.88,-28.56,-22.7,-44.0,-39.78,-27.4,-17.48,-36.7,-26.67,-33.6,-33.9,-10.875,-13.15,-40.56,-42.4,-22.33,-46.5,-16.03,-26.75,-27.8,-24.33,-33.47,-43.5,-17.81,-4.023,-26.05,-25.86,-31.77,0.0,-14.836,-32.72,-29.97,-20.9,-32.5,-41.8,-48.0,0.0,-28.6,-29.0
287,-1.3,-3.887,-3.69,-1.493,-4.168,-3.4,-1.25,-1.75,-3.0,0.0,-0.4312,-3.11,-4.2,-3.6,-3.4,-0.2856,-3.875,-1.325,-6.227,-5.324,-4.07,-2.791,-4.332,-5.785,-5.0,-5.25,-4.918,-3.0,-4.05,-6.0,-5.45,-4.25,-4.68,-2.666,-1.2,-1.667,-3.643,-3.543,-3.588,-3.166,-5.0,0.0,0.0,-4.88,0.0,-4.133,-2.09,-4.75,-4.875,-5.375,-2.988,0.0,-3.375,-2.182,-2.5,-3.75,-4.74,-4.72,-5.082,-1.906,-2.5,-7.5,-3.033,-1.19,-3.426,-5.316,-2.688,-3.291,-4.875,-0.0,-4.562,-5.2,-3.334,-1.667,-1.767,-2.85,-2.9,-5.332,-3.54,-5.25,-1.665,0.735,-2.11,-2.408,-2.037,0.0,-0.9023,-3.857,-5.234,0.4666,-3.578,-2.465,-2.0,0.0,-4.4,-4.516
288,-28.81,-79.2,-78.6,-82.8,-74.8,-100.25,-92.8,-71.0,-132.6,0.0,-31.4,-54.44,-98.3,-102.25,-93.6,-40.84,-90.8,-68.2,-120.06,-99.75,-131.5,-75.2,-43.25,-128.1,-110.9,-69.75,-90.5,-74.0,-47.03,-122.0,-100.5,-89.2,-106.75,-100.3,-60.8,-59.0,-89.06,-76.6,-75.4,-69.5,-98.6,0.0,0.0,-100.9,0.0,-83.06,-73.0,-88.75,-60.62,-86.0,-44.8,0.0,-71.3,-35.28,-39.72,-91.0,-88.0,-104.94,-71.2,-41.7,-58.5,-102.5,-63.38,-60.4,-52.94,-117.3,-105.0,-92.25,-52.94,-79.2,-108.7,-139.0,-89.3,-81.2,-71.44,-74.2,-54.22,-79.0,-92.94,-120.7,-40.44,-25.61,-92.2,-77.0,-56.22,0.0,-48.25,-96.0,-96.75,13.25,-94.7,-105.0,-135.0,0.0,-62.4,-87.25
289,-10.32,-24.94,-14.9,-12.664,-12.664,-22.38,-22.75,-14.0,-15.336,0.0,-6.97,-22.27,-26.11,-22.1,-33.28,-10.14,-13.19,-15.21,-26.69,-29.44,-27.75,-18.5,-24.0,-33.5,-29.5,-30.25,-16.33,-12.75,-11.664,-24.0,-26.06,-17.0,-22.17,-22.14,-18.8,-14.0,-16.5,-21.6,-22.81,-24.0,-17.58,0.0,0.0,-22.45,0.0,-17.72,-20.34,-26.0,-17.6,-28.33,-8.2,0.0,-29.39,-22.81,-16.5,-26.0,-24.83,-29.0,-23.06,-22.81,-14.5,-30.94,-11.55,-20.66,-19.67,-27.06,-31.28,-11.24,-2.15,-9.664,-30.56,-28.0,-19.33,-24.0,-17.17,-14.29,-10.016,-33.34,-23.05,-26.9,-12.88,-8.61,-13.57,-22.31,-16.66,0.0,-12.61,-28.58,-36.84,-5.35,-20.53,-16.97,-54.0,0.0,-15.6,-21.08
290,-50.5,-144.6,-80.5,-102.6,-74.8,-87.25,-94.5,-83.8,-133.6,0.0,-54.5,-74.3,-125.4,-38.94,-116.0,-65.2,-99.25,-90.0,-127.44,-162.1,-110.7,-76.56,-112.7,-162.5,-122.56,-110.75,-100.25,-35.0,-84.25,-215.0,-129.4,-155.4,-92.7,-106.1,-64.4,-31.0,-120.1,-141.6,-123.2,-131.1,-133.5,0.0,0.0,-136.9,0.0,-88.9,-86.94,-41.72,-88.7,-141.5,-116.6,0.0,-107.2,-90.8,-34.97,-113.5,-145.8,-113.1,-85.7,-59.22,-59.0,-136.5,-104.3,-89.56,-127.06,-135.9,-100.3,-91.94,-24.2,-62.97,-107.1,-176.6,-103.2,-122.8,-89.7,-97.5,-84.9,-86.7,-93.25,-128.4,-21.88,-38.2,-68.75,-55.6,-97.2,0.0,-45.16,-88.44,-143.4,-0.8335,-131.0,-103.8,-167.0,0.0,-97.8,-163.5
291,-28.89,-70.7,-42.56,-45.47,-46.84,-50.44,-51.28,-64.0,-59.0,0.0,-26.0,-43.66,-74.94,-49.3,-87.0,-26.42,-44.16,-39.06,-78.56,-80.25,-81.7,-48.44,-43.88,-85.8,-71.75,-63.75,-78.1,-38.0,-16.98,-111.6,-40.12,-47.6,-54.8,-41.53,-40.4,-25.0,-49.88,-71.6,-74.56,-64.7,-66.3,0.0,0.0,-61.88,0.0,-64.1,-46.34,-56.56,-50.62,-79.5,-63.44,0.0,-65.8,-52.44,-55.5,-55.0,-82.06,-76.1,-41.75,-54.84,-59.5,-91.1,-75.9,-34.12,-55.66,-118.75,-73.94,-56.3,-29.88,-31.5,-74.75,-79.6,-59.66,-86.2,-51.2,-41.4,-48.44,-58.66,-85.94,-95.56,-34.94,-26.31,-58.2,-45.78,-46.12,0.0,-24.1,-57.72,-88.25,-25.19,-65.3,-63.22,-116.0,0.0,-55.6,-54.28
292,-11.52,-20.94,-18.2,-10.984,-14.0,-17.7,-12.234,-23.5,-15.664,0.0,-2.713,-12.17,-14.28,-12.92,-18.16,-16.11,-11.3,-11.64,-21.08,-28.16,-20.11,-10.76,-14.0,-26.08,-20.7,-16.0,-10.13,-11.0,-9.15,-27.25,-20.52,-17.94,-8.54,-15.33,-15.0,-7.168,-17.33,-17.1,-11.27,-14.0,-21.58,0.0,0.0,-19.34,0.0,-19.55,-6.16,-20.38,-14.06,-16.39,-17.34,0.0,-19.6,-10.7,-12.4,-28.0,-22.25,-19.11,-15.13,-5.355,-27.5,-22.05,-7.69,-20.81,-19.3,-25.89,-19.14,-11.89,-4.625,-9.3,-27.53,-20.6,-11.2,-13.0,-16.44,-5.855,-9.33,-19.0,-16.77,-24.03,-10.61,-10.766,-17.1,-10.9,-12.14,0.0,-9.1,-23.0,-38.34,-3.666,-25.28,-26.52,-27.0,0.0,-12.0,-20.42
293,-0.6274,-3.355,-2.25,-2.922,-1.333,-5.6,-0.25,-4.2,-4.0,0.0,0.681,-1.77,-3.7,-3.088,-2.95,-1.429,-0.7,-2.05,-4.65,-5.2,-3.834,-3.834,-2.0,-7.05,-4.5,-5.0,-4.617,-2.223,-2.908,-4.0,-4.0,-4.332,-4.41,-2.014,-2.8,-1.0,-2.865,-5.277,-4.812,-2.834,-6.0,0.0,0.0,-4.44,0.0,-4.242,-1.71,-5.65,-4.188,-5.1,-0.3374,0.0,-1.0,-0.9,-1.0,-4.5,-2.574,-3.09,-4.5,-2.943,-2.5,-6.074,-1.792,-2.19,-5.484,-3.533,-2.469,-3.133,-3.875,-1.138,-5.15,-4.8,-3.8,-4.0,-2.467,-2.422,-1.844,-3.666,-4.28,-5.3,-0.42,-0.585,-2.45,-0.8335,-2.994,0.0,-0.5195,-4.715,-6.418,0.0,-3.871,-4.715,-6.0,0.0,-2.2,-5.4
294,0.268,-4.094,-1.35,-2.686,-3.0,-4.44,-1.25,-1.75,-5.0,0.0,-1.95,-2.27,-5.66,-0.625,-4.94,-0.2856,-2.838,-1.5625,-5.824,-4.164,-4.59,-2.35,-3.0,-5.44,-2.75,-3.5,-4.734,-2.0,-0.2084,-6.0,-3.574,-3.334,-6.51,-2.736,-3.4,-1.0,-3.236,-2.95,-2.787,-3.166,-6.668,0.0,0.0,-3.16,0.0,-3.133,-1.2,-2.25,-2.312,-4.76,-3.0,0.0,-2.05,-2.969,-3.5,-3.0,-3.037,-3.64,-4.418,-3.332,-3.0,-4.21,-2.3,-2.05,-2.166,-4.2,-3.637,-2.533,-1.1,-2.4,-3.0,-5.6,-3.2,-4.0,-3.018,-1.729,-4.863,-4.668,-3.45,-4.75,-0.83,-1.57,-2.34,-3.158,-1.519,0.0,-1.458,-4.715,-5.117,-2.066,-4.75,-2.271,-6.0,0.0,-1.4,-4.75
295,-11.086,-29.7,-19.4,-13.67,-24.17,-34.56,-21.78,-27.5,-39.66,0.0,-11.17,-13.45,-26.7,-18.42,-30.52,-15.02,-20.17,-20.28,-30.88,-34.0,-23.66,-17.23,-20.67,-34.62,-30.53,-22.75,-28.0,-10.336,-13.65,-27.0,-26.23,-22.33,-34.1,-18.4,-13.4,-15.0,-24.05,-22.14,-31.5,-18.0,-27.33,0.0,0.0,-37.62,0.0,-23.78,-14.12,-20.75,-22.92,-36.72,-20.03,0.0,-23.25,-19.69,-24.0,-29.75,-27.52,-30.53,-31.83,-22.0,-7.0,-33.62,-14.22,-15.69,-19.14,-35.0,-24.25,-9.85,-19.62,-13.33,-37.5,-31.4,-16.8,-31.17,-27.75,-28.47,-18.98,-26.33,-34.8,-30.72,-17.98,-16.28,-27.78,-26.34,-25.5,0.0,-9.31,-38.28,-26.56,-8.586,-18.56,-24.08,-29.0,0.0,-35.4,-17.2
296,-9.99,-20.66,-18.69,-14.21,-21.83,-20.02,-7.438,-13.0,-25.33,0.0,-11.47,-15.26,-24.06,-17.08,-10.1,-10.8,-11.484,-18.25,-12.75,-29.28,-20.0,-10.61,-9.68,-24.98,-16.7,-25.25,-19.47,-8.336,-13.68,-26.2,-16.92,-19.4,-17.5,-18.14,-15.0,-4.332,-17.56,-15.445,-16.9,-15.0,-28.33,0.0,0.0,-12.97,0.0,-16.17,-22.55,-7.074,-19.78,-23.14,-7.688,0.0,-19.36,-14.29,-7.7,-17.25,-27.45,-17.86,-26.06,-12.38,-1.0,-26.4,-13.85,-18.4,-19.1,-26.4,-17.75,-14.07,-2.0,-7.074,-26.27,-22.2,-15.6,-14.0,-17.52,-15.914,-14.984,-22.33,-11.89,-17.23,-4.15,-6.332,-9.51,-13.414,-12.11,0.0,-7.273,-15.14,-27.23,-6.5,-17.39,-18.4,-27.0,0.0,-18.5,-13.6
297,-32.8,-50.25,-35.4,-50.78,-30.33,-49.88,-38.47,-43.0,-44.34,0.0,-18.94,-19.3,-56.44,-21.72,-52.28,-29.17,-20.69,-44.62,-58.94,-75.4,-48.94,-33.56,-43.72,-67.44,-45.62,-56.0,-56.94,-24.67,-21.84,-58.5,-37.34,-53.0,-29.78,-34.9,-41.2,-40.0,-42.2,-43.88,-50.9,-29.17,-60.75,0.0,0.0,-52.8,0.0,-48.78,-44.16,-57.3,-46.75,-62.1,-17.03,0.0,-54.3,-37.28,-42.12,-75.25,-67.7,-49.28,-76.2,-48.94,-20.5,-60.28,-36.0,-35.6,-48.97,-78.75,-49.03,-53.88,-21.92,-21.22,-50.2,-67.2,-52.0,-48.34,-38.44,-41.97,-40.0,-37.66,-35.84,-64.1,-31.06,-26.81,-39.6,-26.25,-29.05,0.0,-19.25,-67.0,-82.75,-22.36,-46.9,-62.94,-54.0,0.0,-59.5,-59.94
298,-9.98,-20.56,-13.734,-20.08,-11.664,-22.8,-18.5,-37.5,-19.67,0.0,-6.8,-16.23,-14.48,-22.31,-36.84,-13.22,-3.688,-19.17,-33.38,-32.5,-29.67,-10.414,-18.0,-26.62,-23.27,-29.0,-16.94,-10.664,-11.8,-34.0,-26.81,-17.25,-17.45,-21.11,-16.2,-12.164,-17.42,-28.83,-26.08,-18.83,-25.33,0.0,0.0,-24.98,0.0,-20.98,-17.6,-19.0,-16.75,-26.38,-15.266,0.0,-16.81,-16.25,-19.88,-21.25,-23.58,-19.31,-30.58,-17.55,-11.5,-24.62,-21.61,-19.75,-30.02,-30.05,-17.17,-22.72,-20.25,-9.02,-18.55,-26.0,-20.8,-28.67,-26.31,-11.79,-10.47,-21.67,-24.95,-28.7,-6.95,-12.45,-12.8,-20.9,-18.78,0.0,-11.88,-25.0,-33.6,-12.4,-15.836,-16.03,-44.0,0.0,-17.0,-19.94
299,-12.85,-45.78,-21.03,-19.34,-37.16,-54.25,-25.72,-32.94,-46.34,0.0,-18.08,-25.02,-50.25,-23.5,-28.2,-27.52,-27.75,-26.52,-46.72,-46.0,-50.25,-21.98,-25.56,-55.53,-42.1,-31.5,-27.42,-15.89,-24.33,-44.0,-40.06,-37.84,-47.94,-29.08,-27.0,-23.0,-33.0,-36.62,-48.84,-34.0,-32.5,0.0,0.0,-30.62,0.0,-38.75,-23.84,-30.55,-21.19,-53.38,-12.1,0.0,-32.78,-25.44,-22.17,-41.5,-37.47,-41.25,-28.06,-31.52,-35.0,-49.2,-36.66,-39.3,-49.2,-38.44,-29.1,-20.7,-28.4,-22.34,-34.06,-55.0,-15.4,-51.66,-28.64,-34.34,-26.1,-26.0,-41.5,-45.47,-23.12,-21.17,-25.62,-40.97,-24.55,0.0,-18.81,-37.0,-51.4,-9.414,-48.5,-44.2,-55.0,0.0,-22.5,-30.08
300,-15.75,-53.22,-33.16,-43.1,-48.66,-64.1,-65.0,-75.8,-46.34,0.0,-25.84,-37.12,-51.28,-29.97,-45.06,-30.14,-29.58,-28.95,-66.8,-69.4,-54.72,-51.28,-24.67,-52.03,-72.06,-46.75,-53.34,-12.445,-20.22,-81.0,-57.4,-65.2,-54.84,-39.38,-46.0,-24.67,-44.8,-42.94,-49.06,-41.5,-57.66,0.0,0.0,-48.2,0.0,-65.75,-33.0,-25.75,-47.8,-69.0,-16.3,0.0,-32.0,-37.6,-41.5,-77.25,-71.44,-61.25,-45.03,-34.8,-64.0,-70.0,-27.11,-36.9,-51.84,-55.16,-45.8,-30.72,-26.5,-30.86,-60.06,-67.2,-49.4,-54.16,-39.47,-30.73,-35.47,-46.66,-49.9,-64.8,-13.22,-30.55,-45.53,-47.84,-38.12,0.0,-20.25,-54.28,-46.1,-47.28,-46.1,-57.66,-98.0,0.0,-40.16,-52.4
301,-15.6,-30.56,-34.12,-40.5,-29.0,-53.44,-33.88,-38.4,-39.0,0.0,-12.75,-32.75,-40.53,-12.125,-49.94,-22.62,-20.22,-17.7,-47.3,-45.62,-36.2,-11.71,-33.66,-49.22,-42.88,-43.75,-34.0,-7.0,-10.086,-45.6,-30.33,-31.14,-37.78,-39.84,-29.6,-18.17,-39.44,-41.97,-40.62,-12.336,-30.8,0.0,0.0,-40.25,0.0,-37.53,-46.3,-19.25,-17.45,-47.9,-14.05,0.0,-31.94,-29.97,-27.0,-45.5,-25.3,-22.89,-33.28,-26.22,-17.5,-36.6,-18.97,-20.6,-41.84,-45.66,-42.94,-38.03,-39.8,-20.0,-37.03,-51.8,-29.4,-32.0,-15.23,-29.44,-15.45,-39.34,-36.78,-42.72,-23.02,-16.92,-29.2,-29.94,-23.4,0.0,-17.14,-42.16,-46.56,-16.08,-47.4,-40.72,-50.0,0.0,-29.0,-52.1
302,-28.92,-50.5,-49.9,-56.28,-42.66,-62.66,-41.5,-57.25,-70.0,0.0,-30.27,-21.55,-51.0,-53.0,-56.4,-25.53,-55.06,-54.06,-69.4,-97.6,-68.4,-62.53,-65.7,-98.75,-44.38,-59.5,-85.3,-35.0,-35.3,-68.0,-73.1,-63.66,-57.3,-31.75,-29.8,-35.0,-42.28,-53.2,-73.75,-67.5,-61.16,0.0,0.0,-59.16,0.0,-48.53,-45.94,-34.1,-38.28,-75.44,-69.4,0.0,-27.12,-37.75,-53.0,-64.4,-71.6,-71.7,-32.47,-49.53,-53.5,-58.94,-41.56,-16.53,-67.1,-73.94,-56.03,-47.16,-29.75,-28.28,-82.7,-73.4,-45.2,-49.0,-41.8,-44.4,-39.28,-86.7,-56.28,-74.4,-40.4,-16.17,-54.38,-67.06,-44.72,0.0,-27.12,-71.3,-82.2,-29.33,-48.66,-50.94,-35.0,0.0,-50.0,-60.66
303,-1.063,-7.227,-6.86,-5.457,-10.5,-7.03,-8.19,-4.5,-8.0,0.0,-3.432,-8.96,-8.9,-6.25,-14.08,-4.13,-8.23,-3.525,-9.5,-9.85,-9.15,-10.5,-9.6,-13.34,-12.164,-10.25,-9.25,-6.777,-1.816,-11.0,-9.734,-5.0,-6.75,-5.27,-6.6,-3.666,-6.59,-8.875,-10.67,-7.168,-9.0,0.0,0.0,-6.24,0.0,-8.6,-7.34,-2.875,-8.875,-11.92,-5.0,0.0,-7.49,-4.918,-2.5,-10.6,-7.8,-9.0,-10.57,-4.594,-6.0,-15.75,-2.967,-0.74,-7.832,-7.65,-9.1,-4.574,-1.625,-3.887,-10.06,-13.8,-4.8,-9.0,-7.727,-5.223,-7.72,-9.0,-10.68,-12.06,-1.355,-1.733,-4.2,-5.168,-7.4,0.0,-3.969,-7.43,-6.168,-6.418,-7.73,-8.766,-9.0,0.0,-4.0,-12.57
304,-25.92,-58.88,-30.05,-24.23,-32.66,-76.6,-35.8,-86.0,-58.66,0.0,-29.72,-35.44,-66.9,-52.0,-57.97,-26.61,-48.03,-24.53,-61.75,-87.56,-55.7,-46.44,-24.83,-84.0,-54.12,-86.25,-69.25,-21.67,-19.0,-85.0,-49.7,-67.0,-58.8,-44.6,-29.4,-24.06,-53.7,-62.75,-70.3,-25.0,-84.75,0.0,0.0,-38.94,0.0,-49.3,-39.53,-30.0,-49.25,-77.3,-38.56,0.0,-38.72,-49.72,-53.88,-54.2,-75.2,-54.78,-50.72,-48.94,-64.5,-69.5,-44.12,-45.1,-56.16,-78.56,-60.47,-58.66,-23.84,-9.2,-54.72,-68.6,-50.0,-63.66,-53.44,-39.9,-49.7,-60.66,-65.3,-91.06,-30.14,-12.85,-28.4,-70.4,-47.9,0.0,-20.25,-63.0,-84.9,-15.414,-66.25,-41.62,-107.0,0.0,-35.5,-69.0
305,-3.61,-8.95,-10.2,-3.357,-6.0,-8.19,-4.664,-4.5,-7.668,0.0,-5.676,-4.33,-4.6,-3.762,-9.31,-3.457,-7.8,-3.676,-11.17,-16.42,-8.66,-4.617,-8.47,-13.555,-12.25,-7.75,-7.75,-3.223,-6.035,0.0,-8.92,-10.47,-6.773,-5.07,-7.8,-4.332,-8.336,-10.27,-4.023,-7.832,-9.88,0.0,0.0,-4.55,0.0,-4.11,-5.54,-10.4,-5.477,-11.33,-4.875,0.0,-9.44,-5.55,-7.7,-10.8,-8.15,-5.5,-9.5,-5.49,-7.5,-6.9,-4.81,-3.96,-3.934,-14.1,-6.93,-1.767,-2.05,-5.25,-8.0,-13.0,-6.8,-8.5,-9.695,-1.043,-5.773,-10.336,-6.22,-8.75,-2.54,-2.205,-4.22,-6.082,-3.756,0.0,-3.6,-6.145,-13.0,-6.832,-10.57,-9.3,-13.0,0.0,-5.668,-6.734
306,-4.74,-13.68,-7.047,-8.31,-3.334,-8.5,-13.25,-17.5,-19.67,0.0,-3.25,-9.6,-18.94,-9.266,-16.62,-1.929,-3.55,-9.914,-18.05,-14.95,-13.88,-10.39,-8.664,-19.14,-20.5,-14.0,-13.336,-3.334,-4.035,0.0,-12.88,-13.086,-10.27,-13.44,-10.6,-8.0,-15.13,-13.266,-11.234,-13.164,-20.5,0.0,0.0,-12.27,0.0,-9.96,-10.42,-13.77,-10.25,-13.65,-8.52,0.0,-16.2,-7.926,-6.2,-9.8,-13.625,-11.2,-16.02,-10.15,-3.0,-16.03,-7.426,-10.69,-13.07,-23.47,-14.22,-8.29,-12.125,-4.4,-13.375,-18.8,-11.6,-16.0,-9.89,-15.33,-6.76,-19.0,-15.51,-16.12,-5.637,-4.816,-7.23,-11.95,-5.71,0.0,-5.902,-13.71,-20.58,-4.5,-13.86,-14.19,-14.0,0.0,-8.664,-11.43
307,-82.2,-152.2,-96.75,-102.6,-118.3,-180.6,-123.1,-196.5,-127.7,0.0,-65.9,-78.06,-126.25,-95.2,-132.8,-58.75,-129.4,-82.06,-199.2,-185.2,-136.2,-73.44,-156.4,-196.1,-141.1,-188.2,-128.1,-33.22,-82.25,0.0,-123.94,-136.1,-117.75,-114.56,-77.0,-92.3,-154.4,-108.44,-141.5,-107.5,-155.9,0.0,0.0,-167.4,0.0,-139.4,-163.0,-97.0,-150.5,-164.1,-145.4,0.0,-79.3,-90.9,-164.5,-128.4,-170.1,-145.1,-127.0,-97.5,-54.5,-197.4,-102.25,-92.06,-211.4,-183.4,-119.56,-130.4,-15.75,-83.2,-155.5,-195.0,-61.0,-175.5,-72.1,-97.25,-78.1,-149.6,-160.5,-140.2,-49.28,-72.0,-73.2,-141.9,-106.1,0.0,-65.1,-126.6,-158.6,-119.94,-154.1,-183.0,-139.0,0.0,-129.9,-146.0
308,-47.0,-105.3,-89.06,-76.9,-82.8,-63.1,-112.0,-203.5,-136.0,0.0,-31.28,-104.06,-129.9,-72.75,-137.8,-65.56,-32.2,-121.06,-153.2,-195.8,-153.5,-64.75,-76.7,-128.0,-88.94,-159.2,-97.4,-42.44,-91.06,0.0,-94.8,-152.0,-92.25,-57.16,-62.5,-68.0,-85.06,-132.4,-109.06,-107.5,-59.12,0.0,0.0,-155.9,0.0,-114.25,-132.2,-114.0,-108.4,-141.6,-50.38,0.0,-105.1,-110.0,-73.44,-104.2,-130.1,-102.8,-75.7,-59.53,-77.5,-142.5,-91.8,-56.9,-136.6,-119.1,-107.2,-107.44,-36.7,-48.47,-99.25,-178.4,-90.4,-148.4,-102.3,-75.4,-55.44,-120.7,-110.3,-114.25,-36.3,-72.44,-87.75,-58.94,-82.9,0.0,-54.75,-105.5,-142.2,-48.12,-99.9,-96.75,-114.0,0.0,-61.0,-90.3
309,-36.75,-84.25,-80.2,-61.38,-78.7,-87.4,-68.4,-27.2,-118.7,0.0,-56.06,-110.1,-125.75,-98.0,-111.4,-59.62,-36.0,-123.25,-152.4,-101.94,-105.75,-66.56,-65.6,-135.2,-101.8,-81.25,-97.3,-45.66,-74.8,0.0,-103.5,-78.3,-57.66,-77.44,-43.5,-45.66,-66.56,-103.2,-75.56,-57.0,-140.2,0.0,0.0,-101.25,0.0,-98.75,-57.72,-46.5,-103.75,-123.75,-86.5,0.0,-60.06,-52.94,-107.25,-114.2,-103.8,-116.25,-104.0,-79.4,-77.0,-135.9,-45.66,-52.38,-91.2,-114.2,-92.7,-74.7,-76.5,-35.44,-93.5,-131.0,-77.0,-121.7,-87.44,-54.88,-69.56,-45.34,-85.5,-115.6,-37.72,-41.6,-66.94,-44.34,-50.88,0.0,-52.66,-114.6,-130.8,-38.72,-113.4,-83.3,-99.0,0.0,-49.66,-121.1
310,-54.56,-166.5,-100.8,-158.4,-118.8,-164.1,-102.5,-216.0,-178.6,0.0,-77.7,-151.4,-178.0,-78.06,-219.5,-93.0,-77.8,-184.5,-266.8,-198.1,-134.5,-134.1,-188.0,-189.2,-216.1,-181.8,-108.5,-67.0,-87.5,0.0,-207.2,-110.6,-154.6,-170.5,-95.75,-114.7,-127.06,-167.2,-194.9,-139.1,-169.4,0.0,0.0,-246.0,0.0,-178.0,-161.0,-85.5,-108.0,-260.2,-106.56,0.0,-155.5,-142.5,-213.2,-157.8,-165.6,-132.1,-173.5,-58.3,14.5,-233.2,-57.8,-85.06,-283.8,-257.5,-232.1,-120.25,-117.4,-86.3,-199.0,-179.0,-158.0,-183.6,-108.4,-116.75,-124.75,-226.4,-186.8,-211.1,-41.16,-90.3,-170.8,-128.9,-106.25,0.0,-79.94,-206.2,-228.4,-63.7,-159.8,-168.5,-251.0,0.0,-176.1,-114.94
311,-10.63,-18.06,-8.945,-12.84,-9.336,-19.0,-12.0,-20.25,-16.33,0.0,-9.02,-14.94,-19.94,-12.81,-25.14,-9.38,-11.27,-9.836,-22.56,-20.5,-20.56,-13.3,-23.47,-16.03,-20.33,-19.0,-21.83,-8.336,-11.83,0.0,-21.67,-22.67,-20.84,-12.38,-14.25,-8.0,-14.21,-19.03,-18.36,-14.0,-15.914,0.0,0.0,-17.7,0.0,-19.9,-5.45,-21.0,-20.2,-16.6,-11.69,0.0,-13.94,-12.67,-13.0,-13.2,-19.06,-19.84,-16.83,-15.61,-10.5,-23.67,-9.5,-14.4,-17.6,-21.11,-19.5,-11.83,2.6,-13.45,-23.83,-20.6,-19.4,-16.0,-5.75,-14.43,-12.23,-21.33,-11.88,-23.23,-7.656,-10.16,-16.7,-14.6,-10.34,0.0,-9.39,-19.62,-25.27,-8.97,-22.0,-14.97,-35.0,0.0,-11.164,-24.08
312,-19.16,-70.44,-39.7,-50.2,-60.22,-69.44,-45.34,-38.0,-67.7,0.0,-20.34,-39.12,-67.94,-46.25,-66.0,-36.28,-21.48,-26.08,-78.0,-59.44,-76.56,-51.6,-28.33,-105.3,-98.7,-47.5,-41.2,-29.33,-18.47,0.0,-62.28,-34.66,-35.53,-72.8,-42.5,-38.0,-56.72,-64.0,-31.77,-42.0,-81.7,0.0,0.0,-49.22,0.0,-57.72,-32.28,-30.0,-68.4,-61.2,-55.66,0.0,-51.75,-38.47,-50.5,-81.4,-80.6,-58.62,-52.6,-26.64,-41.5,-76.9,-38.5,-54.7,-59.94,-74.6,-50.25,-39.66,-26.12,-49.16,-50.62,-90.0,-53.8,-52.84,-47.03,-51.44,-23.89,-51.0,-60.56,-82.5,-21.3,-21.69,-58.06,-46.44,-48.72,0.0,-33.44,-73.4,-105.0,-22.33,-58.78,-67.8,-64.0,0.0,-60.0,-78.94
313,-18.52,-50.2,-46.5,-43.28,-30.67,-68.4,-33.06,-57.0,-61.66,0.0,-20.27,-39.47,-27.39,-37.1,-42.38,-31.1,-13.48,-1.9375,-62.53,-61.38,-53.7,-25.14,-35.66,-60.25,-50.22,-63.5,-33.5,-22.33,-28.73,0.0,-41.4,-67.3,-49.5,-11.5,-29.0,-26.14,-48.47,-38.5,-63.47,-35.66,-72.0,0.0,0.0,-65.75,0.0,-30.14,-33.5,-25.72,-36.16,-47.88,-34.8,0.0,-41.06,-26.61,-20.55,-50.4,-69.75,-42.56,-74.0,-32.9,-39.0,-60.9,-63.12,-14.3,-24.98,-75.4,-48.75,-10.664,-29.5,-21.8,-54.75,-49.0,-30.2,-34.84,-39.1,-41.03,-40.88,-84.0,-74.5,-56.7,-18.27,-17.17,-39.7,-30.53,-26.64,0.0,-22.06,-52.5,-40.16,1.583,-49.66,-45.88,-49.0,0.0,-33.0,-38.1
314,-4.41,-21.25,-14.52,-16.83,-8.836,-21.11,-19.5,-15.5,-11.664,0.0,-4.9,-11.34,-16.66,-5.875,-18.64,-9.04,-17.94,-17.6,-27.14,-21.75,-15.54,-12.85,-15.25,-24.78,-16.67,-28.0,-13.65,-7.445,-7.582,0.0,-18.12,-15.1,-14.0,-11.086,-10.0,-11.0,-13.72,-16.27,-22.28,-10.0,-15.0,0.0,0.0,-11.02,0.0,-21.9,-13.36,-10.2,-15.33,-20.22,-3.363,0.0,-19.45,-12.234,-20.5,-20.6,-19.8,-20.6,-15.336,-11.08,-15.0,-30.25,-15.13,-10.99,-20.77,-24.06,-15.11,-10.67,-7.574,-10.3,-20.25,-27.0,-17.4,-21.67,-11.1,-11.625,-7.727,-14.336,-27.38,-22.66,-7.78,-9.35,-6.12,-17.25,-14.31,0.0,-8.75,-12.25,-24.14,-8.37,-12.3,-16.89,-19.0,0.0,-16.17,-19.84
315,-0.6045,-4.426,-3.455,-0.907,-2.334,-3.8,-2.75,-3.0,-7.668,0.0,-0.0875,-1.08,-4.74,-4.438,-2.39,-1.429,-4.25,-3.3,-4.375,-6.3,-3.408,-2.441,-3.0,-6.0,-3.334,-3.75,-5.918,-0.2222,-0.85,0.0,-3.592,-2.75,-5.035,-2.4,-3.25,0.0,-1.358,-4.43,-3.338,-3.0,-5.0,0.0,0.0,-3.29,0.0,-2.05,-2.02,-2.375,-3.176,-4.65,-0.8374,0.0,-5.625,-2.531,-4.0,-4.5,-2.488,-4.45,-4.383,-2.193,1.0,-6.5,-2.324,-1.17,-1.884,-5.582,-3.375,-1.583,0.4,-0.7314,-3.574,-5.2,-2.0,-2.5,-1.733,0.1571,-1.638,-3.0,-3.66,-5.21,-0.16,-0.6455,-2.7,-3.434,-2.75,0.0,-1.307,-4.875,-6.582,1.017,-5.67,-3.236,-2.0,0.0,-2.5,-2.3
316,-12.02,-30.06,-39.28,-19.14,-26.17,-34.6,-39.25,-37.0,-33.34,0.0,-7.145,-19.81,-28.34,-29.78,-41.88,-18.86,-34.03,-25.86,-30.06,-61.66,-48.25,-23.67,-29.0,-41.84,-44.0,-33.75,-41.06,-12.22,-21.6,0.0,-41.34,-29.88,-33.16,-24.72,-24.0,-18.0,-14.18,-30.81,-44.94,-43.0,-44.5,0.0,0.0,-31.88,0.0,-36.12,-37.1,-48.0,-26.9,-36.5,-18.75,0.0,-36.56,-23.31,-17.25,-35.75,-28.86,-31.58,-24.3,-25.56,-19.0,-43.0,-29.4,-21.84,-32.3,-42.2,-27.2,-20.23,-26.12,-17.4,-38.72,-34.0,-35.6,-36.66,-28.03,-23.05,-27.16,-27.75,-40.5,-37.5,-14.95,-18.5,-11.33,-27.31,-15.8,0.0,-14.97,-47.5,-51.66,-24.17,-36.22,-29.52,-48.0,0.0,-22.83,-44.3
317,-8.945,-46.66,-32.75,-29.5,-17.83,-77.6,-37.75,-43.0,-75.3,0.0,-38.38,-52.53,-58.03,-18.83,-58.34,-20.38,-29.12,-63.28,-81.94,-95.25,-63.6,-34.75,-48.88,-54.06,-72.5,-58.0,-74.5,-12.2,-24.27,0.0,-56.75,-46.2,-47.75,-23.94,-28.75,-0.5713,-28.69,-52.34,-39.5,-31.33,-29.05,0.0,0.0,-49.38,0.0,-53.8,-42.34,-52.78,-46.06,-94.3,-51.84,0.0,-58.25,-40.03,-12.6,-75.75,-35.06,-62.22,-35.3,-38.1,-43.0,-79.5,-37.38,-57.03,-82.3,-53.6,-38.0,-42.75,-18.88,-10.64,-68.2,-54.0,-25.6,-43.0,-36.72,-39.7,-33.06,-61.0,-84.9,-51.25,-18.03,-29.9,-27.48,-36.47,-28.27,0.0,-20.48,-58.25,-69.06,-38.75,-40.88,-61.22,-76.0,0.0,-36.34,-52.9
318,-7.555,-11.85,-10.836,-9.945,-15.836,-16.56,-7.05,-13.25,-17.67,0.0,-7.35,-12.1,-16.88,-6.25,-13.31,-8.19,-10.81,-9.766,-15.25,-19.0,-9.266,-9.305,-4.668,-16.61,-19.47,-19.5,-11.336,-6.2,-3.926,0.0,-13.35,-14.02,-12.42,-11.02,-10.25,-6.285,-14.375,-9.02,-10.516,-9.5,-14.0,0.0,0.0,-16.55,0.0,-10.28,-6.17,-9.125,-9.33,-16.81,-0.2375,0.0,-11.875,-11.05,-14.0,-12.0,-13.08,-9.98,-18.8,-9.45,-9.0,-18.8,-15.83,-5.16,-19.48,-18.34,-9.695,-8.14,-9.27,-8.21,-11.19,-12.8,-10.2,-17.67,-8.68,-6.914,-8.414,-9.0,-11.36,-19.94,-4.453,-6.17,-6.89,-12.836,-9.2,0.0,-6.574,-11.75,-17.81,-7.168,-14.625,-13.88,-26.0,0.0,-14.164,-10.0
319,-24.88,-68.1,-49.9,-43.94,-36.0,-65.3,-44.06,-38.5,-64.0,0.0,-14.53,-48.5,-71.2,-41.9,-55.16,-23.64,-40.88,-35.6,-58.62,-97.6,-90.75,-52.3,-34.06,-78.3,-63.16,-57.6,-79.9,-22.4,-53.34,0.0,-58.25,-73.0,-51.8,-32.1,-38.0,-30.58,-57.94,-55.5,-64.56,-42.5,-45.0,0.0,0.0,-45.06,0.0,-70.75,-15.6,-54.88,-53.66,-83.94,-33.53,0.0,-65.4,-45.53,-44.5,-97.0,-48.94,-79.44,-86.75,-31.94,-35.0,-100.1,-44.16,-44.12,-96.8,-88.94,-62.8,-38.9,22.12,-39.25,-52.16,-90.0,-18.0,-59.66,-55.7,-65.25,-22.42,-46.34,-62.72,-57.75,-34.22,-23.6,-33.8,-59.6,-26.72,0.0,-28.06,-78.4,-81.75,-30.19,-70.8,-69.7,-116.0,0.0,-23.83,-58.6
320,-4.69,-12.305,-9.27,-4.336,-5.715,-13.85,-3.9,-13.25,-9.0,0.0,-5.6,-12.07,-10.55,-7.188,-11.54,-6.43,-9.11,-3.35,-17.31,-24.19,-10.984,-11.38,-13.47,-18.11,-18.5,-12.25,-13.414,-8.0,-4.39,0.0,-15.086,-15.73,-13.23,-8.445,-12.25,-7.145,-10.6,-10.414,-14.61,-8.336,-15.0,0.0,0.0,-9.61,0.0,-14.47,-10.79,-9.92,-12.89,-13.164,-5.875,0.0,-13.44,-9.29,-24.5,-15.75,-16.62,-13.76,-13.7,-11.12,-6.0,-21.12,-5.79,-11.66,-11.97,-22.83,-10.36,-7.957,-0.275,-3.77,-16.44,-16.4,-10.6,-10.164,-14.305,-12.2,-6.477,-12.336,-13.52,-15.14,-4.73,-6.84,-12.81,-7.766,-8.2,0.0,-5.312,-14.25,-18.33,-8.25,-15.83,-13.06,-26.0,0.0,-11.336,-14.234
321,-29.9,-50.66,-39.72,-42.28,-41.84,-42.53,-46.25,-106.0,-63.5,0.0,-13.05,-36.62,-60.25,-19.36,-35.12,-21.23,-37.4,-33.0,-56.97,-58.88,-56.44,-32.06,-17.75,-59.9,-50.44,-34.25,-60.7,-27.0,-14.79,0.0,-34.84,-52.16,-47.34,-42.78,-42.5,-11.71,-49.3,-45.75,-61.16,-49.5,-22.38,0.0,0.0,-59.53,0.0,-67.0,-25.69,-42.1,-26.22,-53.16,-30.38,0.0,-29.6,-39.3,-30.12,-56.25,-37.0,-55.84,-47.0,-33.3,-33.5,-74.9,-47.66,-29.7,-33.0,-67.4,-63.16,-23.36,-18.75,-23.4,-41.34,-65.0,-34.2,-32.34,-21.92,-28.08,-24.88,-48.66,-56.12,-76.9,-12.195,-22.72,-32.7,-46.1,-41.84,0.0,-19.03,-45.25,-86.9,-24.98,-56.8,-55.16,-49.0,0.0,-37.5,-63.7
322,-76.9,-135.0,-91.94,-71.44,-66.1,-137.6,-116.25,-174.0,-86.5,0.0,-73.0,-87.06,-123.44,-85.9,-136.2,-59.34,-103.44,-85.4,-126.06,-118.8,-107.56,-83.0,-131.5,-156.8,-110.8,-111.5,-94.06,-64.0,-81.2,0.0,-125.8,-109.06,-106.25,-111.06,-73.75,-45.44,-95.0,-116.8,-137.2,-114.2,-126.25,0.0,0.0,-172.2,0.0,-134.6,-91.8,-80.75,-86.2,-162.4,-79.06,0.0,-78.9,-103.06,-111.5,-174.5,-135.9,-107.56,-63.8,-90.2,-66.5,-163.4,-110.56,-140.5,-204.4,-163.1,-111.25,-98.2,-36.2,-77.7,-113.4,-144.0,-89.4,-150.1,-107.3,-68.0,-91.8,-105.0,-132.2,-143.4,-57.47,-66.1,-107.44,-106.1,-58.4,0.0,-56.4,-139.6,-125.8,-25.9,-118.06,-119.3,-174.0,0.0,-102.8,-91.44
323,-16.34,-57.62,-31.56,-35.75,-30.0,-58.06,-55.38,-21.0,-54.0,0.0,-19.72,-46.44,-29.47,-28.83,-49.84,-37.22,-17.62,-21.45,-57.8,-75.0,-52.7,-43.03,-31.5,-77.56,-86.0,-68.5,-66.8,-18.8,-31.1,0.0,-42.72,-68.25,-46.3,-18.4,-30.5,-16.28,-40.66,-48.72,-73.06,-38.34,-81.5,0.0,0.0,-49.38,0.0,-54.28,-20.14,-46.1,-55.06,-59.22,-31.52,0.0,-40.5,-34.75,-52.0,-61.75,-62.7,-68.6,-33.1,-40.9,-10.0,-64.8,-50.66,-32.56,-46.44,-71.75,-42.94,-40.06,-21.8,-35.0,-76.2,-58.4,-43.0,-72.3,-35.12,-33.0,-35.56,-70.0,-72.94,-70.44,-16.62,-25.83,-44.56,-50.88,-35.5,0.0,-21.28,-51.62,-74.25,-5.285,-50.25,-40.62,-54.0,0.0,-40.84,-68.0
324,-2.86,-8.45,-7.76,-6.18,-8.14,-9.84,-6.324,-12.5,-11.0,0.0,-5.023,-7.02,-10.484,-9.17,-11.87,-4.895,-7.727,-6.0,-14.3,-13.46,-11.96,-6.117,-4.332,-11.484,-6.668,-7.5,-9.586,-3.8,-6.582,0.0,-10.01,-9.2,-5.273,-6.457,-6.25,-4.285,-7.09,-5.234,-7.2,-6.332,-11.125,0.0,0.0,-8.016,0.0,-8.33,-9.1,-7.25,-4.65,-10.64,-3.338,0.0,-10.266,-6.78,-6.5,-10.0,-8.05,-9.75,-4.25,-4.54,-3.0,-12.42,-6.16,-7.64,-9.9,-10.3,-6.508,-8.32,-4.9,-2.793,-8.11,-9.8,-3.8,-7.832,-5.766,-7.45,-8.41,-9.0,-7.75,-12.01,-3.414,-1.517,-6.383,-6.35,-7.77,0.0,-2.453,-7.125,-13.3,-1.85,-9.6,-11.445,-5.0,0.0,-8.5,-7.688
325,-20.8,-50.1,-33.66,-34.1,-52.56,-67.8,-49.12,-77.0,-50.0,0.0,-35.0,-39.72,-33.84,-42.7,-86.94,-39.0,-48.75,-51.6,-83.1,-88.6,-70.9,-50.38,-33.16,-92.0,-61.44,-75.25,-77.25,-27.6,-28.2,0.0,-49.25,-61.0,-56.16,-45.2,-64.0,-26.86,-49.75,-56.25,-62.53,-65.2,-57.5,0.0,0.0,-40.0,0.0,-61.2,-36.16,-27.5,-37.25,-59.6,-34.47,0.0,-50.56,-38.66,-27.6,-24.0,-67.44,-55.12,-81.9,-42.3,-10.0,-80.25,-46.28,-32.4,-78.2,-53.8,-80.3,-65.56,-6.05,-32.7,-58.16,-84.8,-39.0,-53.66,-46.8,-59.25,-34.2,-32.66,-34.0,-88.6,-16.66,-26.55,-54.66,-43.38,-76.2,0.0,-25.22,-54.12,-53.6,-30.66,-66.5,-67.06,-116.0,0.0,-52.66,-57.84
326,-15.984,-53.44,-36.47,-46.53,-42.28,-47.28,-33.2,5.6,-64.0,0.0,-11.17,-20.05,-56.34,-25.75,-57.75,-16.67,-31.31,-56.72,-64.56,-51.75,-56.53,-29.81,-39.5,-51.06,-77.44,-42.5,-63.97,-27.0,-20.38,0.0,-51.4,-62.56,-53.0,-25.28,-42.0,-21.0,-36.4,-41.4,-48.78,-21.5,-53.5,0.0,0.0,-64.4,0.0,-46.66,-45.25,-45.6,-31.22,-59.44,-50.8,0.0,-36.0,-34.1,-44.75,-41.25,-39.0,-60.06,-87.4,-32.25,-37.5,-62.47,-18.31,-27.72,-53.25,-47.66,-58.34,-37.22,-17.25,-28.81,-50.8,-53.0,-17.4,-51.34,-21.16,-29.28,-29.0,-53.0,-82.44,-67.56,-15.83,-18.5,-20.22,-41.8,-35.4,0.0,-23.98,-39.5,-66.7,-42.6,-45.56,-36.78,-29.0,0.0,-27.17,-39.94
327,-6.45,-21.47,-14.38,-14.586,-14.14,-13.85,-10.81,-10.0,-22.5,0.0,-3.312,-10.33,-22.98,-12.95,-20.5,-6.723,-9.27,-14.164,-23.16,-22.45,-14.43,-21.47,-10.336,-18.9,-18.17,-14.25,-19.64,-7.0,-9.88,0.0,-17.4,-17.88,-22.53,-15.23,-13.75,-7.57,-18.1,-14.06,-11.75,-9.836,-19.75,0.0,0.0,-11.83,0.0,-18.3,-12.15,-14.6,-13.42,-27.77,-14.06,0.0,-14.14,-10.805,-5.25,-22.5,-21.81,-16.5,-20.4,-7.625,-16.0,-22.38,-21.48,-9.25,-14.1,-19.31,-22.6,-13.53,-3.125,-6.105,-12.5,-22.2,-19.8,-13.664,-7.492,-10.375,-16.23,-17.33,-15.46,-21.86,-8.56,-7.777,-5.875,-11.89,-12.234,0.0,-8.516,-20.25,-19.81,-2.666,-21.52,-16.61,-11.0,0.0,-16.5,-15.69
328,-5.04,-14.78,-10.17,-8.94,-10.43,-12.25,-12.83,-8.0,-12.0,0.0,-4.836,-10.47,-15.01,-8.7,-16.2,-2.486,-11.83,-6.5,-15.75,-16.31,-16.08,-7.24,-5.766,-21.8,-10.664,-11.5,-19.69,-5.6,-10.586,0.0,-12.2,-11.35,-11.01,-12.55,-10.75,-4.43,-14.58,-13.96,-16.9,-7.0,-20.9,0.0,0.0,-13.0,0.0,-14.555,-12.65,-6.875,-9.0,-20.0,-1.55,0.0,-12.016,-11.0,-4.125,-12.25,-13.06,-11.37,-14.0,-9.375,-15.5,-16.64,-7.99,-8.08,-11.22,-22.17,-15.164,-14.664,-8.0,-10.44,-16.53,-16.4,-14.2,-15.0,-9.82,-6.32,-6.625,-16.33,-15.4,-20.77,-0.615,-4.055,-10.88,-8.16,-8.3,0.0,-6.324,-19.62,-15.336,-3.732,-11.375,-13.34,-21.0,0.0,-12.664,-14.664
329,-9.27,-24.66,-24.03,-18.12,-12.29,-17.83,-17.19,-2.75,-9.5,0.0,-8.34,-10.23,-20.61,-19.03,-23.3,-11.34,-28.3,-15.03,-27.39,-35.03,-24.31,-13.08,-12.336,-30.08,-26.67,-16.75,-17.75,-12.0,-11.62,0.0,-27.77,-21.19,-23.83,-15.73,-17.0,-9.71,-15.15,-32.56,-19.28,-17.33,-21.0,0.0,0.0,-19.9,0.0,-26.73,-20.16,-15.875,-6.49,-22.42,-15.016,0.0,-13.69,-11.03,-16.5,-24.25,-27.42,-29.92,-10.75,-23.84,-6.5,-33.44,-16.73,-20.27,-20.61,-36.66,-13.01,-26.42,-2.9,-9.77,-22.34,-26.0,-15.2,-22.33,-15.234,-11.516,-16.92,-25.0,-19.23,-27.77,-10.34,-7.445,-14.15,-22.4,-16.02,0.0,-9.01,-19.12,-32.56,-16.92,-20.67,-24.33,-54.0,0.0,-13.5,-25.38
330,-5.918,-15.63,-13.445,-5.56,-11.0,-19.52,-15.56,-40.5,-9.0,0.0,-4.68,-8.805,-16.17,-12.17,-21.72,-7.77,-13.35,-13.336,-21.48,-28.78,-22.8,-19.58,-8.88,-22.05,-18.08,-20.25,-22.3,-6.2,-13.14,0.0,-19.16,-17.33,-13.39,-11.02,-12.0,-9.86,-17.16,-20.1,-18.88,-13.836,-28.7,0.0,0.0,-13.2,0.0,-18.06,-16.7,-19.0,-15.125,-25.4,-19.47,0.0,-13.086,-16.42,-17.5,-18.5,-13.79,-18.55,-29.1,-10.484,-14.5,-26.7,-13.63,-9.91,-19.25,-27.33,-12.336,-21.11,-2.0,-7.586,-17.22,-25.4,-11.0,-23.67,-14.28,-13.69,-8.9,-17.33,-18.11,-23.78,-7.28,-6.58,-10.195,-23.4,-13.51,0.0,-6.973,-18.5,-18.42,0.5,-19.97,-21.38,-19.0,0.0,-10.336,-23.3
331,-46.25,-156.1,-75.1,-118.6,-111.0,-168.6,-107.9,-142.2,-181.0,0.0,-14.336,-91.5,-103.56,-100.94,-152.9,-66.25,-158.1,-49.94,-172.6,-202.8,-133.6,-109.7,-84.3,-207.9,-168.6,-139.8,-168.9,-55.0,-37.22,0.0,-117.2,-141.9,-161.1,-46.0,-97.0,-99.44,-91.8,-152.1,-166.1,-139.5,-143.8,0.0,0.0,-110.25,0.0,-99.3,-106.0,-169.8,-135.6,-160.8,-110.0,0.0,-123.25,-70.1,-97.5,-105.0,-162.9,-149.8,-115.44,-90.44,-125.0,-159.2,-91.06,-117.56,-28.9,-180.9,-99.44,-92.25,-74.1,-80.44,-176.0,-150.2,-89.4,-140.1,-181.1,-100.0,-76.1,-167.4,-135.9,-207.1,-49.34,-51.3,-84.2,-142.0,-79.56,0.0,-64.4,-181.1,-193.6,-59.5,-81.3,-162.8,-307.0,0.0,-148.4,-131.0
332,-23.19,-100.56,-72.5,-76.5,-55.84,-87.8,-75.1,-117.25,-67.0,0.0,-26.05,-64.3,-65.06,-49.2,-85.9,-33.72,-26.11,-57.94,-112.94,-94.2,-95.06,-40.94,-23.42,-87.44,-99.0,-81.5,-60.84,-39.8,-32.1,0.0,-87.8,-71.75,-87.9,-76.56,-109.25,-50.0,-78.6,-85.8,-77.44,-76.3,-95.0,0.0,0.0,-64.5,0.0,-78.4,-59.88,-90.4,-53.2,-115.5,-87.7,0.0,-53.94,-39.75,-43.38,-84.0,-111.7,-65.6,-30.1,-41.28,-91.0,-125.8,-75.56,-70.4,-119.56,-126.3,-93.75,-85.6,28.62,-51.5,-87.8,-104.4,-68.2,-62.0,-68.94,-47.53,-58.28,-83.3,-35.75,-114.0,-21.95,-39.72,-66.75,-33.5,-58.75,0.0,-38.28,-82.1,-106.3,-37.84,-85.3,-90.3,-84.0,0.0,-43.84,-112.75
333,-2.45,-7.324,-7.64,-6.94,-5.57,-5.3,-8.25,-16.0,-9.0,0.0,-1.4375,-4.832,-9.25,-7.8,-12.64,-5.645,-6.023,-4.1,-10.58,-13.2,-7.734,-4.9,-6.668,-10.45,-8.336,-12.25,-8.93,-2.6,-0.967,0.0,-7.168,-5.875,-8.55,-7.44,-5.75,-2.715,-7.7,-7.215,-6.727,-6.5,-7.5,0.0,0.0,-10.664,0.0,-10.47,-4.625,-7.2,-5.312,-13.09,-2.768,0.0,-10.33,-5.426,-7.0,-10.5,-10.7,-7.99,-8.1,-4.676,-8.0,-14.56,-6.12,-3.34,-2.225,-6.668,-5.312,-6.082,-7.125,-6.043,-7.137,-13.0,-5.0,-5.668,-8.516,-5.875,-3.775,-10.0,-10.27,-9.37,-2.875,-1.5205,-4.742,-10.74,-5.617,0.0,-3.605,-8.75,-11.2,0.2,-8.586,-6.023,-9.0,0.0,-7.332,-11.27
334,-42.0,-133.2,-79.9,-97.2,-103.44,-126.9,-105.8,-214.2,-165.0,0.0,-25.56,-71.25,-86.75,-85.1,-98.75,-60.16,-135.4,-92.2,-133.0,-141.9,-105.1,-81.6,-46.16,-139.9,-161.6,-149.0,-116.1,-95.0,-40.56,0.0,-143.4,-124.5,-106.44,-100.06,-89.0,-71.0,-131.6,-118.44,-104.0,-95.2,-119.0,0.0,0.0,-128.0,0.0,-122.25,-104.94,-83.8,-52.25,-146.5,-70.2,0.0,-114.3,-73.3,-97.9,-148.8,-154.8,-141.8,-163.2,-82.7,-48.0,-129.1,-81.4,-68.1,-128.2,-148.9,-107.06,-90.75,-14.75,-89.2,-124.0,-128.6,-99.2,-134.1,-122.5,-69.9,-91.3,-86.7,-157.2,-118.25,-43.25,-58.9,-42.94,-87.25,-68.4,0.0,-59.72,-122.1,-181.8,-39.78,-127.75,-92.6,-167.0,0.0,-95.5,-153.5
335,-47.53,-278.5,-167.5,-103.1,-158.8,-338.2,-291.5,-314.5,-369.5,0.0,-103.5,-158.6,-332.5,-88.2,-322.2,-49.28,-53.25,-109.75,-380.2,-284.5,-345.0,-162.9,-156.6,-260.2,-300.2,-204.6,-292.0,-105.0,-86.2,0.0,-269.5,-370.8,-215.8,-209.6,-132.2,-127.7,-233.8,-177.8,-311.2,-165.5,-219.5,0.0,0.0,-267.8,0.0,-234.1,-223.4,-84.4,-221.8,-381.8,-182.9,0.0,-248.5,-215.1,-268.2,-343.5,-423.0,-197.1,-280.0,-177.9,-156.0,-337.5,-240.0,-172.9,-182.5,-422.0,-187.4,-263.8,-91.75,-133.2,-300.5,-391.2,-222.6,-353.2,-186.1,-147.8,-136.2,-224.0,-242.0,-336.8,-146.8,-58.06,-248.1,-305.2,-147.9,0.0,-106.0,-288.0,-406.2,-83.94,-298.0,-244.5,-158.0,0.0,-240.4,-291.0
336,-0.7456,-4.887,-3.186,-2.15,-2.285,-3.25,-3.0,0.25,-3.5,0.0,-1.519,-0.675,-2.342,-3.287,-2.87,-2.572,-1.8125,-2.133,-4.117,-3.8,-4.8,-1.68,-1.0,-6.477,-5.332,-6.332,-6.184,0.0,-0.325,0.0,-5.258,-1.75,-3.217,-2.15,-1.75,-1.714,-4.46,-2.486,-1.862,-3.166,-4.5,0.0,0.0,-5.824,0.0,-4.293,-2.324,-4.2,-2.9,-4.4,-0.25,0.0,-5.2,-0.9624,-4.5,-3.75,-4.875,-3.5,-2.5,-2.738,-1.5,-5.01,-3.2,-1.8,-1.6,-5.184,-4.1,-1.283,-2.6,-1.244,-3.988,-6.8,-3.2,-3.0,-3.209,-2.562,-1.65,-4.0,-3.438,-4.38,-0.94,-1.059,-2.566,-1.78,-2.87,0.0,-1.432,-5.0,-5.184,-1.9,-4.113,-3.994,-4.0,0.0,-2.834,-5.676
337,-59.28,-113.94,-80.4,-89.8,-70.56,-91.1,-112.9,-169.8,-113.5,0.0,-32.84,-61.88,-134.1,-92.94,-125.44,-49.7,-40.47,-72.94,-122.8,-121.06,-100.0,-64.06,-71.44,-157.1,-95.1,-132.0,-114.9,-62.0,-30.25,0.0,-130.4,-105.4,-105.2,-94.2,-67.75,-32.0,-95.4,-83.2,-87.0,-81.8,-134.5,0.0,0.0,-123.94,0.0,-106.5,-61.2,-28.38,-82.56,-118.75,-57.47,0.0,-114.94,-86.9,-113.5,-109.0,-73.1,-93.9,-111.9,-53.03,-41.5,-126.5,-77.06,-61.06,-90.9,-89.0,-88.7,-75.9,-9.5,-51.78,-134.8,-112.4,-53.8,-132.6,-100.5,-68.0,-70.94,-92.7,-88.9,-99.8,-36.75,-40.56,-83.94,-40.4,-91.1,0.0,-50.16,-91.9,-143.9,-1.8,-114.5,-101.44,-146.0,0.0,-73.7,-133.0
338,-10.42,-32.5,-21.02,-22.98,-23.58,-37.72,-21.25,-27.0,-33.5,0.0,-9.03,-26.23,-26.77,-20.3,-35.72,-18.27,-11.98,-24.6,-45.84,-34.25,-32.56,-23.62,-30.33,-62.8,-23.67,-22.33,-33.9,-10.2,-23.58,0.0,-35.1,-31.62,-27.33,-24.95,-26.25,-8.0,-33.94,-24.72,-34.3,-20.33,-52.25,0.0,0.0,-41.94,0.0,-36.72,-26.36,-38.44,-13.766,-40.75,-18.44,0.0,-21.19,-17.97,-42.12,-21.75,-34.5,-23.81,-39.6,-16.98,-20.5,-24.55,-40.88,-25.98,-12.25,-61.34,-39.62,-22.16,-21.9,-8.81,-37.84,-39.6,-24.0,-38.5,-35.22,-34.22,-16.95,-35.34,-40.0,-37.72,-14.23,-9.164,-26.55,-24.81,-28.92,0.0,-11.97,-29.62,-35.06,-8.266,-25.56,-29.56,-34.0,0.0,-30.5,-38.1
339,-14.984,-22.53,-18.02,-20.38,-22.42,-21.1,-24.25,-40.0,-28.5,0.0,-11.516,-24.17,-31.89,-29.66,-25.69,-14.21,-27.97,-17.94,-30.27,-32.16,-41.94,-9.88,-27.0,-30.6,-22.08,-33.0,-10.164,-12.2,-12.055,0.0,-28.75,-38.0,-26.11,-18.92,-18.75,-15.29,-17.97,-33.38,-38.44,-23.17,-43.8,0.0,0.0,-17.06,0.0,-36.53,-13.484,-5.125,-29.53,-32.56,-16.8,0.0,-21.89,-28.7,-23.75,-22.25,-22.97,-25.25,-24.5,-22.45,-8.0,-47.25,-20.8,-16.66,-29.5,-38.22,-29.36,-22.78,-9.25,-5.438,-26.9,-36.2,-19.8,-29.0,-31.3,-28.6,-18.27,-30.67,-38.88,-25.73,-11.73,-8.73,-8.13,-11.0,-20.1,0.0,-13.94,-35.25,-30.33,-7.9,-27.98,-27.94,-41.0,0.0,-13.664,-33.7
340,-6.01,-24.84,-23.17,-15.79,-15.14,-30.27,-21.75,-27.0,-20.5,0.0,-4.32,-18.52,-29.78,-18.7,-29.31,-11.41,-23.72,-19.1,-37.3,-35.2,-33.4,-19.88,-17.42,-26.95,-34.38,-25.33,-37.3,-15.8,-20.84,0.0,-22.0,-21.14,-25.73,-16.22,-24.75,-8.43,-14.75,-26.58,-33.94,-11.0,-34.28,0.0,0.0,-19.84,0.0,-30.38,-15.02,-13.35,-25.12,-29.88,-27.4,0.0,-27.95,-15.914,-30.12,-29.25,-28.6,-29.89,-22.66,-16.33,-28.0,-30.72,-13.48,-17.06,-4.375,-37.2,-27.48,-26.75,-26.6,-8.49,-35.12,-38.6,-25.2,-32.84,-12.445,-16.81,-14.23,-27.67,-37.4,-32.56,-17.94,-2.795,-15.04,-24.62,-14.984,0.0,-14.516,-21.25,-36.66,-13.75,-33.6,-28.3,-29.0,0.0,-17.33,-19.3
341,-1.829,-16.16,-7.33,-12.42,-8.57,-11.74,-9.64,-9.8,-4.5,0.0,-7.668,-7.41,-15.914,-4.812,-15.38,-4.07,-6.4,-7.1,-17.7,-17.86,-18.23,-8.58,-15.93,-18.17,-12.766,-9.336,-10.75,-6.8,-12.016,0.0,-14.625,-10.0,-11.266,-9.125,-9.5,-3.285,-9.16,-10.38,-15.23,-9.336,-16.7,0.0,0.0,-16.53,0.0,-18.92,-12.23,-19.7,-8.15,-13.62,-12.12,0.0,-12.98,-8.86,-15.5,-19.5,-15.266,-12.37,-15.125,-11.96,-11.0,-20.0,-6.16,-13.49,-14.02,-16.52,-6.355,-13.08,-5.523,-8.97,-16.22,-18.8,-14.4,-15.336,-9.77,-10.72,-9.04,-12.664,-13.05,-16.25,-4.31,-2.95,-4.91,-10.89,-9.42,0.0,-3.715,-15.75,-10.93,-3.883,-12.46,-13.33,-20.0,0.0,-8.5,-12.375
342,-24.34,-99.8,-64.8,-83.6,-80.1,-71.7,-84.6,-59.5,-90.0,0.0,-30.6,-59.06,-75.1,-85.2,-101.56,-47.16,-62.2,-35.4,-95.9,-115.3,-70.8,-60.44,-39.84,-118.0,-121.0,-70.3,-99.5,-37.0,-50.94,0.0,-92.44,-103.75,-84.44,-54.8,-76.5,-28.86,-85.44,-92.7,-21.73,-44.16,-139.2,0.0,0.0,-54.9,0.0,-103.7,-41.66,-69.06,-99.6,-114.9,-78.7,0.0,-103.4,-71.6,-84.0,-81.75,-125.75,-93.9,-114.56,-42.2,-58.0,-114.25,-58.5,-65.44,-136.6,-125.94,-102.44,-80.56,-46.2,-32.94,-82.75,-116.8,-75.0,-76.7,-27.3,-87.6,-51.72,-125.3,-132.2,-132.4,-33.4,-27.25,-62.6,-95.7,-60.12,0.0,-37.5,-76.4,-106.25,-61.5,-96.5,-88.75,-132.0,0.0,-58.5,-83.3
343,-47.22,-87.8,-67.9,-41.8,-60.72,-100.0,-66.75,-33.5,-80.0,0.0,-40.8,-52.16,-56.25,-88.7,-91.0,-25.73,-31.05,-16.73,-98.6,-78.5,-68.0,-38.53,-84.9,-118.25,-111.0,-107.0,-112.9,-38.6,-19.4,0.0,-56.72,-83.5,-87.8,-62.78,-81.0,-60.22,-77.2,-63.8,-77.44,-57.5,-114.0,0.0,0.0,-64.94,0.0,-68.3,-71.1,-34.94,-62.22,-128.2,-50.5,0.0,-66.9,-90.0,-62.5,-108.75,-83.06,-81.6,-63.94,-61.88,-105.5,-134.8,-86.94,-21.56,-58.72,-124.56,-90.2,-72.75,-50.75,-30.44,-66.75,-110.6,-88.8,-88.5,-75.3,-55.03,-52.12,-95.0,-96.8,-123.8,-23.75,-19.38,-72.3,-91.25,-82.0,0.0,-41.16,-96.6,-119.0,-65.56,-82.56,-97.44,-89.0,0.0,-80.3,-76.9
344,-28.77,-53.88,-31.81,-33.5,-45.0,-33.9,-53.22,-32.0,-59.5,0.0,-15.53,-23.02,-48.38,-31.9,-41.97,-21.52,-53.12,-32.97,-92.8,-83.06,-62.94,-43.8,-28.33,-71.44,-37.16,-58.66,-56.97,-27.6,-41.53,0.0,-58.3,-51.97,-31.8,-26.81,-25.25,-32.0,-47.5,-62.6,-65.1,-35.12,-42.44,0.0,0.0,-61.97,0.0,-56.62,-45.2,-54.62,-40.72,-78.2,-32.22,0.0,-44.28,-40.62,-54.0,-59.0,-38.88,-51.9,-48.56,-42.72,-20.5,-77.56,-48.38,-27.8,-54.56,-61.03,-50.62,-32.28,-21.4,-37.03,-49.56,-62.8,-60.8,-50.0,-26.66,-37.12,-33.0,-45.66,-43.62,-58.2,-21.81,-20.48,-16.53,-40.66,-29.53,0.0,-25.8,-62.12,-61.4,-25.47,-60.53,-48.3,-54.0,0.0,-57.66,-61.8
345,-51.34,-127.44,-118.3,-98.9,-134.2,-120.3,-133.9,-252.8,-186.5,0.0,-6.695,-91.8,-154.5,-62.56,-184.5,-44.5,-99.2,-154.5,-214.4,-138.2,-165.9,-112.7,-115.75,-156.1,-171.6,-134.6,-109.2,-57.0,-81.2,0.0,-119.3,-143.0,-108.75,-114.4,-79.5,-102.56,-131.4,-135.5,-36.78,-120.2,-156.0,0.0,0.0,-176.5,0.0,-148.2,-80.06,-183.9,-161.0,-190.0,-99.7,0.0,-110.3,-98.75,-142.5,-164.5,-135.4,-136.1,-131.4,-47.56,-115.5,-183.4,-117.5,-68.6,-221.4,-167.5,-163.8,-117.0,-83.1,-59.3,-139.5,-167.2,-124.6,-191.5,-178.5,-131.2,-72.75,-163.0,-147.8,-201.8,-66.25,-62.3,-73.94,-64.06,-91.6,0.0,-61.56,-180.4,-169.6,-99.5,-142.5,-122.7,-144.0,0.0,-101.0,-121.56
346,-16.88,-53.5,-45.84,-36.56,-63.44,-72.2,-25.97,-19.8,-55.0,0.0,-15.766,-39.84,-81.44,-39.12,-47.3,-39.84,-33.1,-49.9,-95.44,-80.8,-79.4,-52.62,-54.5,-72.06,-62.25,-86.3,-38.53,-27.6,-29.73,0.0,-84.3,-68.0,-66.1,-38.7,-33.5,-30.58,-29.05,-86.25,-76.3,-66.8,-76.9,0.0,0.0,-41.78,0.0,-59.16,-57.6,-67.9,-61.56,-78.8,-24.78,0.0,-48.0,-43.5,-39.0,-69.75,-49.44,-58.78,-86.0,-33.25,-77.0,-81.1,-48.4,-55.1,-51.78,-65.1,-62.12,-44.06,-65.7,-27.67,-64.44,-84.8,-49.8,-75.0,-55.34,-37.12,-42.16,-41.66,-63.53,-71.4,-26.8,-19.53,-49.03,-51.4,-51.94,0.0,-32.7,-69.5,-69.44,-12.72,-70.9,-63.0,-90.0,0.0,-40.0,-52.38
347,-31.64,-70.56,-50.4,-59.47,-52.16,-58.56,-58.25,-19.8,-96.0,0.0,-15.03,-33.1,-64.94,-53.5,-64.1,-27.0,-30.16,-55.62,-65.94,-103.4,-61.5,-39.44,-64.0,-97.75,-72.7,-81.7,-78.6,-43.2,-36.0,0.0,-68.7,-60.34,-48.44,-42.44,-43.75,-27.47,-68.5,-72.1,-84.56,-45.84,-61.8,0.0,0.0,-69.8,0.0,-83.8,-24.05,-68.9,-45.2,-73.1,-26.36,0.0,-50.6,-41.5,-30.62,-74.0,-35.06,-82.75,-75.5,-31.52,-63.0,-108.5,-40.22,-24.77,-81.1,-68.94,-53.88,-47.47,-19.47,-16.2,-80.94,-84.8,-47.2,-60.66,-33.25,-35.44,-34.66,-65.3,-44.56,-83.94,-28.1,-15.21,-42.97,-5.08,-37.34,0.0,-19.25,-77.6,-98.3,-2.9,-76.2,-68.7,-38.0,0.0,-39.5,-47.28
348,-7.645,-19.92,-12.24,-12.78,-3.857,-26.45,-16.12,-7.0,-8.5,0.0,-2.783,-10.234,-27.62,-15.8,-18.88,-8.82,-5.727,-14.3,-18.75,-30.08,-22.48,-16.02,-17.39,-23.34,-22.0,-19.67,-13.086,-9.4,-10.4,0.0,-17.69,-25.38,-9.9,-17.78,-14.75,-5.285,-13.58,-18.52,-20.1,-19.33,-22.5,0.0,0.0,-9.016,0.0,-24.81,-15.35,-3.5,-12.484,-26.28,-0.1333,0.0,-14.5,-10.93,-15.5,-21.25,-19.8,-21.16,-18.5,-13.164,-7.5,-13.06,-11.8,-11.89,-7.35,-22.4,-22.12,-12.28,-16.03,-7.145,-23.84,-22.2,-16.4,-23.5,-7.9,-13.195,-8.67,-19.0,-18.5,-22.98,-6.55,-8.8,-14.234,-18.48,-13.98,0.0,-6.95,-20.5,-18.95,-6.75,-18.89,-19.72,-11.0,0.0,-12.43,-17.72
349,-44.06,-89.9,-121.44,-59.7,-76.1,-79.9,-58.88,-115.0,-136.0,0.0,-62.03,-110.0,-105.6,-90.1,-69.7,-60.8,-64.5,-70.8,-119.5,-97.94,-125.8,-84.8,-77.8,-107.0,-127.44,-100.7,-101.7,-77.2,-61.12,0.0,-111.4,-111.8,-130.5,-76.7,-86.5,-48.28,-97.2,-90.8,-117.8,-81.3,-114.5,0.0,0.0,-107.94,0.0,-77.56,-90.44,-111.9,-75.7,-140.4,-62.7,0.0,-90.1,-75.5,-56.5,-125.5,-112.94,-85.6,-104.8,-67.2,-102.0,-147.0,-77.7,-68.2,-137.2,-136.5,-103.56,-80.2,-54.75,-49.62,-66.94,-114.0,-70.4,-98.8,-113.5,-85.7,-60.72,-67.7,-142.2,-142.0,-22.2,-43.25,-109.9,-113.3,-44.66,0.0,-53.47,-116.1,-143.1,-37.7,-100.56,-110.4,-114.0,0.0,-104.7,-114.8
350,-12.73,-29.22,-20.2,-10.4,-19.42,-26.53,-22.34,-44.6,-20.0,0.0,-18.22,-18.64,-27.84,-13.375,-24.62,-17.23,-15.25,-18.45,-24.47,-34.3,-29.14,-11.94,-26.55,-38.3,-27.8,-27.0,-29.66,-12.2,-15.46,0.0,-33.56,-32.34,-26.06,-25.27,-9.25,-8.43,-13.82,-36.34,-39.66,-18.83,-16.5,0.0,0.0,-30.58,0.0,-31.66,-13.39,-17.83,-23.16,-32.62,-34.44,0.0,-30.19,-13.11,-32.62,-35.25,-30.83,-27.55,-11.25,-19.94,-13.5,-40.94,-14.09,-7.62,-19.38,-40.1,-27.17,-11.13,-20.9,-16.48,-29.92,-41.0,-17.6,-25.0,-21.39,-18.8,-23.47,-20.33,-32.5,-35.94,-12.92,-5.727,-16.44,-14.6,-19.03,0.0,-11.7,-25.12,-40.44,-21.5,-28.34,-25.84,-41.0,0.0,-21.86,-32.8
351,-39.56,-104.8,-69.0,-50.88,-59.28,-49.6,-101.5,-51.25,-98.0,0.0,-29.78,-58.2,-54.8,-77.8,-96.3,-37.78,-110.2,-74.7,-119.8,-117.5,-106.1,-57.53,-47.0,-128.1,-117.3,-88.0,-91.7,-37.0,-53.94,0.0,-76.06,-103.3,-55.06,-32.78,-50.25,-29.28,-77.9,-109.25,-69.06,-55.0,-92.0,0.0,0.0,-73.94,0.0,-91.2,-73.0,-117.75,-71.9,-110.0,-31.58,0.0,-91.1,-78.2,-36.0,-89.0,-94.0,-91.44,-80.7,-48.44,-103.5,-123.6,-89.9,-51.38,-113.0,-137.8,-76.5,-60.56,-6.125,-42.1,-107.6,-109.2,-91.8,-95.8,-32.8,-42.94,-77.5,-75.0,-78.1,-119.56,-26.89,-32.97,-65.25,-112.25,-41.9,0.0,-38.56,-64.75,-108.2,-37.28,-61.1,-89.25,-208.0,0.0,-63.28,-149.9
352,-1.4795,-15.04,-10.9,-9.195,-6.145,-15.414,-12.625,-19.25,-14.0,0.0,-7.12,-5.176,-11.11,-4.688,-11.0,-4.594,-8.94,-10.836,-13.586,-21.17,-11.88,-10.34,-8.086,-19.38,-21.0,-11.664,-6.168,-7.4,-6.777,0.0,-8.664,-12.875,-11.67,-10.89,-9.0,-5.43,-14.96,-9.18,-13.94,-12.664,-11.0,0.0,0.0,-16.2,0.0,-13.99,-7.668,-6.5,-11.52,-14.0,-2.916,0.0,-17.39,-9.87,-11.5,-16.25,-17.27,-13.55,-14.2,-5.293,-4.5,-14.6,-12.58,-8.14,-7.977,-14.25,-10.61,-13.52,-7.625,-3.428,-10.95,-12.8,-13.4,-13.5,-6.582,-8.016,-6.5,-9.0,-21.4,-17.84,-3.996,-5.168,-10.5,-10.35,-7.99,0.0,-5.3,-15.875,-22.8,-0.125,-15.234,-13.81,-8.0,0.0,-16.42,-11.25
353,-2.926,-6.824,-9.016,-5.883,-6.0,-4.562,-8.25,-9.0,-4.0,0.0,-7.234,-6.19,-9.74,-4.977,-10.68,-5.5,-4.625,-6.25,-11.6,-12.2,-9.695,-8.85,-5.35,-15.03,-11.6,-12.664,-8.37,-3.0,-1.436,0.0,-9.57,-9.625,-8.484,-5.637,-7.25,-5.0,-8.34,-5.31,-8.86,-9.664,-7.0,0.0,0.0,-10.5,0.0,-9.08,-6.574,-7.65,-6.926,-10.05,-8.984,0.0,-9.92,-2.688,-5.0,-11.0,-10.25,-7.52,-15.35,-5.395,-6.0,-13.484,-7.93,-7.43,-7.4,-10.734,-7.35,-8.22,-6.4,-1.464,-12.4,-10.6,-3.6,-9.836,-6.918,-4.8,-5.723,-9.0,-9.086,-9.12,-2.828,-1.428,-5.715,-3.47,-7.914,0.0,-3.314,-7.855,-13.55,-2.5,-8.81,-6.457,-13.0,0.0,-6.145,-12.55
354,-8.62,-25.2,-17.05,-14.55,-21.86,-18.38,-13.19,-22.75,-16.5,0.0,-11.086,-21.61,-18.7,-25.88,-21.84,-3.3,-11.5,-15.15,-25.66,-29.94,-22.45,-11.35,-17.33,-29.55,-25.06,-27.67,-25.0,-10.0,-15.24,0.0,-21.38,-17.5,-21.97,-8.71,-24.0,-11.14,-21.2,-19.08,-23.77,-25.17,-9.0,0.0,0.0,-24.0,0.0,-23.11,-17.05,-16.5,-12.85,-23.95,-13.55,0.0,-13.375,-16.73,-11.125,-24.0,-25.69,-15.89,-28.0,-15.66,-17.5,-39.5,-15.5,-12.5,-13.125,-23.64,-19.56,-15.42,-17.12,-11.94,-20.61,-30.0,-12.0,-32.16,-19.3,-19.58,-17.36,-20.0,-27.84,-26.31,-9.21,-7.203,-22.48,-23.56,-17.66,0.0,-10.99,-25.42,-25.67,-10.875,-24.3,-26.47,-14.0,0.0,-15.71,-19.98
355,-12.08,-31.39,-42.62,-18.72,-34.28,-50.97,-33.75,-67.5,-17.0,0.0,-17.27,-23.06,-53.25,-29.95,-62.5,-24.8,-14.375,-34.1,-48.44,-48.8,-46.5,-29.66,-29.89,-57.66,-16.83,-56.66,-39.16,-13.4,-18.11,0.0,-37.84,-41.53,-47.16,-30.08,-29.25,-25.83,-45.5,-41.6,-56.44,-17.5,-26.2,0.0,0.0,-54.97,0.0,-36.47,-14.07,-34.6,-48.5,-42.94,-21.17,0.0,-36.0,-24.53,-33.38,-55.0,-36.9,-39.16,-36.84,-29.25,-11.0,-49.97,-45.44,-31.61,-60.88,-50.66,-33.2,-29.98,-48.5,-20.08,-54.72,-58.4,-42.2,-44.0,-36.06,-32.22,-27.67,-34.34,-54.06,-64.4,-19.84,-16.67,-44.66,-38.72,-28.34,0.0,-20.27,-38.75,-55.25,-19.7,-37.62,-39.2,-80.0,0.0,-31.28,-60.2
356,-7.516,-26.97,-16.75,-21.1,-16.14,-31.05,-19.0,-35.0,-19.5,0.0,-13.836,-20.16,-33.0,-15.75,-27.7,-10.625,-10.0,-25.17,-28.42,-38.22,-26.23,-21.2,-26.75,-40.0,-31.75,-33.12,-18.53,-15.8,-20.44,0.0,-31.4,-35.62,-23.1,-24.0,-13.5,-14.0,-17.45,-24.38,-23.9,-20.0,-16.0,0.0,0.0,-37.94,0.0,-31.36,-18.72,-6.75,-30.7,-39.03,-27.92,0.0,-25.95,-16.4,-18.5,-22.75,-39.72,-28.3,-30.8,-19.78,-12.0,-33.44,-19.19,-18.52,-20.72,-34.94,-30.64,-22.77,-22.4,-5.188,-30.7,-38.6,-32.4,-44.0,-24.66,-10.96,-16.72,-27.33,-32.97,-31.77,-9.375,-11.48,-17.14,-14.07,-26.67,0.0,-12.01,-30.88,-37.16,-6.8,-27.44,-36.3,-41.0,0.0,-18.58,-32.12
357,-3.129,-22.19,-16.81,-15.26,-9.29,-12.0,-15.05,1.0,-19.0,0.0,-8.11,-15.78,-21.4,-17.72,-20.53,-11.45,-10.5,-7.5,-22.0,-21.97,-19.42,-12.37,-7.668,-25.53,-19.92,-15.0,-10.75,-7.8,-8.79,0.0,-17.14,-24.69,-19.1,-15.3,-6.25,-7.57,-8.74,-17.72,-17.22,-14.836,-28.0,0.0,0.0,-7.164,0.0,-18.53,-17.44,-6.824,-12.914,-19.02,-9.0,0.0,-18.55,-10.06,-16.0,-21.75,-14.83,-19.55,-20.25,-11.11,-17.5,-17.6,-17.8,-12.73,-21.4,-26.48,-16.62,-10.664,-6.15,-7.56,-26.16,-27.0,-11.6,-14.5,-16.52,-11.07,-11.516,-18.0,-20.53,-24.2,-8.28,-6.934,-11.9,-10.75,-17.56,0.0,-8.12,-17.25,-22.73,-8.0,-20.95,-13.61,-11.0,0.0,-16.42,-18.34
358,-30.94,-108.8,-72.5,-85.1,-70.7,-100.1,-58.56,-46.25,-97.0,0.0,-47.25,-90.6,-78.75,-74.4,-98.5,-54.28,-51.94,-61.72,-94.06,-137.1,-92.9,-50.53,-22.34,-97.6,-91.2,-104.0,-93.4,-56.6,-48.28,0.0,-88.44,-79.9,-86.1,-66.1,-57.0,-47.84,-80.2,-81.1,-117.6,-74.5,-125.0,0.0,0.0,-86.94,0.0,-95.1,-65.4,-47.0,-84.56,-85.3,-71.4,0.0,-68.1,-66.25,-38.25,-73.25,-97.8,-102.06,-134.0,-41.22,-36.0,-141.6,-43.03,-61.44,-55.75,-110.06,-94.56,-82.7,-59.75,-46.06,-92.4,-110.6,-61.0,-88.7,-66.56,-77.1,-64.44,-70.7,-111.4,-108.8,-40.56,-43.0,-28.8,-78.94,-51.16,0.0,-37.5,-94.0,-100.4,-62.38,-107.2,-68.3,-53.0,0.0,-52.72,-103.25
359,-3.104,-6.676,-5.156,-6.25,-6.0,-7.477,-6.332,-0.5,-4.5,0.0,-2.156,-5.625,-11.61,-2.875,-11.77,-1.781,-1.875,-8.664,-8.6,-8.125,-11.59,-5.75,-6.0,-11.8,-11.414,-4.332,-4.168,-3.0,-6.77,0.0,-10.01,-8.664,-8.164,-6.414,-6.5,-6.145,-7.4,-6.855,-7.1,-8.164,-15.0,0.0,0.0,-12.56,0.0,-10.336,-4.34,-8.2,-7.227,-12.65,-2.05,0.0,-9.19,-6.562,-4.625,-9.5,-10.03,-8.43,-9.0,-5.4,-8.0,-12.73,-14.06,-1.4,-7.625,-12.98,-9.586,-7.207,-2.55,-3.164,-6.5,-12.2,-6.8,-6.332,-7.2,-5.543,-3.785,-7.0,-7.85,-8.93,-2.264,-4.188,-2.959,-8.98,-3.488,0.0,-4.11,-9.625,-11.03,-2.0,-8.875,-9.44,-13.0,0.0,-6.57,-9.6
360,-26.44,-62.03,-48.3,-75.06,-69.1,-37.75,-40.66,-15.0,-127.0,0.0,-28.17,-80.9,-74.56,-70.94,-53.5,-43.66,-47.38,-30.94,-75.75,-89.2,-68.0,-54.62,-42.66,-98.0,-90.75,-111.0,-63.53,-24.6,-51.88,0.0,-61.44,-86.0,-76.56,-64.2,-43.25,-37.84,-63.38,-63.9,-58.3,-52.34,-120.0,0.0,0.0,-68.44,0.0,-60.6,-62.47,-32.62,-69.75,-99.8,-63.03,0.0,-82.94,-54.5,-65.4,-85.75,-93.2,-63.5,-80.5,-33.06,-45.5,-112.7,-38.75,-56.28,-49.2,-95.25,-89.7,-71.56,-41.7,-40.0,-64.4,-85.4,-66.8,-62.5,-60.47,-50.5,-34.38,-62.66,-54.8,-87.5,-23.28,-24.05,-49.4,-62.8,-51.9,0.0,-28.9,-101.25,-94.4,-22.0,-95.1,-92.4,-143.0,0.0,-75.7,-96.2
361,-8.43,-19.66,-11.31,-15.516,-16.14,-20.72,-17.58,-18.0,-17.0,0.0,-10.39,-12.445,-20.44,-10.36,-15.35,-4.79,-13.2,-10.9,-20.89,-25.94,-20.45,-9.09,-12.47,-27.53,-18.64,-17.67,-13.164,-7.8,-10.984,0.0,-17.95,-19.78,-13.836,-11.19,-15.25,-5.285,-11.21,-14.875,-14.2,-15.164,-27.0,0.0,0.0,-15.086,0.0,-19.81,-15.23,-14.2,-17.56,-22.19,-5.766,0.0,-19.34,-8.48,-10.75,-24.0,-19.3,-16.38,-27.0,-11.49,-10.5,-30.72,-7.96,-7.36,-15.05,-24.11,-16.81,-17.42,-15.0,-10.34,-16.7,-28.6,-10.4,-19.83,-12.83,-14.72,-16.55,-23.67,-15.48,-17.89,-6.3,-8.27,-10.58,-17.94,-12.305,0.0,-9.41,-15.125,-21.2,-8.75,-13.96,-18.5,-27.0,0.0,-10.57,-20.39
362,-24.7,-60.9,-41.6,-31.12,-40.44,-43.47,-50.84,5.7,-86.5,0.0,-8.87,-24.84,-44.3,-51.8,-61.4,-42.1,-60.62,-23.25,-80.3,-62.7,-54.88,-44.56,-28.33,-71.6,-49.0,-27.0,-61.03,-23.2,-29.69,0.0,-73.8,-38.0,-63.47,-33.25,-31.75,-22.58,-34.78,-30.11,-77.1,-32.34,-53.0,0.0,0.0,-44.38,0.0,-38.06,-39.9,-36.6,-40.88,-56.8,-59.16,0.0,-51.44,-25.14,-10.0,-26.5,-77.56,-46.78,-22.0,-27.33,-43.0,-58.47,-19.69,-31.94,-69.6,-50.75,-50.97,-42.7,-30.84,-30.92,-53.47,-67.2,-28.6,-46.84,-22.2,-39.28,-44.7,-76.7,-51.3,-59.9,-28.8,-28.19,-46.9,-38.7,-32.7,0.0,-19.16,-59.62,-67.7,-37.5,-65.4,-65.44,-54.0,0.0,-46.72,-52.3
363,-0.2769,-3.719,-3.38,-2.12,-3.572,-3.188,-1.667,-4.4,-2.0,0.0,-1.395,-2.79,-3.96,-2.188,-5.72,-1.0,-3.812,-2.2,-5.133,-4.926,-3.758,-2.8,-5.0,-6.4,-4.668,-5.668,-7.285,-0.4,-0.8784,0.0,-2.518,-4.5,-5.39,-2.092,-1.75,-1.429,-3.5,-3.307,-4.312,-3.5,-5.0,0.0,0.0,-3.25,0.0,-3.992,-2.691,-2.0,-2.375,-6.26,-2.066,0.0,-6.0,-1.619,-3.0,-5.5,-4.05,-3.81,-3.75,-2.578,-5.0,-5.086,-1.44,-4.45,-3.8,-5.4,-3.15,-1.792,-0.5,-1.735,-4.5,-5.2,-1.2,-4.0,-2.334,-1.789,-1.578,-3.334,-3.688,-4.6,-0.03638,0.3682,-2.209,-3.02,-2.775,0.0,-1.361,-3.625,-4.65,-0.8,-2.508,-3.281,-8.0,0.0,-5.57,-4.01
364,-5.64,-16.94,-13.79,-11.11,-15.14,-19.12,-15.0,-23.95,-21.0,0.0,-8.53,-5.75,-22.53,-10.125,-21.55,-6.75,-10.04,-17.14,-20.0,-37.06,-22.14,-17.53,-12.336,-21.3,-19.05,-21.67,-13.336,-11.0,-12.02,0.0,-18.22,-11.914,-18.23,-4.633,-10.0,-7.57,-14.7,-20.58,-23.84,-10.0,-8.0,0.0,0.0,-12.29,0.0,-16.11,-17.62,-8.5,-9.086,-21.33,-7.215,0.0,-14.95,-15.59,-28.75,-23.75,-15.3,-18.52,-15.75,-14.87,-19.0,-20.75,-8.5,-10.46,-9.98,-19.34,-23.4,-13.125,-6.25,-6.81,-15.1,-23.8,-11.4,-13.0,-8.586,-5.156,-10.27,-16.67,-19.6,-23.12,-10.484,-9.04,-7.676,-15.78,-8.305,0.0,-6.94,-15.5,-28.69,-7.7,-19.8,-18.14,-11.0,0.0,-14.86,-17.84
365,-16.69,-51.78,-27.78,-20.95,-39.44,-64.06,-32.34,-45.6,-39.0,0.0,-25.36,-34.56,-32.84,-38.06,-63.3,-22.89,-25.12,-35.25,-58.1,-62.7,-38.8,-39.84,-52.12,-50.75,-43.5,-59.0,-39.5,-25.0,-18.98,0.0,-52.66,-34.06,-51.25,-26.95,-55.0,-14.86,-20.8,-70.4,-61.25,-27.83,-67.25,0.0,0.0,-31.56,0.0,-51.28,-27.1,-56.62,-46.72,-69.1,-31.31,0.0,-43.44,-40.3,-4.25,-58.5,-39.88,-39.38,-36.5,-29.58,-39.0,-68.94,-28.45,-40.1,-43.12,-70.25,-56.3,-39.16,-20.47,-21.16,-41.2,-69.0,-55.2,-32.84,-25.9,-37.53,-31.06,-55.34,-34.06,-59.34,-24.25,-18.72,-45.75,-38.3,-34.22,0.0,-19.64,-44.38,-78.6,-18.05,-55.3,-59.62,-49.0,0.0,-26.42,-40.88
366,-16.64,-59.44,-42.22,-40.4,-43.56,-68.0,-28.06,-33.4,-42.5,0.0,-29.6,-34.34,-34.62,-31.61,-47.16,-14.234,-58.06,-46.16,-78.94,-45.8,-75.3,-35.38,-45.8,-80.2,-64.8,-54.34,-34.66,-18.8,-9.66,0.0,-79.5,-46.03,-57.97,-50.94,-30.0,-19.42,-42.12,-56.9,-52.16,-19.67,-3.2,0.0,0.0,-39.75,0.0,-30.38,-29.97,-48.88,-38.0,-78.8,-53.97,0.0,-59.62,-42.8,-70.0,-74.75,-58.62,-49.03,-55.03,-40.56,-32.0,-71.06,-76.5,-37.7,-56.75,-64.1,-65.25,-37.78,-59.44,-31.17,-52.28,-54.0,-38.6,-50.84,-49.97,-31.77,-32.75,-34.0,-57.5,-58.2,-5.203,-15.69,-31.03,-56.03,-36.8,0.0,-18.34,-48.38,-79.06,-2.176,-47.97,-48.72,-54.0,0.0,-60.56,-57.12
367,-60.38,-230.4,-128.1,-114.8,-180.8,-209.2,-133.1,-237.2,-258.5,0.0,-67.2,-153.6,-222.6,-189.2,-137.4,-52.6,-143.8,-92.2,-185.1,-316.5,-222.9,-153.9,-166.0,-269.5,-191.0,-146.6,-196.5,-55.0,-142.0,0.0,-232.8,-139.2,-164.2,-153.5,-189.2,-96.1,-206.1,-166.9,-189.5,-189.9,-279.0,0.0,0.0,-146.2,0.0,-178.6,-137.9,-81.56,-117.3,-219.5,-179.2,0.0,-276.5,-153.9,-109.1,-148.5,-174.6,-208.5,-178.2,-105.0,-297.5,-246.9,-121.94,-85.9,-127.5,-231.6,-194.6,-106.7,-100.5,-106.1,-132.8,-263.0,-167.8,-210.5,-154.2,-176.8,-114.4,-101.7,-206.6,-257.5,-71.94,-59.66,-187.0,-182.8,-184.8,0.0,-78.6,-217.2,-212.9,-106.0,-182.9,-230.2,-279.0,0.0,-177.2,-172.1
368,-35.22,-64.56,-34.84,-37.34,-49.28,-41.3,-52.0,-109.5,-69.0,0.0,-20.78,-50.47,-73.56,-46.56,-58.66,-37.8,-28.55,-97.25,-84.56,-84.5,-61.2,-42.66,-45.0,-79.94,-68.0,-73.0,-75.1,-21.4,-27.19,0.0,-60.5,-76.9,-84.56,-48.4,-37.25,-45.0,-33.97,-59.22,-55.47,-24.0,-71.25,0.0,0.0,-58.66,0.0,-58.88,-60.56,-39.88,-81.5,-94.25,-52.7,0.0,-39.75,-48.47,-59.0,-83.4,-64.75,-70.0,-83.5,-55.0,-88.0,-59.6,-53.03,-43.7,-73.75,-94.5,-71.3,-59.75,-47.9,-42.4,-89.6,-74.6,-63.2,-60.0,-51.72,-55.97,-47.72,-68.3,-78.44,-103.0,-31.4,-40.44,-66.5,-43.53,-44.06,0.0,-26.98,-86.0,-63.4,-42.94,-83.2,-81.7,-97.0,0.0,-27.72,-67.56
369,-16.14,-46.38,-36.9,-26.6,-30.28,-61.12,-33.8,-72.4,-34.0,0.0,-24.16,-42.2,-52.06,-9.2,-41.3,-22.03,-0.7,-29.95,-55.44,-64.44,-37.34,-38.06,-40.47,-69.4,-63.97,-39.34,-50.4,-27.0,-16.05,0.0,-57.97,-47.94,-52.84,-32.72,-25.25,-29.0,-44.2,-48.72,-48.62,-27.67,-51.25,0.0,0.0,-47.28,0.0,-23.45,-34.94,-22.88,-53.6,-71.1,-20.23,0.0,-42.4,-28.12,-40.25,-45.5,-51.2,-52.28,-52.25,-23.27,-28.5,-84.3,-30.02,-47.75,-38.25,-58.75,-49.62,-61.7,-36.7,-9.016,-78.6,-53.0,-25.0,-56.5,-41.72,-24.48,-26.94,-55.34,-58.0,-68.56,-14.1,-25.47,-36.88,-7.69,-27.8,0.0,-19.34,-59.72,-51.6,-12.0,-51.94,-46.94,-69.0,0.0,-47.44,-50.88
370,-25.62,-70.44,-53.0,-44.5,-35.28,-71.8,-55.97,-42.7,-90.5,0.0,-47.7,-51.62,-78.0,-83.6,-91.7,-29.92,-18.86,-38.16,-88.75,-79.44,-60.56,-87.5,-18.83,-124.6,-77.9,-78.3,-68.0,-27.0,-16.7,0.0,-71.6,-59.75,-46.84,-15.945,-56.25,-17.0,-53.34,-70.94,-56.84,-68.7,-53.75,0.0,0.0,-63.7,0.0,-61.84,-46.9,-25.38,-50.66,-82.56,-55.28,0.0,-60.66,-31.42,-83.0,-41.0,-88.75,-68.6,-21.0,-43.4,-69.0,-106.25,-33.3,-33.5,-86.4,-90.0,-42.44,-76.56,-42.75,-7.67,-91.2,-97.0,-38.4,-80.0,-57.94,-55.03,-32.5,-92.0,-41.53,-97.9,-35.22,-25.86,-57.0,-50.47,-46.12,0.0,-23.98,-49.56,-91.06,-28.0,-81.1,-65.44,-41.0,0.0,-62.16,-91.4
371,-42.12,-77.8,-33.28,-60.1,-50.84,-92.9,-52.94,-107.2,-94.5,0.0,-20.5,-70.3,-79.7,-49.66,-85.4,-60.38,-60.8,-39.34,-92.9,-76.4,-86.5,-66.06,-61.66,-107.2,-90.6,-43.34,-64.75,-31.0,-14.2,0.0,-84.56,-59.0,-95.94,-48.03,-39.75,-33.28,-54.62,-80.75,-86.0,-34.84,-47.0,0.0,0.0,-48.84,0.0,-73.2,-52.5,-83.4,-48.22,-113.1,-55.6,0.0,-84.4,-60.5,-67.0,-63.5,-76.1,-57.6,-69.0,-32.75,-86.5,-78.44,-36.6,-53.7,-95.6,-81.4,-77.75,-56.22,-14.164,-38.9,-82.6,-104.6,-60.4,-88.8,-78.94,-54.47,-46.84,-51.34,-96.6,-81.75,-23.5,-43.3,-41.56,-77.44,-46.8,0.0,-29.48,-85.9,-111.0,-36.6,-93.6,-73.1,-79.0,0.0,-67.56,-73.44
372,-17.94,-45.88,-31.73,-6.125,-26.28,-19.8,-25.47,-27.5,-38.0,0.0,-3.822,-35.97,-49.9,-32.94,-46.34,-21.48,-20.31,-41.56,-56.5,-61.9,-44.6,-24.88,-29.67,-47.28,-67.25,-47.34,-44.72,-11.6,-16.58,0.0,-31.03,-54.25,-32.7,-21.45,-27.5,-13.14,-42.2,-55.38,-47.9,-15.664,-34.0,0.0,0.0,-32.7,0.0,-42.28,-42.2,-25.1,-31.5,-58.06,-22.73,0.0,-27.53,-18.8,-18.0,-41.75,-42.6,-35.2,-44.97,-23.75,-24.5,-60.38,-37.7,-25.69,-47.66,-58.12,-39.78,-26.9,-27.33,-9.375,-47.75,-69.2,-9.6,-51.34,-31.7,-38.28,-38.75,-59.66,-59.47,-46.16,-19.67,-16.34,-17.64,-17.08,-31.94,0.0,-19.64,-49.72,-51.47,-16.92,-41.25,-41.2,-26.0,0.0,-23.72,-64.5
373,-51.25,-112.4,-69.4,-84.44,-66.3,-29.23,-94.56,-108.0,-140.5,0.0,-65.8,-87.2,-71.8,-69.06,-69.4,-39.47,-65.75,-60.2,-140.9,-126.5,-69.25,-65.7,-42.25,-136.8,-112.4,-161.0,-87.4,-53.6,-51.88,0.0,-111.2,-99.94,-71.8,-63.78,-51.25,-74.0,-78.9,-97.9,-108.8,-45.16,-109.6,0.0,0.0,-91.6,0.0,-67.2,-86.06,-130.6,-90.75,-93.2,-102.8,0.0,-56.5,-80.25,-81.0,-105.25,-104.75,-113.25,-119.75,-67.5,-13.0,-141.0,-27.53,-80.0,-113.25,-106.9,-107.75,-57.06,-92.56,-42.8,-107.0,-129.2,-49.4,-113.8,-48.97,-79.44,-63.2,-95.7,-96.94,-92.44,-33.22,-48.84,-82.94,-70.0,-63.7,0.0,-47.16,-120.7,-142.9,-12.37,-86.06,-95.75,-62.0,0.0,-99.9,-123.94
374,-17.9,-32.47,-24.03,-13.945,-21.28,-27.62,-30.75,-34.12,-19.5,0.0,-9.414,-17.89,-26.42,-19.19,-30.08,-11.14,-27.67,-11.664,-28.92,-32.38,-26.27,-15.55,-14.336,-30.4,-31.4,-33.0,-34.9,-19.4,-17.2,0.0,-33.44,-36.25,-15.23,-25.88,-24.5,-13.57,-25.86,-26.56,-36.44,-31.33,-23.0,0.0,0.0,-18.6,0.0,-33.2,-18.88,-27.75,-49.75,-43.56,-22.0,0.0,-14.19,-15.586,-22.25,-27.25,-30.88,-28.8,-33.25,-15.32,-23.0,-40.0,-15.99,-24.92,-36.1,-37.12,-31.16,-15.16,-14.25,-16.28,-21.38,-31.4,-24.6,-35.84,-21.0,-27.58,-18.17,-28.67,-19.25,-34.7,-10.266,-9.19,-16.06,-19.55,-17.28,0.0,-10.805,-28.58,-46.5,-23.03,-25.1,-28.97,-32.0,0.0,-25.86,-34.2
375,-27.3,-56.06,-41.12,-30.3,-37.84,-43.47,-48.16,-70.2,-42.5,0.0,-26.48,-35.47,-30.14,-34.28,-55.03,-36.7,-44.25,-37.47,-72.8,-63.56,-52.94,-47.53,-37.12,-61.4,-39.2,-61.0,-52.28,-12.2,-16.52,0.0,-60.22,-44.3,-46.34,-35.34,-18.25,-32.0,-30.7,-48.8,-65.56,-47.84,-39.5,0.0,0.0,-42.38,0.0,-70.0,-42.25,-43.0,-48.75,-44.5,-13.68,0.0,-31.75,-41.6,-61.9,-48.25,-60.06,-41.3,-82.6,-46.56,-37.0,-61.72,-41.62,-29.31,-40.72,-77.5,-35.22,-45.94,-17.33,-31.45,-75.94,-62.8,-54.4,-50.34,-37.12,-31.36,-21.83,-40.34,-49.7,-65.9,-19.16,-9.29,-26.66,-31.9,-40.53,0.0,-20.89,-54.0,-93.8,-14.28,-67.8,-56.56,-76.0,0.0,-35.44,-62.25
376,-53.03,-131.5,-78.3,-64.5,-58.16,-122.6,-126.7,-78.9,-183.0,0.0,-41.34,-67.94,-112.6,-68.8,-107.1,-53.4,-98.9,-45.78,-125.0,-128.6,-87.6,-84.2,-104.7,-149.8,-138.5,-91.7,-102.4,-45.0,-46.22,0.0,-91.6,-148.5,-83.25,-90.2,-102.75,-28.58,-73.44,-115.25,-138.4,-66.8,-89.0,0.0,0.0,-77.94,0.0,-120.0,-67.8,-128.8,-83.9,-139.8,-64.9,0.0,-63.75,-79.44,-97.5,-154.0,-123.9,-132.0,-99.9,-86.2,-90.5,-162.1,-95.75,-60.53,-78.6,-141.0,-79.25,-62.78,-40.47,-64.9,-179.2,-141.6,-108.2,-79.0,-97.2,-113.6,-23.78,-92.3,-98.75,-131.1,-40.53,-40.56,-93.0,-105.8,-61.72,0.0,-48.84,-75.0,-129.4,-27.5,-74.94,-86.2,-68.0,0.0,-123.9,-169.2
377,-27.66,-53.8,-45.78,-36.7,-43.56,-51.1,-48.0,-41.0,-54.0,0.0,-11.42,-34.4,-74.4,-41.2,-40.84,-23.56,-31.62,-52.12,-102.7,-58.66,-53.5,-39.78,-39.12,-76.44,-50.5,-20.33,-64.75,-30.2,-27.45,0.0,-45.25,-41.25,-60.5,-54.6,-53.0,-28.14,-68.6,-52.53,-79.56,-38.0,-62.9,0.0,0.0,-43.2,0.0,-58.1,-29.75,-30.2,-54.72,-56.94,-48.1,0.0,-58.22,-48.3,-49.75,-53.5,-72.5,-59.75,-32.0,-32.1,-46.5,-82.06,-19.42,-27.25,-71.6,-69.0,-67.6,-45.84,-26.14,-25.84,-56.2,-59.0,-47.0,-70.7,-42.2,-44.88,-49.03,-34.66,-43.34,-73.3,-17.98,-24.1,-38.38,-27.75,-44.1,0.0,-23.2,-74.3,-55.62,-5.934,-72.7,-72.56,-35.0,0.0,-52.44,-43.1
378,-17.3,-55.66,-28.27,-32.78,-49.28,-56.75,-56.6,-38.5,-59.0,0.0,-20.12,-39.3,-47.94,-45.75,-83.4,-24.69,-30.5,-41.25,-76.75,-71.0,-56.56,-43.88,-34.5,-78.5,-65.0,-40.66,-77.1,-13.4,-49.9,0.0,-52.72,-94.5,-42.4,-44.03,-74.0,-35.0,-52.5,-40.88,-49.2,-45.0,-42.5,0.0,0.0,-66.75,0.0,-69.4,-57.7,-51.5,-61.44,-87.3,-37.9,0.0,-68.44,-34.47,-43.0,-50.25,-46.88,-51.3,-80.6,-33.66,-37.5,-70.94,-33.78,-26.25,-41.0,-62.84,-60.1,-39.84,-9.12,-29.33,-63.44,-92.6,-39.8,-73.7,-31.9,-32.53,-36.4,-34.0,-59.97,-65.9,-28.19,-24.45,-39.1,-58.75,-35.28,0.0,-26.22,-65.1,-79.0,-42.72,-65.75,-46.38,-83.0,0.0,-55.84,-50.66
379,-13.17,-55.34,-50.94,-55.0,-45.0,-38.6,-79.7,-49.44,-35.0,0.0,-41.75,-42.84,-79.25,-25.97,-75.5,-19.31,-26.8,-51.38,-68.56,-67.8,-56.22,-39.53,-50.4,-78.6,-50.5,-81.7,-41.4,-20.6,-30.53,0.0,-53.88,-86.4,-53.44,-34.7,-51.75,-21.28,-45.2,-50.56,-45.22,-49.34,-14.0,0.0,0.0,-29.94,0.0,-44.5,-47.06,-65.0,-41.72,-64.94,-36.28,0.0,-46.2,-32.88,-59.0,-46.75,-60.94,-52.97,-36.5,-35.2,-66.5,-79.2,-31.05,-42.53,-56.22,-62.16,-49.22,-39.9,-32.97,-26.39,-61.25,-83.0,-53.6,-60.84,-52.75,-34.16,-67.4,-71.0,-82.1,-73.75,-32.38,-11.58,-67.1,-43.88,-37.28,0.0,-22.47,-75.1,-69.7,-9.47,-62.34,-38.75,-83.0,0.0,-60.56,-62.97
380,-28.55,-79.56,-37.97,-71.0,-42.56,-58.6,-60.84,-78.2,-74.0,0.0,-38.1,-34.28,-51.66,-47.88,-68.3,-37.75,-79.56,-64.2,-73.3,-79.4,-77.0,-59.12,-49.0,-96.25,-76.6,-69.0,-65.4,-26.0,-31.83,0.0,-70.7,-62.62,-55.38,-59.88,-71.5,-43.84,-61.88,-69.4,-84.8,-74.7,-27.0,0.0,0.0,-58.78,0.0,-67.25,-55.84,-28.25,-58.75,-69.44,-40.88,0.0,-88.7,-38.4,-28.0,-43.25,-85.3,-73.2,-57.12,-34.88,-53.0,-75.1,-15.5,-64.1,-22.08,-74.75,-75.8,-70.7,-22.14,-31.42,-55.84,-98.0,-76.8,-73.0,-54.16,-31.81,-62.4,-44.0,-74.0,-81.8,-39.97,-33.03,-68.94,-41.78,-53.38,0.0,-35.97,-62.44,-90.25,-39.1,-70.7,-64.3,-104.0,0.0,-63.16,-65.44
381,-14.43,-46.75,-36.7,-26.34,-41.56,-56.8,-32.16,-29.0,-28.5,0.0,-8.42,-42.9,-59.53,-28.22,-42.1,-33.7,-23.52,-27.94,-56.0,-51.88,-44.47,-28.7,-22.0,-58.1,-32.38,-46.0,-65.25,-13.0,-21.16,0.0,-57.34,-41.75,-51.88,-24.23,-41.75,-40.44,-37.34,-37.94,-46.7,-16.67,-43.0,0.0,0.0,-62.06,0.0,-41.8,-26.83,-29.62,-44.25,-47.8,-28.52,0.0,-53.44,-38.84,-6.0,-58.75,-43.44,-35.3,-51.9,-32.2,-36.0,-33.0,-22.73,-25.48,-42.66,-66.0,-48.94,-46.84,-34.84,-20.58,-51.88,-65.0,-45.8,-44.16,-36.06,-36.62,-37.38,-38.66,-38.9,-57.16,-17.25,-6.977,-36.5,-24.0,-38.7,0.0,-19.33,-43.44,-65.2,-7.766,-52.12,-49.72,-49.0,0.0,-35.0,-48.28
382,-31.94,-105.44,-84.0,-65.5,-79.44,-66.1,-70.25,-55.75,-159.5,0.0,-57.75,-63.5,-82.75,-100.9,-91.1,-33.8,-72.9,-91.6,-123.0,-90.94,-110.1,-72.0,-89.0,-128.5,-76.25,-77.7,-69.1,-63.6,-70.75,0.0,-106.8,-105.25,-106.3,-65.25,-117.25,-42.16,-85.9,-88.44,-58.0,-60.66,-83.1,0.0,0.0,-70.5,0.0,-101.6,-87.94,-22.75,-101.25,-106.7,-39.8,0.0,-52.62,-46.2,-94.0,-70.0,-146.2,-104.25,-94.5,-54.3,-52.5,-100.06,-44.72,-72.75,-95.0,-125.7,-100.9,-71.75,-23.92,-36.62,-100.75,-101.6,-45.8,-107.0,-59.06,-77.4,-75.56,-93.0,-118.2,-99.56,-34.62,-29.25,-61.84,-124.6,-61.88,0.0,-48.4,-99.56,-121.2,-41.06,-80.25,-82.06,-132.0,0.0,-78.3,-79.6
383,-12.74,-40.3,-38.88,-17.78,-31.14,-31.81,-14.5,-38.25,-13.0,0.0,-10.98,-16.77,-29.5,-19.62,-32.06,-15.984,-15.31,-29.58,-34.72,-35.75,-49.4,-31.0,-18.0,-50.1,-39.5,-49.34,-31.39,-20.0,-10.33,0.0,-22.16,-34.16,-25.23,-27.89,-16.0,-6.0,-36.94,-32.56,-40.72,-31.33,-20.0,0.0,0.0,-31.44,0.0,-39.47,-29.08,-30.62,-33.0,-38.75,-18.73,0.0,-11.8,-21.66,-28.0,-28.5,-18.23,-34.94,-22.6,-20.05,-36.5,-55.44,-29.45,-18.7,-34.88,-54.62,-34.12,-10.875,-27.89,-6.87,-37.56,-39.6,-38.8,-37.5,-27.27,-17.33,-16.95,-34.0,-50.0,-36.0,-12.41,-10.01,-22.73,-27.98,-26.03,0.0,-13.27,-44.0,-32.06,-18.22,-42.53,-32.25,-34.0,0.0,-34.56,-36.2
384,-28.16,-73.75,-57.78,-71.4,-50.28,-94.25,-53.75,-92.6,-41.5,0.0,-28.9,-79.25,-76.9,-50.1,-95.0,-55.12,-70.2,-58.22,-117.2,-132.2,-82.75,-34.1,-68.75,-116.25,-114.4,-41.66,-83.1,-36.4,-29.81,0.0,-79.44,-112.25,-70.06,-52.2,-66.5,-25.72,-100.75,-89.8,-116.9,-50.34,-46.8,0.0,0.0,-68.56,0.0,-57.34,-59.56,-79.75,-30.22,-116.9,-9.07,0.0,-87.7,-58.0,-32.0,-66.0,-70.56,-73.25,-74.5,-67.5,-74.5,-104.75,-52.38,-69.4,-65.8,-107.25,-78.0,-58.94,-40.38,-48.12,-85.2,-118.0,-99.0,-100.5,-59.47,-62.28,-61.06,-84.0,-67.0,-111.5,-30.1,-49.72,-36.0,-31.66,-66.3,0.0,-29.0,-70.3,-75.8,-54.56,-90.7,-90.0,-84.0,0.0,-65.0,-103.2
385,-30.95,-79.8,-29.56,-38.56,-70.7,-48.75,-72.5,-98.6,-69.0,0.0,-18.33,-44.0,-59.12,-45.3,-61.66,-30.97,-46.03,-30.67,-74.0,-91.75,-58.8,-53.0,-55.0,-73.7,-41.88,-60.0,-86.2,-24.2,-33.2,0.0,-69.44,-43.1,-34.53,-66.3,-50.5,-33.0,-36.4,-52.8,-43.38,-57.34,-70.4,0.0,0.0,-39.75,0.0,-74.75,-41.1,-49.75,-71.06,-86.9,-45.6,0.0,-37.53,-40.9,-41.0,-69.5,-56.2,-63.53,-91.75,-60.8,-46.5,-64.44,-46.66,-58.84,-70.56,-83.44,-55.12,-40.4,-28.3,-20.62,-77.3,-97.0,-33.4,-76.2,-43.1,-46.47,-51.56,-31.33,-60.12,-82.8,-31.52,-19.4,-54.94,-64.6,-34.2,0.0,-29.8,-86.7,-73.3,-14.65,-95.9,-62.44,-125.0,0.0,-38.84,-55.97
386,-0.4768,-4.26,-2.404,-2.13,-2.572,-2.488,-3.334,-0.6,-5.5,0.0,-0.9165,-2.4,-3.62,-3.51,-4.87,-1.5,-3.688,-3.334,-4.332,-5.55,-3.574,-1.17,-2.666,-5.734,-4.5,-4.332,-4.133,-0.4,-3.084,0.0,-3.42,-3.5,-4.043,-3.64,-1.75,-2.0,-1.25,-4.25,-2.4,-2.5,-5.0,0.0,0.0,-2.84,0.0,-1.95,-2.865,-2.625,-2.463,-4.29,0.2333,0.0,-3.938,-1.55,-6.0,-5.25,-4.52,-3.09,-4.1,-2.139,-2.5,-3.338,-1.08,-6.4,0.25,-5.35,-2.432,-3.05,-1.0,-0.707,-3.05,-6.0,-2.6,-2.0,-2.459,-2.127,-1.857,-3.0,-2.45,-4.92,-0.729,-0.4636,-1.783,0.6,-2.281,0.0,-1.066,-3.285,-3.834,0.9165,-3.643,-3.75,-6.0,0.0,-2.143,-2.887
387,-17.11,-33.6,-31.8,-22.2,-17.42,-50.53,-38.5,-55.25,-22.0,0.0,-32.16,-26.73,-34.22,-12.85,-55.6,-24.08,-19.97,-25.42,-40.62,-58.7,-50.5,-24.69,-39.9,-58.34,-40.38,-53.66,-61.62,-9.8,-20.16,0.0,-30.84,-40.66,-33.78,-34.97,-39.5,-21.42,-32.12,-47.25,-39.72,-15.5,-22.25,0.0,0.0,-50.94,0.0,-38.25,-20.4,-20.38,-47.94,-53.72,-31.6,0.0,-50.47,-25.64,-4.0,-45.0,-39.97,-52.62,-25.2,-32.12,-31.0,-51.94,-31.9,-30.73,-16.66,-63.4,-37.88,-38.66,-19.34,-20.9,-52.1,-58.4,-40.8,-46.66,-14.37,-22.06,-23.67,-61.34,-52.4,-66.9,-15.91,-15.5,-34.16,-24.92,-29.38,0.0,-19.95,-42.44,-57.5,-24.95,-35.3,-37.62,-44.0,0.0,-34.0,-36.38
388,-9.01,-15.625,-12.94,-11.39,-13.71,-25.55,-13.25,-23.7,-21.5,0.0,-8.43,-15.17,-29.16,-9.52,-17.55,-7.656,-5.4,-18.53,-20.42,-26.66,-23.53,-9.56,-12.336,-23.89,-22.25,-26.0,-16.52,-5.4,-10.87,0.0,-21.22,-16.27,-14.74,-11.91,-15.5,-7.57,-13.31,-15.664,-22.0,-17.0,-16.0,0.0,0.0,-19.34,0.0,-22.0,-12.58,-12.5,-15.54,-23.4,-1.1,0.0,-14.67,-13.625,-17.75,-18.0,-18.52,-21.02,-8.75,-8.445,-7.0,-30.97,-9.64,-5.25,-26.8,-27.67,-9.25,-10.07,-7.6,-7.484,-18.83,-30.2,-16.0,-18.67,-14.234,-14.88,-10.086,-16.14,-14.06,-22.48,-4.51,-6.02,-10.27,-19.28,-12.76,0.0,-8.72,-19.0,-16.6,-12.0,-12.22,-13.83,-27.0,0.0,-10.29,-20.12
389,-3.611,-12.92,-9.91,-11.34,-6.57,-13.94,-13.164,-4.4,-12.5,0.0,-7.35,-10.85,-15.38,-7.07,-14.44,-7.3,-11.05,-10.4,-17.5,-19.19,-18.27,-10.02,-12.13,-16.83,-13.73,-17.67,-15.5,-7.4,-9.086,0.0,-12.44,-18.1,-10.375,-8.01,-9.25,-5.43,-9.5,-12.92,-18.56,-6.234,-8.0,0.0,0.0,-12.25,0.0,-14.88,-7.05,-6.125,-10.44,-14.625,-4.0,0.0,-15.92,-5.492,-5.0,-17.25,-12.54,-13.64,-14.6,-7.45,-12.5,-15.016,-3.53,-5.812,-7.1,-17.66,-9.0,-9.59,-2.084,-4.785,-16.44,-18.8,-7.4,-11.336,-4.86,-10.74,-6.97,-13.0,-11.2,-14.18,-3.854,-7.31,-10.91,-11.75,-9.11,0.0,-6.79,-16.42,-18.02,-3.0,-14.13,-10.92,-26.0,0.0,-5.43,-9.875
390,-0.9346,-5.324,-4.07,-2.438,-1.5,-1.3125,-5.668,-3.625,-4.0,0.0,-1.75,-0.36,-3.27,-2.77,-5.8,-1.5,-3.762,-2.25,-5.332,-2.875,-4.184,-3.74,-1.667,-4.875,-4.0,-3.666,-2.066,-1.2,-1.333,0.0,-3.688,-2.25,-3.824,-2.65,-3.75,-1.714,-1.4,-2.172,-2.85,-4.0,-3.0,0.0,0.0,-5.06,0.0,-3.533,-2.53,-1.5,-2.588,-5.137,-1.667,0.0,-4.1,-2.65,-6.0,-4.0,-4.75,-3.92,-1.5,-2.383,-1.5,-6.613,-3.26,-3.537,-1.375,-4.0,-3.457,-4.516,-1.116,-2.771,-3.838,-6.4,-3.0,-6.168,-3.893,-1.994,-2.068,-2.666,-4.8,-3.56,-0.9917,-1.486,-2.15,-3.588,-2.281,0.0,-1.316,-5.57,-6.133,-1.267,-3.916,-3.7,-4.0,0.0,-3.715,-4.637
391,-54.2,-125.06,-100.3,-78.0,-84.4,-109.75,-100.44,-137.6,-137.0,0.0,-9.53,-70.0,-112.25,-125.25,-163.2,-56.34,-70.8,-69.94,-106.6,-101.6,-143.6,-88.2,-71.0,-141.2,-175.2,-125.7,-151.0,-27.8,-28.64,0.0,-123.44,-98.94,-133.8,-43.88,-59.75,-84.7,-123.25,-130.0,-144.2,-93.3,-98.25,0.0,0.0,-122.9,0.0,-102.3,-56.4,-59.0,-63.4,-166.8,-132.8,0.0,-57.44,-81.7,-98.75,-106.5,-108.1,-133.1,-89.9,-78.6,-47.0,-124.94,-130.1,-49.38,-88.25,-153.0,-107.4,-31.33,-69.7,-37.1,-190.1,-138.2,-55.4,-110.5,-75.56,-79.0,-50.56,-127.0,-79.0,-182.1,-36.1,-38.2,-57.6,-106.75,-76.4,0.0,-45.72,-142.9,-146.8,-89.6,-122.5,-128.8,-71.0,0.0,-77.3,-134.0
392,-1.323,-20.44,-12.06,-16.77,-17.5,-17.5,-17.47,-21.6,-27.0,0.0,-6.15,-13.0,-11.9,-14.26,-18.25,-10.33,-13.17,-14.2,-23.08,-24.53,-23.02,-10.19,-21.47,-28.61,-21.66,-16.33,-19.66,-13.4,-9.35,0.0,-24.34,-19.06,-16.67,-4.73,-8.75,-7.855,-13.88,-17.08,-22.66,-9.5,-21.25,0.0,0.0,-11.03,0.0,-15.484,-14.94,-7.75,-16.64,-19.88,-21.2,0.0,-15.81,-10.164,-24.5,-24.25,-22.66,-18.16,-10.625,-14.7,-17.0,-33.28,-15.3,-13.44,-17.0,-15.586,-16.48,-13.74,-12.65,-6.17,-21.39,-25.4,-14.2,-21.5,-13.24,-8.39,-9.445,-23.0,-17.34,-21.8,-6.92,-1.818,-12.766,-18.53,-13.664,0.0,-9.74,-14.14,-30.83,-3.467,-16.56,-16.58,-35.0,0.0,-17.72,-17.25
393,-24.05,-86.75,-55.1,-49.78,-41.75,-136.0,-58.06,-101.1,-78.5,0.0,-39.4,-36.5,-114.56,-23.77,-68.06,-52.4,-67.25,-56.1,-84.3,-94.8,-74.9,-40.22,-79.7,-91.75,-124.5,-95.3,-120.06,-47.0,-43.44,0.0,-57.0,-65.4,-84.3,-68.2,-43.5,-37.84,-58.97,-72.94,-78.6,-37.0,-51.0,0.0,0.0,-62.88,0.0,-51.47,-57.34,-77.1,-60.9,-94.8,-38.62,0.0,-56.16,-43.4,-31.0,-107.0,-94.94,-67.44,-54.75,-65.8,-71.0,-109.56,-48.6,-75.2,-65.3,-106.7,-75.56,-65.25,-35.0,-28.23,-80.25,-66.2,-85.2,-80.5,-43.1,-68.8,-26.89,-74.0,-98.6,-101.9,-47.75,-40.25,-47.3,-42.8,-56.62,0.0,-27.69,-67.56,-92.44,-57.3,-51.44,-82.2,-108.0,0.0,-43.0,-74.8
394,-28.58,-61.56,-42.3,-36.78,-38.0,-81.4,-54.0,-64.75,-69.5,0.0,-33.8,-45.38,-72.25,-65.94,-104.2,-39.47,-52.28,-48.47,-72.9,-76.06,-59.6,-52.5,-55.0,-104.2,-60.53,-76.3,-62.22,-29.8,-34.34,0.0,-56.22,-48.6,-58.75,-50.1,-28.25,-33.0,-60.78,-87.44,-79.75,-69.2,-68.0,0.0,0.0,-67.56,0.0,-89.44,-57.5,-32.2,-49.0,-85.1,-65.94,0.0,-48.22,-35.66,-27.0,-83.0,-80.0,-64.44,-67.2,-32.53,-53.5,-83.2,-69.3,-22.75,-96.44,-63.66,-67.94,-59.4,-56.2,-29.77,-56.94,-91.4,-59.8,-52.66,-63.47,-42.53,-35.2,-82.3,-76.25,-62.38,-26.02,-19.73,-38.66,-34.2,-22.27,0.0,-30.47,-79.1,-68.4,-22.2,-74.75,-56.44,-69.0,0.0,-59.44,-86.4
395,-79.0,-217.5,-197.1,-221.4,-187.2,-202.8,-240.0,-324.2,-359.5,0.0,-120.8,-207.5,-300.0,-224.5,-323.2,-30.81,-183.8,-38.6,-294.0,-309.0,-280.0,-178.8,-159.1,-266.2,-215.9,-260.2,-226.8,-92.6,-103.44,0.0,-245.6,-245.2,-182.4,-109.56,-137.0,-125.3,-184.4,-205.2,-245.5,-172.1,-205.0,0.0,0.0,-237.6,0.0,-364.5,-212.8,-135.6,-220.2,-333.5,-197.5,0.0,-297.0,-174.8,-155.0,-234.8,-196.0,-298.0,-129.0,-164.0,-51.0,-383.8,-67.44,-206.5,-163.1,-321.5,-244.8,-183.1,-153.0,-120.9,-332.2,-259.0,-249.6,-265.2,-210.8,-124.0,-157.0,-259.0,-187.2,-311.2,-70.0,-60.56,-138.5,-193.8,-175.2,0.0,-85.56,-241.8,-354.2,-144.4,-278.8,-245.9,-467.0,0.0,-173.1,-271.8
396,-14.65,-51.0,-31.36,-31.31,-44.0,-54.75,-52.66,-66.0,-73.0,0.0,-21.56,-52.5,-41.0,-34.0,-54.62,-23.53,-37.8,-7.582,-60.1,-60.56,-54.28,-21.23,-34.5,-60.75,-59.0,-42.0,-42.6,-19.0,-25.73,0.0,-39.3,-49.88,-42.84,-16.06,-34.25,-34.72,-29.44,-43.56,-56.0,-31.67,-27.0,0.0,0.0,-49.75,0.0,-53.94,-45.75,-54.0,-47.0,-69.75,-44.5,0.0,-30.45,-29.53,-24.4,-66.5,-47.53,-56.6,-56.9,-41.94,-23.0,-70.2,-34.47,-4.617,-33.12,-63.2,-49.66,-30.33,-8.336,-21.75,-24.78,-61.0,-22.8,-51.0,-36.06,-14.39,-37.56,-31.0,-48.6,-65.8,-19.0,-12.83,-15.77,-25.88,-46.44,0.0,-18.77,-60.84,-56.34,-37.4,-30.53,-41.34,-69.0,0.0,-47.16,-35.8
397,-63.28,-138.1,-100.7,-74.2,-100.7,-143.0,-96.7,-138.8,-159.0,0.0,-69.0,-110.44,-89.0,-91.6,-148.1,-88.0,-55.5,-69.0,-161.9,-226.0,-178.4,-106.6,-69.56,-140.8,-151.2,-160.0,-97.2,-53.0,-26.81,0.0,-132.0,-72.3,-137.6,-115.6,-127.25,-66.56,-99.75,-152.6,-158.9,-85.0,-107.0,0.0,0.0,-115.75,0.0,-99.0,-114.75,-149.4,-84.06,-146.1,-79.7,0.0,-151.2,-81.6,-53.0,-133.8,-129.2,-106.56,-156.6,-95.1,-131.5,-198.6,-70.56,-135.1,-112.7,-156.5,-142.6,-86.5,-113.75,-55.5,-143.9,-166.4,-118.0,-84.2,-83.8,-109.6,-68.25,-162.0,-149.1,-210.5,-34.47,-55.84,-89.44,-129.4,-78.44,0.0,-62.5,-157.6,-97.1,-66.4,-105.9,-105.56,-188.0,0.0,-107.1,-118.5
398,-25.66,-57.6,-48.72,-33.25,-35.12,-51.47,-15.13,-86.25,-64.5,0.0,-25.78,-30.36,-78.0,-25.4,-53.72,-24.0,-55.56,-25.05,-67.8,-62.53,-55.44,-37.4,-22.0,-72.56,-77.94,-39.66,-52.6,-27.8,-26.11,0.0,-65.1,-57.62,-51.9,-31.19,-44.0,-24.72,-51.66,-67.0,-47.9,-40.5,-44.0,0.0,0.0,-52.66,0.0,-49.56,-41.44,-51.5,-48.7,-76.94,-41.22,0.0,-53.16,-38.75,-47.06,-53.0,-68.2,-60.8,-45.5,-27.42,-52.5,-102.75,-51.25,-70.7,-45.34,-58.0,-58.84,-26.48,-30.53,-26.81,-80.4,-83.0,-25.8,-66.8,-39.3,-41.97,-40.94,-45.66,-57.28,-77.75,-28.33,-28.88,-38.4,-37.4,-39.6,0.0,-22.64,-59.44,-59.12,-29.2,-54.47,-40.03,-83.0,0.0,-42.44,-57.06
399,0.0,-4.242,-3.059,-2.188,-2.625,-2.713,-1.667,-3.0,-3.0,0.0,-0.8667,-2.54,-4.7,-2.4,-3.088,-0.75,-2.137,-3.066,-5.168,-3.775,-4.09,-2.76,-2.0,-3.916,-4.25,-3.334,-4.4,-0.6,-2.268,0.0,-2.75,-4.75,-4.293,-3.8,-3.5,-2.334,-3.65,-3.0,-2.72,-1.833,-4.0,0.0,0.0,-2.62,0.0,-3.092,-1.65,-4.85,-3.225,-4.812,-1.517,0.0,-2.324,-1.3125,1.0,-5.25,-4.92,-3.66,-2.375,-1.322,-2.0,-5.51,-1.36,-5.5,-4.125,-5.75,-3.469,-1.636,-2.434,-1.588,-5.15,-5.2,-3.6,-2.166,-1.8,-3.688,-1.594,-6.668,-3.41,-3.5,-0.1375,-0.7363,-2.85,-1.5,-2.395,0.0,-0.844,-5.57,-7.168,-1.25,-4.81,-2.688,-8.0,0.0,-3.857,-3.75
400,-16.34,-33.56,-29.88,-33.75,-34.38,-34.7,-11.7,-31.25,-43.0,0.0,-21.58,-24.81,-39.06,-34.1,-27.25,-14.86,-37.2,-25.52,-57.22,-49.25,-38.22,-29.6,-36.12,-44.97,-31.38,-41.66,-37.62,-21.4,-9.32,0.0,-49.7,-42.72,-35.34,-23.16,-25.25,-17.67,-33.38,-43.9,-34.97,-39.0,-42.25,0.0,0.0,-39.06,0.0,-34.72,-25.92,-21.97,-22.05,-41.53,-26.44,0.0,-33.0,-27.92,-39.0,-34.75,-33.62,-29.25,-16.4,-29.95,-46.0,-49.44,-31.6,-30.27,-38.25,-61.1,-42.47,-31.8,-17.77,-16.25,-38.94,-35.8,-34.0,-26.0,-31.53,-23.62,-14.73,-44.0,-33.34,-53.38,-12.53,-12.78,-20.97,-18.0,-28.72,0.0,-19.66,-41.0,-59.5,-20.67,-44.7,-32.75,-55.0,0.0,-26.28,-41.7
401,-14.99,-39.66,-26.33,-24.86,-37.12,-49.44,-32.72,-34.75,-47.0,0.0,-2.045,-32.75,-47.06,-12.71,-24.78,-21.25,-32.75,-38.44,-51.97,-39.06,-39.44,-14.67,-29.2,-44.44,-45.38,-42.66,-41.0,-15.0,-24.67,0.0,-42.75,-48.16,-23.11,-28.98,-53.25,-28.33,-24.44,-43.16,-32.16,-41.16,-31.0,0.0,0.0,-32.72,0.0,-23.86,-26.19,-29.0,-30.22,-50.2,-11.766,0.0,-37.62,-9.45,-29.75,-22.25,-46.5,-35.56,-44.0,-19.97,-7.0,-41.34,-22.9,-25.39,-37.6,-43.88,-42.78,-26.88,-20.98,-22.45,-41.25,-51.8,-27.8,-31.5,-30.72,-32.97,-15.01,-25.0,-43.3,-44.78,-6.992,-14.45,-25.3,-49.6,-18.98,0.0,-15.17,-35.28,-57.34,-3.566,-36.12,-38.97,-39.0,0.0,-11.71,-38.5
402,-0.4692,-5.457,-3.719,-2.537,-1.25,-1.525,-3.0,-2.375,-4.0,0.0,-0.761,-0.69,-2.82,-2.21,-3.525,-2.25,-2.1,-1.667,-7.332,-5.574,-3.617,-1.52,-3.0,-5.1,-4.75,-0.6665,-4.133,-0.8,-2.7,0.0,-4.75,-2.5,-2.143,-3.52,-2.5,-0.6665,-4.75,-4.48,-2.2,-4.332,-1.0,0.0,0.0,-4.1,0.0,-2.525,-3.133,-1.375,-2.0,-5.05,-1.85,0.0,-3.04,-2.332,-2.0,-3.0,-3.65,-3.41,-5.15,-3.084,-4.0,-6.51,-2.24,-4.168,-5.65,-5.133,-4.156,-2.486,-0.4,-1.862,-6.125,-6.0,-1.6,-3.666,-3.482,-2.23,-2.475,-3.0,-3.38,-4.43,0.03333,-1.495,-1.064,-3.512,-2.256,0.0,-1.036,-4.0,-4.566,-1.833,-4.434,-2.975,-6.0,0.0,-5.332,-4.676
403,-0.377,-2.95,-3.205,-1.537,-1.0,-2.113,-0.3333,-1.5,-3.0,0.0,-1.312,-1.975,-4.43,-2.51,-2.05,-2.5,-3.074,-1.25,-4.684,-7.227,-2.6,-2.43,-2.666,-4.34,-4.5,-4.668,-4.566,-0.4,-2.008,0.0,-4.875,-3.25,-2.459,-3.09,-3.5,-2.666,-1.78,-2.672,-3.7,-2.166,-9.0,0.0,0.0,-2.5,0.0,-3.791,-2.467,-0.7,-5.113,-5.273,0.06665,0.0,-5.39,-2.12,-4.0,-5.25,-2.5,-3.14,-4.875,-3.56,-2.5,-5.2,-3.44,-5.25,-5.4,-5.934,-2.63,-1.864,-1.283,-1.487,-3.625,-5.6,-3.6,-4.668,-1.783,-2.5,-1.975,-2.666,-3.45,-5.89,-0.6294,-0.1364,-1.621,-3.338,-3.062,0.0,-0.549,-5.145,-6.367,-1.333,-5.133,-2.855,-2.0,0.0,-4.5,-3.438
404,-8.86,-22.97,-12.87,-9.24,-9.125,-16.28,-1.333,-9.25,-12.0,0.0,-10.34,-8.33,-19.03,-13.6,-22.48,-14.22,-15.875,-5.785,-20.1,-24.3,-16.19,-7.74,-25.33,-21.94,-20.12,-21.67,-17.39,-7.0,-11.664,0.0,-19.97,-15.766,-22.14,-17.9,-18.5,-11.0,-11.69,-16.17,-22.34,-10.836,-19.0,0.0,0.0,-22.45,0.0,-17.86,-8.5,-16.88,-17.97,-23.14,-3.584,0.0,-18.52,-14.1,-14.3,-28.5,-20.31,-17.84,-16.6,-9.85,-15.0,-23.81,-9.76,-14.43,-19.7,-20.75,-19.81,-13.35,-10.47,-5.094,-23.22,-23.8,-13.4,-20.33,-12.15,-9.93,-16.62,-14.336,-24.39,-22.84,-6.273,-3.914,-6.844,-3.625,-16.06,0.0,-7.727,-21.28,-23.4,-9.836,-21.25,-17.14,-27.0,0.0,-6.0,-15.23
405,-51.25,-114.75,-65.8,-75.6,-51.62,-113.6,-132.9,-102.2,-101.0,0.0,-49.25,-144.5,-112.06,-58.16,-159.9,-28.69,-69.4,-87.25,-118.7,-149.5,-128.2,-105.5,-76.3,-191.6,-118.5,-115.3,-99.8,-51.8,-42.34,0.0,-85.06,-143.8,-125.75,-63.25,-130.8,-31.0,-80.06,-126.8,-137.9,-64.5,-96.4,0.0,0.0,-105.6,0.0,-103.44,-105.6,-108.8,-49.78,-106.1,-64.75,0.0,-120.7,-43.66,-66.25,-121.0,-87.4,-103.6,-126.94,-80.94,-35.0,-179.0,-86.56,-83.6,-55.88,-100.0,-100.75,-55.4,-43.22,-34.5,-127.75,-157.4,-95.4,-128.6,-149.0,-90.4,-68.4,-115.0,-69.9,-148.1,-21.19,-35.72,-59.1,-71.25,-97.1,0.0,-54.03,-90.9,-157.8,-85.7,-127.06,-102.7,-167.0,0.0,-48.34,-125.06
406,-1.192,-4.605,-2.314,-2.682,-2.0,-5.125,-1.333,-3.6,-1.5,0.0,-1.777,-2.291,-2.49,-2.15,-4.49,-1.0,-1.275,-1.934,-3.25,-6.35,-3.95,-1.82,-5.0,-4.25,-4.0,-2.0,-1.783,-1.091,0.15,0.0,-4.273,-1.75,-3.625,-2.79,-0.25,-0.3333,-2.89,-4.844,-3.94,-1.833,-1.0,0.0,0.0,-2.65,0.0,-4.133,-0.933,-1.4,-4.113,-4.688,-2.467,0.0,-2.97,-2.62,-3.0,-3.25,-2.1,-2.59,-5.4,-2.262,-2.5,-4.74,-2.47,-2.334,-3.2,-4.918,-2.688,-3.879,-5.215,-1.756,-3.75,-5.2,-1.2,-4.668,-0.85,-2.031,-2.506,-3.666,-1.72,-4.51,-0.921,-0.618,-0.7285,-3.25,-2.182,0.0,-1.018,-3.428,-6.45,-2.0,-2.2,-3.318,-6.0,0.0,-2.334,-1.85
407,-61.72,-79.44,-68.1,-92.06,-79.1,-123.3,-49.16,-151.0,-143.0,0.0,-18.89,-74.6,-147.1,-95.2,-153.0,-54.38,-87.5,-110.5,-142.2,-144.5,-147.1,-81.44,-127.3,-164.5,-120.5,-163.0,-125.0,-40.47,-63.06,0.0,-114.6,-160.0,-119.3,-74.56,-142.8,-47.0,-85.44,-130.0,-126.7,-119.3,-96.0,0.0,0.0,-111.2,0.0,-88.6,-45.03,-106.7,-62.1,-138.1,-148.0,0.0,-117.6,-81.3,-51.75,-124.75,-108.7,-133.9,-125.5,-82.5,-141.5,-114.4,-71.44,-57.12,-140.8,-167.8,-112.6,-49.34,-37.12,-66.5,-106.0,-147.8,-79.8,-86.2,-114.9,-60.3,-97.75,-111.0,-109.1,-150.6,-43.06,-56.94,-94.94,-119.9,-74.1,0.0,-47.62,-105.44,-164.4,-94.7,-159.1,-93.9,-167.0,0.0,-116.5,-117.5
408,-11.87,-37.16,-25.4,-22.3,-18.75,-28.62,-25.0,-29.2,-30.0,0.0,-7.13,-16.11,-31.14,-36.38,-37.62,-8.26,-22.34,-16.33,-32.2,-44.4,-41.28,-29.19,-21.75,-37.84,-36.94,-48.66,-26.4,-14.91,-9.87,0.0,-33.1,-35.88,-27.58,-26.38,-6.0,-6.0,-9.91,-23.45,-37.34,-13.164,-20.2,0.0,0.0,-35.34,0.0,-36.2,-28.4,-21.0,-18.92,-36.28,-7.5,0.0,-30.17,-27.5,-28.0,-38.5,-34.34,-33.6,-65.7,-22.11,-26.5,-49.2,-23.05,-20.25,-47.12,-46.16,-34.38,-13.48,-14.4,-19.06,-44.12,-42.4,-16.0,-23.67,-41.47,-25.12,-22.86,-28.0,-19.88,-34.94,-14.88,-16.48,-19.3,-28.45,-21.8,0.0,-14.73,-29.58,-45.25,-23.22,-38.1,-32.2,-62.0,0.0,-26.5,-29.28
409,-3.818,-9.3,-7.234,-5.32,-3.875,-6.96,-5.418,-6.85,-9.5,0.0,-4.6,-4.875,-8.42,-5.9,-10.92,-1.725,-5.85,-6.15,-10.7,-14.7,-9.484,-5.21,-3.938,-13.44,-11.06,-8.664,-9.07,-4.273,-3.475,0.0,-5.51,-10.25,-6.5,-5.02,-6.0,-3.857,-3.34,-9.055,-9.47,-7.668,-3.25,0.0,0.0,-7.55,0.0,-9.38,-4.816,-3.875,-6.25,-9.625,-1.233,0.0,-9.04,-6.074,-7.0,-8.75,-10.24,-10.85,-7.9,-5.32,-6.5,-8.516,-4.49,-7.5,-6.773,-8.5,-7.855,-6.793,-5.668,-5.375,-11.05,-12.2,-6.6,-12.5,-7.0,-5.883,-5.273,-6.0,-13.1,-8.34,-3.941,-1.236,-4.473,-7.3,-5.0,0.0,-3.494,-7.145,-9.47,-4.5,-8.37,-8.3,-9.0,0.0,-8.336,-5.625
410,-2.492,-8.71,-5.156,-3.77,-7.75,-9.42,-6.418,-6.75,-9.0,0.0,-2.389,-4.477,-8.516,-1.9,-7.688,-4.15,-8.58,-7.8,-7.85,-10.67,-14.37,-5.01,-6.75,-12.6,-12.25,-9.664,-9.75,-3.545,-4.875,0.0,-9.31,-7.062,-8.59,-3.72,-1.25,-2.143,-5.45,-9.4,-8.26,-4.668,-15.0,0.0,0.0,-7.74,0.0,-4.582,-6.035,-7.8,-6.85,-11.85,-5.75,0.0,-5.16,-4.79,-2.0,-10.5,-12.78,-9.36,-6.125,-4.37,-11.0,-12.875,-6.46,-7.918,-2.324,-6.168,-6.93,-4.582,-8.664,-4.707,-9.55,-11.4,-7.8,-9.836,-6.55,-6.137,-4.445,-7.668,-11.5,-9.7,-2.768,-3.514,-7.32,-8.19,-7.086,0.0,-3.73,-11.14,-7.965,0.0833,-8.57,-6.85,-9.0,0.0,-5.332,-10.05
411,-11.32,-34.28,-20.9,-20.05,-33.38,-30.3,-19.5,-48.0,-33.5,0.0,-13.51,-17.27,-39.47,-17.3,-31.78,-11.8,-26.23,-26.5,-50.5,-55.7,-33.12,-10.81,-16.38,-39.78,-30.55,-41.66,-29.69,-16.19,-16.86,0.0,-41.72,-36.94,-33.5,-23.19,-30.25,-12.0,-27.06,-30.34,-45.66,-33.66,-58.0,0.0,0.0,-28.05,0.0,-36.03,-18.7,-23.84,-20.11,-41.75,-19.8,0.0,-36.3,-26.92,-14.5,-30.5,-22.28,-23.31,-20.25,-14.61,-5.5,-46.38,-19.1,-29.17,-37.2,-52.72,-34.47,-25.22,-16.4,-15.86,-22.81,-53.6,-21.4,-37.0,-28.48,-27.4,-18.75,-41.0,-32.78,-51.22,-8.54,-16.8,-22.11,-38.8,-22.03,0.0,-14.195,-26.86,-42.0,-14.75,-35.62,-36.28,-20.0,0.0,-26.0,-36.56
412,-118.6,-264.2,-196.4,-167.5,-167.9,-227.5,-203.2,-95.0,-262.0,0.0,-106.8,-152.0,-242.2,-134.9,-269.8,-33.28,-95.94,-226.6,-239.9,-205.4,-257.8,-119.94,-109.94,-311.8,-241.0,-208.4,-313.8,-134.2,-78.4,0.0,-167.0,-156.2,-200.5,-203.8,-152.8,-101.9,-243.0,-257.8,-261.8,-207.6,-153.8,0.0,0.0,-216.1,0.0,-249.4,-147.2,-228.5,-238.0,-264.8,-142.4,0.0,-212.4,-212.6,-188.0,-227.0,-248.6,-189.5,-375.0,-124.94,-95.0,-327.2,-81.2,-144.0,-233.8,-315.0,-224.2,-176.4,-114.2,-138.2,-218.4,-287.0,-219.4,-245.9,-213.9,-165.8,-91.8,-220.4,-184.2,-248.1,-109.0,-91.7,-188.4,-168.0,-137.8,0.0,-102.56,-171.2,-303.8,-114.06,-160.5,-228.0,-335.0,0.0,-263.0,-243.6
413,-0.536,-4.676,-2.66,-1.619,-3.0,-3.426,-2.0,-4.375,-7.0,0.0,-1.816,-1.158,-3.6,-1.967,-4.9,-1.25,-0.25,-3.684,-3.375,-2.062,-3.441,-2.53,-2.75,-6.3,-4.8,-3.334,-3.316,-1.272,-1.636,0.0,-5.336,-4.75,-3.584,-3.32,-4.75,-0.5713,-2.32,-4.086,-4.67,-3.834,-5.0,0.0,0.0,-3.4,0.0,-4.35,-1.533,-2.75,-3.7,-6.1,-1.55,0.0,-2.58,-0.806,-4.0,-4.25,-4.25,-4.75,-4.926,-2.695,-3.0,-6.24,-3.64,-2.65,-2.0,-5.535,-3.02,-2.143,-2.166,-1.85,-4.176,-5.0,-0.8,-4.0,-4.11,-2.057,-1.55,-4.332,-3.24,-4.89,-0.1542,-0.09546,-2.7,-2.738,-2.475,0.0,-1.315,-4.57,-7.0,0.4666,-3.342,-3.756,-10.0,0.0,-3.166,-3.375
414,-1.555,-7.918,-5.797,-6.758,-3.75,-10.75,-3.334,-3.75,-9.0,0.0,-2.656,-3.5,-6.977,-4.09,-9.414,-4.375,-4.85,-6.566,-11.33,-11.35,-8.85,-6.45,-6.1,-13.44,-11.76,-9.664,-11.336,-3.908,-6.2,0.0,-10.94,-9.5,-5.824,-7.76,-4.75,-4.43,-7.33,-6.633,-8.44,-5.668,-5.0,0.0,0.0,-11.4,0.0,-8.734,-5.5,-7.0,-6.523,-9.06,-1.0,0.0,-6.63,-5.395,-15.0,-8.0,-8.28,-7.99,-10.0,-3.34,-6.5,-11.984,-4.52,-3.666,-4.95,-8.414,-7.367,-7.582,-3.9,-4.062,-7.6,-10.0,-4.8,-7.668,-7.227,-7.24,-7.156,-8.0,-7.6,-11.52,-3.283,-3.582,-7.17,-5.062,-5.414,0.0,-3.664,-8.43,-10.5,-4.734,-7.332,-8.32,-13.0,0.0,-11.336,-8.42
415,-1.664,-3.838,-2.256,-1.15,-1.125,-2.875,-2.0,-3.5,-2.5,0.0,-1.866,-2.55,-3.65,-2.625,-3.7,-1.5,-2.95,-3.066,-2.4,-4.113,-4.035,-2.78,-5.25,-5.64,-3.8,-4.668,-2.768,-2.182,-1.422,0.0,-4.824,-3.0,-4.426,-1.02,-4.5,-1.143,-1.57,-4.625,-4.25,-2.166,-3.0,0.0,0.0,-4.34,0.0,-5.832,-1.225,-4.375,-1.925,-4.5,-3.066,0.0,-3.14,-3.062,0.0,-4.25,-4.13,-2.8,-2.3,-1.473,-1.0,-3.95,-2.55,-1.4,-2.725,-4.766,-2.182,-3.607,-1.95,-1.263,-3.525,-6.5,-2.4,-4.0,-2.459,-1.675,-1.3125,-2.334,-3.73,-5.39,-1.6045,-0.7954,-2.814,-0.4,-2.113,0.0,-0.7593,-4.715,-4.367,-2.268,-4.0,-2.95,-6.0,0.0,-0.1666,-3.5
416,-22.4,-55.84,-41.34,-44.34,-46.88,-48.47,-29.6,-85.0,-46.0,0.0,-21.45,-30.5,-54.66,-39.84,-87.6,-30.77,-31.84,-7.15,-82.0,-85.7,-57.8,-43.62,-43.94,-70.56,-56.94,-24.0,-64.06,-28.45,-23.0,0.0,-41.4,-48.0,-64.4,-86.94,-22.25,-31.58,-66.56,-49.1,-58.44,-29.67,-107.0,0.0,0.0,-70.5,0.0,-68.8,-29.69,-60.7,-51.94,-61.7,-51.4,0.0,-51.22,-37.8,-35.0,-65.0,-69.0,-58.94,-75.7,-35.1,-49.5,-69.9,-39.44,-28.7,-48.0,-53.66,-41.03,-52.47,-31.6,-28.86,-58.56,-89.0,-26.4,-78.7,-27.86,-30.14,-26.05,-70.0,-52.7,-68.1,-19.77,-26.55,-38.94,-47.53,-28.47,0.0,-24.2,-55.72,-57.72,-37.4,-60.25,-72.44,-83.0,0.0,-37.5,-72.3
417,-1.291,-8.7,-6.453,-6.582,-4.0,-5.2,-6.332,-6.35,-9.5,0.0,-3.434,-5.1,-14.25,-4.867,-7.676,-2.6,-7.0,-8.164,-9.75,-9.914,-9.266,-7.04,-8.6,-10.41,-5.98,-14.336,-7.883,-1.363,-3.443,0.0,-6.727,-7.6,-10.45,-7.79,-4.0,-3.857,-4.86,-9.53,-7.33,-5.832,-10.4,0.0,0.0,-9.86,0.0,-6.977,-5.516,-4.05,-5.586,-11.92,-7.465,0.0,-8.41,-5.85,-5.0,-8.75,-9.74,-5.41,-5.25,-4.344,-6.0,-16.94,-3.75,-8.13,-6.25,-12.88,-8.36,-8.5,-7.465,-1.213,-10.85,-10.0,-5.4,-9.0,-5.066,-5.418,-5.746,-8.336,-7.38,-7.44,-2.883,-3.182,-3.742,-9.06,-2.3,0.0,-3.873,-10.0,-6.8,-2.268,-9.414,-7.957,-5.0,0.0,-8.5,-6.2
418,-13.4,-141.5,-86.1,-96.56,-79.25,-118.5,-31.3,-125.5,-125.5,0.0,-40.62,-87.0,-126.44,-57.28,-95.7,-30.0,-58.75,-79.94,-181.1,-109.7,-150.8,-99.0,-61.88,-177.6,-114.9,-63.0,-92.0,-22.0,-63.88,0.0,-159.0,-142.2,-91.6,-46.06,-79.0,-15.43,-105.75,-109.25,-127.44,-79.8,-160.0,0.0,0.0,-66.94,0.0,-138.1,-79.8,-113.75,-96.06,-126.8,-82.25,0.0,-83.6,-60.25,-89.0,-65.25,-142.9,-129.5,-134.4,-66.25,-79.5,-151.9,-100.7,-28.06,-207.5,-182.2,-72.1,-101.75,-38.6,-53.75,-94.7,-125.5,-65.6,-109.8,-65.2,-94.0,-71.4,-98.3,-149.5,-149.2,-28.19,-40.34,-57.66,-98.25,-62.38,0.0,-38.53,-90.7,-127.5,-39.4,-114.7,-118.3,-160.0,0.0,-110.5,-123.44
419,-17.97,-44.78,-32.03,-27.19,-29.5,-49.94,-20.58,-33.1,-8.0,0.0,-13.64,-24.23,-45.44,-23.22,-54.0,-14.0,-26.05,-27.19,-36.8,-42.4,-44.2,-19.28,-36.2,-43.62,-46.62,-34.66,-36.84,-14.27,-15.83,0.0,-40.56,-49.4,-39.03,-17.47,-19.5,-20.72,-50.03,-24.47,-36.0,-34.66,-11.65,0.0,0.0,-29.11,0.0,-41.03,-16.62,-31.25,-43.2,-24.81,-36.1,0.0,-45.5,-22.11,-47.0,-33.0,-38.75,-36.03,-34.75,-28.45,-21.5,-44.4,-28.6,-23.42,-43.1,-49.94,-39.12,-29.5,-17.0,-23.17,-42.0,-55.0,-37.6,-34.66,-39.9,-34.44,-33.06,-37.0,-31.12,-38.4,-19.02,-14.46,-36.3,-20.77,-19.38,0.0,-16.44,-35.28,-45.9,-19.66,-42.0,-40.0,-23.0,0.0,-15.336,-33.97
420,-53.44,-125.0,-54.7,-84.56,-80.0,-140.2,-10.836,-78.9,-112.5,0.0,-28.45,-89.56,-133.2,-62.1,-131.4,-70.1,-59.44,-98.44,-88.9,-157.5,-129.6,-80.44,-34.12,-158.9,-111.1,-79.3,-121.06,-63.8,-33.72,0.0,-101.1,-64.5,-96.9,-72.9,-88.5,-54.56,-84.3,-94.7,-161.9,-106.8,-34.5,0.0,0.0,-112.2,0.0,-84.6,-73.25,-116.6,-21.31,-128.5,-21.69,0.0,-91.94,-99.1,-91.0,-102.25,-130.8,-111.1,-99.9,-74.4,-29.0,-120.06,-80.25,-18.0,-110.25,-159.4,-89.8,-32.78,-87.2,-59.84,-87.9,-148.5,-100.8,-104.3,-81.06,-106.75,-83.9,-159.6,-100.7,-110.56,-46.88,-31.78,-68.3,-42.56,-84.5,0.0,-47.28,-119.7,-91.44,-76.8,-108.94,-120.4,-114.0,0.0,-98.7,-120.9
421,-8.63,-25.06,-22.0,-19.36,-28.14,-23.4,-29.75,-30.8,-20.0,0.0,-3.45,-24.31,-34.25,-19.8,-29.94,-9.77,-9.42,-31.83,-35.8,-35.53,-28.89,-22.31,-9.31,-45.75,-23.12,-39.66,-23.02,-10.45,-13.21,0.0,-37.8,-43.25,-27.55,-14.65,-18.75,-13.57,-14.51,-27.53,-16.8,-30.17,-9.0,0.0,0.0,-24.7,0.0,-21.22,-20.53,-20.25,-13.836,-39.75,-15.43,0.0,-28.31,-9.67,-12.0,-28.25,-30.45,-22.1,-27.75,-16.45,-35.0,-50.88,-20.38,-16.73,-24.22,-37.53,-32.84,-19.08,-15.9,-2.932,-23.03,-35.0,-22.4,-28.5,-28.22,-20.52,-17.0,-37.34,-26.19,-28.25,-11.59,-9.98,-11.96,-15.9,-21.97,0.0,-10.266,-30.28,-33.4,-15.7,-26.7,-26.55,-29.0,0.0,-19.17,-20.47
422,0.2046,-4.273,-2.41,-2.062,-1.571,-2.312,-1.333,-4.5,-4.0,0.0,-2.3,-1.82,-3.783,-4.227,-3.938,-1.25,-4.438,-2.4,-5.426,-5.75,-4.55,-2.01,-2.5,-5.22,-4.5,-2.666,-3.1,-1.333,-1.862,0.0,-4.023,-3.0,-3.7,-2.64,-3.75,-1.429,-2.84,-2.967,-3.48,-2.5,-4.0,0.0,0.0,-3.65,0.0,-3.982,-2.914,-0.85,-2.762,-5.26,-2.066,0.0,-2.81,-1.881,-4.0,-3.25,-4.19,-3.87,-3.125,-2.35,-0.5,-3.7,-2.61,-4.434,-1.2,-5.25,-3.281,-1.533,-3.732,-1.3125,-2.7,-7.0,-2.0,-3.834,-2.824,-2.844,-1.711,-5.332,-5.87,-5.09,-0.969,-1.291,-0.6,-2.55,-1.344,0.0,-1.243,-3.428,-4.832,-3.033,-3.45,-3.264,-4.0,0.0,-3.834,-3.838
423,-0.773,-4.574,-1.99,-0.3438,-3.143,-3.2,-1.333,-4.125,-3.0,0.0,-2.25,-0.35,-0.9834,-1.425,-4.023,-2.25,-0.4,-1.417,-5.625,-5.46,-4.1,-3.24,-2.5,-6.85,-4.0,-1.667,-1.0,-1.5,-0.556,0.0,-4.977,-5.0,-5.08,-2.14,-3.25,-1.143,-1.64,-4.24,-3.98,-4.168,-2.0,0.0,0.0,-3.87,0.0,-2.643,-2.479,-2.65,-3.713,-3.574,-1.25,0.0,-3.8,-1.787,-2.0,-3.25,-2.79,-2.62,-7.0,-2.473,-1.5,-7.5,-1.0,-1.0,-7.125,-6.35,-3.418,-4.7,-2.033,0.03125,-4.574,-6.0,-3.2,-4.332,-0.825,-3.338,-0.739,-3.666,-4.34,-5.3,-0.2269,-0.8135,-2.47,-2.238,-3.137,0.0,-0.964,-4.145,-6.117,-0.9,-3.824,-3.578,-8.0,0.0,-2.0,-4.324
424,-4.51,-26.19,-12.92,-16.03,-12.43,-25.7,-11.25,-19.0,-16.5,0.0,-8.12,-12.41,-21.19,-15.125,-25.31,-15.06,-12.5,-8.586,-28.75,-22.61,-26.86,-18.86,-17.75,-26.08,-29.25,-22.0,-24.48,-8.164,-5.824,0.0,-25.6,-26.4,-18.94,-13.77,-21.0,-6.855,-18.98,-20.61,-18.52,-16.0,-14.0,0.0,0.0,-22.19,0.0,-26.1,-17.44,-13.35,-21.3,-31.48,-14.03,0.0,-19.12,-14.52,-4.0,-12.25,-26.34,-25.27,-18.75,-14.164,-11.5,-26.69,-20.45,-12.6,-13.0,-33.6,-24.53,-13.55,-10.57,-7.207,-20.16,-26.5,-12.0,-21.5,-15.36,-10.42,-22.11,-28.0,-26.5,-26.48,-9.13,-6.785,-11.84,-25.47,-13.75,0.0,-8.44,-26.28,-37.25,-6.75,-25.28,-26.19,-24.0,0.0,-11.836,-18.38
425,-17.14,-41.28,-25.39,-23.72,-19.06,-41.66,-32.34,-42.0,-27.0,0.0,-12.85,-39.12,-25.9,-49.5,-39.5,-23.38,-23.0,-26.83,-50.5,-65.6,-33.66,-25.83,-15.664,-42.12,-36.75,-29.67,-37.56,-13.664,-11.89,0.0,-27.2,-45.66,-46.03,-26.44,-39.0,-18.42,-15.86,-30.23,-33.97,-32.84,-15.0,0.0,0.0,-43.9,0.0,-41.28,-24.75,-19.3,-30.27,-43.94,-32.16,0.0,-39.75,-24.86,-17.0,-57.25,-47.4,-29.08,-25.62,-17.19,-27.5,-47.8,-27.33,-11.0,-42.28,-34.97,-31.38,-51.9,-13.664,-14.39,-41.5,-39.0,-23.0,-48.84,-32.16,-22.44,-26.95,-33.0,-36.2,-60.88,-10.75,-12.375,-36.3,-33.06,-35.62,0.0,-13.695,-48.16,-54.47,-16.17,-27.6,-39.12,-55.0,0.0,-26.0,-34.78
426,-13.54,-31.11,-27.34,-17.36,-20.14,-34.0,-17.86,-34.4,-34.0,0.0,-15.28,-13.94,-38.84,-18.12,-39.78,-14.78,-15.625,-32.25,-43.38,-40.94,-61.06,-22.12,-16.78,-49.7,-22.38,-34.66,-29.8,-14.164,-8.44,0.0,-26.66,-30.98,-25.67,-13.74,-14.75,-14.0,-13.37,-36.1,-26.67,-17.17,-48.0,0.0,0.0,-30.34,0.0,-22.34,-26.77,-37.5,-33.1,-39.34,-22.22,0.0,-26.19,-30.5,-13.0,-36.75,-32.62,-40.84,-35.25,-22.92,-21.5,-33.53,-14.68,-12.5,-37.8,-29.6,-26.77,-24.06,-13.97,-13.03,-23.34,-41.0,-27.4,-22.0,-30.67,-21.72,-11.92,-40.66,-22.5,-40.9,-13.35,-7.863,-18.16,-19.72,-18.53,0.0,-14.99,-35.56,-45.28,-9.234,-36.84,-34.25,-34.0,0.0,-7.668,-22.05
427,-26.0,-91.06,-73.25,-20.72,-49.72,-58.8,-44.0,-97.4,-50.5,0.0,-13.2,-54.6,-93.06,-72.8,-58.56,-31.81,-59.62,-53.75,-60.4,-75.75,-58.28,-29.06,-100.7,-88.56,-57.34,-119.0,-91.5,-44.0,-34.5,0.0,-68.0,-115.75,-101.5,-39.84,-54.5,-74.0,-57.62,-72.4,-49.0,-65.3,-102.0,0.0,0.0,-57.12,0.0,-67.06,-37.34,-42.7,-53.53,-107.8,-79.25,0.0,-46.56,-51.03,-57.2,-37.5,-86.56,-53.28,-83.1,-59.47,-59.0,-95.3,-69.9,-52.94,-80.0,-66.8,-84.0,-39.56,-54.34,-27.8,-67.75,-81.5,-65.2,-61.16,-94.1,-45.44,-49.78,-73.0,-67.8,-79.9,-33.03,-39.66,-44.53,-54.1,-53.3,0.0,-28.47,-57.72,-96.56,-17.75,-81.94,-56.66,-104.0,0.0,-49.66,-59.0
428,-32.53,-76.06,-44.5,-59.28,-45.2,-95.2,-34.3,-50.1,-51.0,0.0,-22.06,-47.72,-34.4,-30.86,-62.38,-15.234,-44.06,-30.45,-79.8,-86.5,-81.25,-23.84,-28.34,-80.56,-63.0,-34.34,-30.45,-29.33,-24.97,0.0,-49.97,-47.8,-79.25,-45.9,-44.75,-19.42,-64.25,-52.38,-67.4,-35.5,-88.0,0.0,0.0,-59.62,0.0,-62.53,-52.44,-9.125,-49.4,-73.75,-79.6,0.0,-71.0,-38.5,-56.9,-76.25,-51.62,-42.88,-54.12,-36.38,-63.5,-60.38,-60.97,-25.8,-92.25,-95.9,-62.5,-57.62,-31.5,-43.3,-60.75,-70.5,-41.2,-59.0,-72.8,-50.22,-41.06,-85.0,-43.84,-72.5,-24.47,-19.02,-30.25,-28.4,-29.0,0.0,-30.5,-63.16,-61.94,-29.84,-78.75,-70.5,0.0,0.0,-51.16,-46.5
429,-13.03,-68.0,-49.78,-59.84,-39.0,-49.28,-50.9,-51.0,-107.5,0.0,-26.72,-48.44,-66.3,-51.6,-83.75,-24.14,-72.3,-48.62,-108.06,-73.94,-67.7,-19.23,-71.06,-82.25,-78.5,-79.0,-43.66,-24.0,-35.47,0.0,-70.94,-53.62,-65.94,-31.89,-85.0,-39.72,-35.88,-76.7,-75.44,-54.66,-86.25,0.0,0.0,-48.75,0.0,-53.3,-71.44,-48.34,-62.16,-86.06,-29.17,0.0,-73.5,-48.0,-67.0,-59.5,-75.56,-62.9,-89.4,-52.12,-67.0,-82.3,-52.84,-43.62,-36.5,-88.3,-74.25,-67.2,-11.25,-53.66,-72.1,-81.5,-55.0,-51.0,-44.0,-33.5,-54.9,-73.7,-50.88,-87.06,-33.25,-19.98,-33.6,-70.6,-50.38,0.0,-35.4,-59.28,-104.06,-19.06,-84.75,-77.1,0.0,0.0,-64.5,-91.9
430,-11.4,-57.5,-36.4,-27.28,-30.58,-42.94,-23.98,-22.25,-71.0,0.0,-23.78,-15.5,-47.88,-35.3,-45.8,-30.92,-16.72,-8.0,-45.88,-62.22,-65.3,-25.19,-22.6,-66.2,-36.9,-31.67,-32.75,-9.5,-23.12,0.0,-31.66,-42.1,-24.94,-38.75,-33.0,-23.42,-46.66,-34.84,-47.84,-28.83,-36.0,0.0,0.0,-48.84,0.0,-39.44,-29.75,-21.5,-30.2,-46.9,-12.164,0.0,-36.06,-28.62,-27.75,-45.75,-50.9,-29.45,-38.47,-18.4,-9.0,-55.16,-32.62,-33.7,-33.62,-63.06,-32.28,-28.23,-10.85,-27.78,-28.75,-71.0,-28.0,-37.16,-38.5,-29.47,-31.66,-47.0,-43.84,-62.38,-10.586,-18.62,-39.6,-34.8,-24.98,0.0,-20.53,-39.28,-57.5,-29.5,-55.5,-37.25,0.0,0.0,-27.83,-39.38
431,-52.4,-136.4,-99.4,-157.1,-80.3,-106.0,-138.4,-147.0,-164.0,0.0,-35.2,-104.4,-71.4,-97.4,-120.56,-51.12,-75.9,-135.0,-151.4,-137.0,-155.1,-66.8,-112.0,-181.0,-76.0,-169.0,-193.0,-54.0,-83.1,0.0,-132.1,-239.5,-125.0,-137.0,-97.0,-60.56,-73.7,-127.44,-151.1,-89.5,-24.1,0.0,0.0,-126.9,0.0,-139.8,-62.66,-136.5,-148.0,-215.5,-166.6,0.0,-122.25,-119.0,-117.0,-201.5,-168.8,-131.5,-115.25,-63.9,-119.0,-186.5,-62.94,-118.0,-119.0,-184.1,-134.8,-122.2,-87.25,-88.8,-187.5,-224.0,-113.0,-125.7,-132.2,-137.8,-101.3,-179.0,-140.1,-150.6,-82.25,-45.7,-94.0,-65.7,-100.9,0.0,-58.0,-181.2,-166.1,-1.017,-152.5,-130.1,0.0,0.0,-109.2,-141.8
432,-23.77,-86.7,-59.16,-19.73,-71.9,-28.62,-37.78,-65.25,-57.5,0.0,-25.98,-64.1,-69.06,-54.97,-95.8,-30.86,-35.6,-79.3,-78.5,-105.4,-65.75,-23.86,-43.25,-98.75,-75.25,-139.6,-65.7,-19.0,-35.4,0.0,-60.38,-72.1,-57.44,-84.0,-55.75,-38.72,-52.22,-54.2,-96.9,-84.0,-90.0,0.0,0.0,-75.56,0.0,-85.3,-61.34,-70.25,-70.06,-85.2,-73.6,0.0,-47.1,-57.47,-60.0,-85.5,-74.75,-59.62,-50.88,-35.8,-41.0,-83.8,-55.56,-38.47,-82.44,-87.06,-72.44,-63.7,-37.4,-51.4,-57.62,-111.5,-36.0,-78.3,-55.7,-54.47,-25.27,-69.0,-58.88,-93.56,-25.9,-21.89,-45.94,-13.31,-37.66,0.0,-28.97,-54.84,-63.5,-32.38,-77.2,-46.56,0.0,0.0,-40.16,-50.0
433,-156.2,-308.5,-171.4,-92.6,-189.2,-206.1,-136.0,-104.75,-283.5,0.0,-111.4,-167.9,-245.6,-129.8,-298.0,-120.94,-145.8,-82.25,-352.0,-400.2,-278.5,-174.0,-119.4,-385.2,-170.0,-294.0,-232.2,-103.0,-150.0,0.0,-224.4,-256.2,-204.2,-117.25,-207.5,-110.44,-150.1,-224.8,-292.2,-172.4,-360.0,0.0,0.0,-238.4,0.0,-234.1,-260.8,-183.6,-243.5,-337.5,-75.0,0.0,-205.5,-165.6,-219.8,-281.8,-276.2,-193.2,-129.4,-139.5,-207.0,-274.0,-125.44,-183.4,-258.8,-288.5,-232.8,-168.2,-128.5,-66.9,-334.8,-311.0,-79.8,-302.8,-89.1,-198.5,-183.5,-301.8,-331.5,-285.5,-105.75,-77.2,-182.2,-115.75,-170.8,0.0,-70.8,-141.4,-212.4,-30.66,-287.2,-257.5,0.0,0.0,-231.4,-253.1
434,-25.05,-106.25,-90.9,-83.7,-56.0,-109.2,-87.0,-120.4,-109.0,0.0,-47.47,-83.5,-160.6,-97.75,-90.2,-49.5,-112.5,-82.75,-135.2,-113.8,-123.9,-46.44,-92.0,-138.4,-116.4,-52.0,-124.06,-46.66,-61.5,0.0,-110.7,-173.5,-97.6,-53.0,-76.0,-27.28,-85.9,-126.75,-92.94,-52.66,-110.75,0.0,0.0,-104.6,0.0,-102.75,-71.25,-75.25,-93.06,-91.3,-47.38,0.0,-91.0,-124.44,-49.8,-118.75,-81.9,-97.25,-144.9,-51.84,-43.0,-115.44,-101.0,-75.8,-57.47,-160.1,-155.4,-119.5,-76.8,-51.34,-82.44,-153.0,-96.4,-108.0,-34.78,-97.75,-62.3,-98.7,-95.2,-160.5,-39.0,-48.25,-57.1,-107.75,-70.9,0.0,-45.0,-56.16,-112.2,-15.43,-119.6,-100.4,0.0,0.0,-80.8,-133.6
435,-36.06,-47.06,-30.94,-51.25,-51.16,-44.56,-34.66,-32.8,-70.5,0.0,-26.16,-40.47,-82.0,-33.47,-55.8,-11.01,-26.44,-21.9,-61.25,-88.3,-71.2,-40.47,-32.78,-86.06,-66.6,-59.66,-60.66,-17.0,-24.42,0.0,-70.9,-53.25,-34.06,-59.5,-58.0,-31.58,-40.44,-54.5,-78.0,-41.34,-59.0,0.0,0.0,-43.84,0.0,-67.8,-58.16,-34.25,-33.4,-62.9,-7.832,0.0,-60.84,-36.16,-0.5,-50.0,-46.78,-64.25,-85.1,-41.66,-38.0,-90.3,-43.06,-61.22,-41.5,-63.47,-50.2,-35.2,-23.02,-37.3,-65.25,-95.0,-25.6,-52.72,-44.6,-26.7,-39.47,-62.66,-32.8,-89.2,-20.16,-13.49,-26.86,-33.78,-47.44,0.0,-21.69,-70.7,-79.75,-17.67,-58.62,-63.75,0.0,0.0,-19.33,-52.62
436,-68.56,-143.6,-105.56,-70.3,-184.1,-150.9,-85.3,-30.4,-180.5,0.0,-35.12,-141.0,-138.4,-105.06,-166.0,-64.8,-78.9,-148.4,-165.4,-252.8,-125.3,-93.06,-150.5,-154.2,-136.1,-185.6,-111.2,-70.5,-107.1,0.0,-220.5,-135.5,-173.5,-135.8,-104.5,-69.7,-181.2,-124.25,-153.8,-138.1,-163.0,0.0,0.0,-145.8,0.0,-172.5,-104.56,-49.53,-129.9,-165.9,-21.31,0.0,-106.0,-108.75,-21.5,-164.0,-136.9,-130.8,-136.0,-104.6,-132.5,-173.1,-117.9,-149.5,-131.1,-276.2,-177.9,-120.56,-131.0,-68.5,-264.0,-131.0,-98.8,-150.0,-184.9,-97.9,-113.8,-149.4,-214.4,-142.8,-17.75,-60.75,-121.2,-168.2,-121.0,0.0,-59.97,-113.0,-247.5,-43.0,-184.1,-196.0,0.0,0.0,-98.7,-185.8
437,-5.836,-16.45,-13.11,-14.3,-7.0,-19.95,-16.92,-7.4,-22.0,0.0,-4.996,-14.16,-18.08,-9.414,-25.72,-5.21,-14.23,-12.9,-25.0,-17.0,-20.72,-7.33,-9.85,-23.36,-25.34,-28.33,-19.27,-9.0,-1.912,0.0,-22.47,-15.5,-22.53,-12.35,-11.75,-9.86,-17.8,-23.31,-20.48,-15.5,-9.5,0.0,0.0,-15.24,0.0,-19.83,-12.195,-3.066,-18.84,-22.03,-8.3,0.0,-21.66,-13.96,-27.0,-19.75,-11.1,-19.23,-14.5,-9.414,-4.5,-29.88,-11.36,-4.766,-20.45,-22.14,-15.33,-6.81,-4.633,-4.54,-24.67,-27.0,-13.0,-22.0,-23.02,-12.7,-11.42,-24.0,-25.95,-22.88,-6.734,-3.254,-5.543,-9.95,-12.4,0.0,-7.03,-21.86,-24.05,-4.035,-21.0,-14.3,0.0,0.0,-13.664,-17.16
438,-19.72,-61.94,-40.22,-32.7,-39.12,-32.28,-44.25,-41.0,-35.0,0.0,-39.94,-53.94,-39.2,-43.28,-58.94,-28.39,-58.84,-38.5,-56.12,-80.0,-68.7,-38.3,-67.1,-66.2,-40.97,-47.34,-49.2,-29.0,-31.55,0.0,-38.3,-77.56,-54.06,-58.12,-44.75,-24.72,-42.3,-53.47,-83.1,-63.16,-47.25,0.0,0.0,-41.3,0.0,-56.3,-42.53,-38.0,-36.3,-69.25,-12.75,0.0,-34.66,-44.12,-25.0,-74.0,-40.38,-50.66,-68.6,-52.22,-40.0,-78.75,-30.78,-44.8,-64.4,-68.4,-51.1,-66.0,-27.8,-34.94,-86.3,-59.0,-47.2,-62.56,-30.22,-38.72,-46.44,-58.34,-69.94,-64.2,-27.64,-19.84,-28.92,-27.08,-42.84,0.0,-21.23,-60.16,-70.75,-23.34,-47.66,-67.6,0.0,0.0,-35.34,-40.16
439,-1.168,-5.8,-5.07,-3.668,-5.5,-6.887,-6.332,-4.1,-9.5,0.0,-2.988,-5.44,-7.9,-4.035,-10.73,-2.111,-7.188,-0.6,-13.75,-12.625,-7.75,-4.98,-2.562,-11.95,-11.75,-5.0,-5.918,-2.0,-3.707,0.0,-7.426,-7.01,-7.0,-3.48,-7.0,-3.857,-9.61,-7.383,-8.0,-7.832,-3.25,0.0,0.0,-10.45,0.0,-8.66,-3.557,-5.566,-8.38,-11.164,-2.666,0.0,-7.32,-2.725,-7.0,-10.0,-10.3,-9.58,-8.75,-5.33,-0.3333,-10.58,-6.6,-4.5,-4.5,-13.164,-8.85,-7.492,-4.918,-2.271,-7.418,-15.0,-5.8,-10.43,-6.15,-7.49,-3.945,-4.0,-6.15,-13.94,-0.746,-2.08,-1.621,-7.426,-6.23,0.0,-2.57,-7.285,-9.25,-1.483,-7.668,-7.188,0.0,0.0,-2.0,-10.625
440,-8.555,-29.27,-16.3,-25.22,-18.62,-28.05,-26.0,-35.34,-48.0,0.0,-17.53,-13.08,-32.88,-21.4,-44.38,-15.68,-9.2,-16.47,-38.5,-37.56,-48.22,-21.44,-26.19,-40.6,-31.84,-41.0,-24.42,-17.67,-19.84,0.0,-35.8,-29.8,-26.23,-32.5,-15.5,-12.0,-32.3,-36.1,-28.27,-23.67,-24.0,0.0,0.0,-30.4,0.0,-29.22,-22.92,-12.836,-32.7,-34.1,-11.13,0.0,-34.06,-27.4,-13.0,-23.5,-33.75,-35.6,-43.22,-18.83,-22.67,-50.2,-25.19,-17.31,-34.88,-48.94,-30.75,-23.42,-25.47,-16.69,-48.28,-37.5,-37.8,-24.42,-29.73,-18.27,-16.7,-41.0,-28.3,-41.88,-13.2,-9.68,-18.4,-24.75,-33.6,0.0,-13.1,-30.28,-26.56,-3.717,-25.89,-28.11,0.0,0.0,-34.66,-27.06
441,-31.48,-90.3,-89.1,-63.28,-115.9,-103.9,-72.7,-10.5,-112.5,0.0,-12.88,-60.03,-94.0,-61.94,-163.8,-48.16,-35.47,-39.22,-168.9,-180.2,-114.25,-65.8,-38.88,-163.2,-86.0,-137.4,-64.4,-18.17,-75.8,0.0,-145.1,-97.7,-128.9,-71.25,-70.25,-48.72,-108.44,-90.6,-127.75,-99.0,-91.0,0.0,0.0,-110.0,0.0,-83.56,-38.78,-141.4,-81.9,-115.0,-96.94,0.0,-99.25,-82.6,0.0,-130.8,-129.1,-103.44,-166.9,-37.53,-89.3,-181.9,-79.0,-89.94,-159.1,-202.6,-110.4,-52.03,-26.42,-36.12,-96.6,-148.5,-61.8,-165.9,-67.75,-69.9,-81.6,-82.3,-75.0,-111.2,-41.0,-36.3,-107.7,-83.06,-71.94,0.0,-48.66,-115.7,-175.2,-41.16,-118.7,-99.1,0.0,0.0,-62.5,-81.44
442,-6.14,-13.11,-8.84,-4.426,-12.0,-11.94,-7.633,-10.1,-9.0,0.0,-7.234,-8.05,-16.9,-9.99,-15.06,-5.562,-7.938,-10.0,-18.12,-12.31,-13.445,-5.49,-11.98,-13.4,-16.6,-20.67,-11.766,-4.5,-8.39,0.0,-13.3,-15.875,-13.24,-12.06,-11.25,-7.855,-11.92,-11.08,-11.55,-3.666,-20.0,0.0,0.0,-10.82,0.0,-10.125,-12.65,-12.95,-9.6,-12.58,-4.383,0.0,-6.72,-5.906,0.0,-13.25,-16.1,-9.15,-17.1,-6.29,-12.664,-13.086,-2.44,-9.766,-6.523,-17.14,-8.766,-10.805,-11.234,-7.035,-12.28,-18.5,-13.0,-11.71,-15.99,-11.375,-7.246,-17.0,-19.64,-16.03,-4.363,-3.242,-7.188,-15.1,-8.28,0.0,-7.95,-14.43,-15.19,-3.0,-14.016,-9.414,0.0,0.0,-5.5,-14.83
443,-0.11536,-3.637,-2.875,-1.432,-2.75,-3.512,-2.666,-0.875,-5.0,0.0,-1.55,-1.8,-3.084,-1.691,-6.824,0.25,-2.713,-1.6,-4.65,-4.625,-4.883,-2.13,-2.75,-4.61,-4.25,-2.334,-5.484,-1.0,-0.8623,0.0,-5.176,-4.5,-3.83,-3.56,-3.0,-0.857,-1.35,-2.078,-3.68,-3.834,-5.0,0.0,0.0,-5.31,0.0,-3.834,-1.636,-3.0,-2.95,-4.46,-4.516,0.0,-4.66,-2.682,0.0,-3.5,-4.19,-3.73,-3.375,-3.473,-3.334,-4.74,-3.02,-2.084,-3.525,-4.15,-3.35,-4.16,-0.1666,-2.793,-5.766,-4.5,-2.4,-3.715,-1.875,-2.6,-2.01,-3.666,-1.94,-5.25,0.1538,0.004166,-0.3142,-2.0,-2.0,0.0,-0.819,-3.0,-5.438,-4.082,-3.107,-2.615,0.0,0.0,-5.5,-3.4
444,-25.75,-70.1,-59.66,-28.38,-51.62,-59.84,-27.5,-59.2,-62.0,0.0,-34.62,-12.94,-66.75,-50.6,-68.4,-12.72,-42.5,-21.7,-85.25,-94.9,-60.9,-39.8,-29.5,-67.3,-42.12,-70.3,-48.66,-41.0,-39.53,0.0,-64.75,-48.16,-63.53,-45.62,-48.5,-33.0,-55.44,-72.25,-51.88,-28.83,-11.0,0.0,0.0,-32.38,0.0,-50.84,-50.3,-50.72,-43.12,-73.5,-16.34,0.0,-75.56,-27.0,0.0,-63.75,-67.56,-50.72,-24.75,-39.25,-68.7,-115.9,-30.02,-28.17,-10.33,-112.44,-85.8,-50.3,-42.9,-31.47,-60.8,-97.0,-74.0,-76.1,-44.7,-51.38,-58.28,-64.3,-74.44,-114.1,-20.36,-9.03,-53.47,-53.44,-65.5,0.0,-25.53,-73.44,-80.75,-48.56,-55.16,-67.6,0.0,0.0,-22.67,-70.56
445,-56.06,-169.9,-126.6,-92.9,-118.5,-87.1,-127.44,-134.0,-112.5,0.0,-54.0,-127.6,-145.1,-50.94,-186.9,-50.22,-56.2,-139.2,-115.56,-197.6,-174.9,-107.7,-98.9,-176.1,-128.2,-147.0,-196.9,-84.3,-63.94,0.0,-180.1,-128.5,-163.8,-85.75,-24.0,-113.3,-136.8,-162.9,-127.94,-73.5,-164.8,0.0,0.0,-119.3,0.0,-56.97,-80.9,-42.78,-157.5,-198.8,-112.94,0.0,-79.94,-38.88,0.0,-106.75,-134.2,-153.8,-79.75,-89.4,-155.0,-196.5,-126.7,-138.8,-154.0,-174.8,-131.0,-120.1,-22.56,-37.06,-229.8,-191.0,-35.2,-176.0,-10.35,-110.6,-71.75,-124.0,-159.6,-172.0,-59.53,-49.94,-75.44,-17.42,-101.5,0.0,-74.44,-158.1,-228.6,-114.5,-141.1,-168.9,0.0,0.0,-68.5,-213.8
446,-15.445,-34.16,-34.12,-40.94,-29.25,-69.5,-26.9,-69.25,-63.0,0.0,-10.5,-33.84,-71.5,-38.0,-54.8,-28.75,-33.06,-42.0,-59.03,-75.75,-45.25,-40.44,-34.25,-63.03,-20.75,-49.0,-48.44,-20.67,-31.22,0.0,-51.7,-46.06,-41.8,-33.03,-41.75,-25.61,-38.84,-42.66,-37.84,-41.34,-38.6,0.0,0.0,-46.34,0.0,-48.12,-25.48,-44.34,-30.52,-52.94,-31.28,0.0,-40.44,-44.22,0.0,-51.5,-60.62,-56.9,-64.3,-27.4,-21.67,-60.12,-24.6,-36.88,-43.56,-67.75,-45.5,-40.25,-14.0,-17.5,-53.97,-69.0,-28.6,-51.56,-31.75,-53.34,-25.58,-45.34,-64.44,-73.25,-12.96,-14.05,-32.9,-36.1,-34.12,0.0,-22.64,-48.0,-39.34,-16.5,-40.2,-39.1,0.0,0.0,-36.16,-45.88
447,-30.73,-77.7,-64.3,-67.7,-55.75,-87.9,-65.06,-63.6,-118.0,0.0,-27.31,-62.0,-69.6,-66.44,-131.8,-60.53,-61.1,-41.25,-106.0,-79.44,-97.3,-74.5,-68.25,-100.56,-76.25,-73.0,-100.06,-16.0,-20.69,0.0,-86.25,-69.1,-87.56,-39.12,-46.75,-40.28,-85.25,-80.94,-105.75,-39.0,-82.0,0.0,0.0,-54.7,0.0,-63.9,-25.48,-51.6,-76.25,-104.56,-36.16,0.0,-73.9,-44.4,0.0,-92.5,-96.06,-59.0,-74.4,-56.3,-59.0,-118.4,-10.07,-81.1,-62.72,-120.7,-86.1,-52.75,-39.84,-56.5,-97.56,-75.5,-53.2,-81.3,-48.2,-51.12,-51.06,-95.7,-102.6,-68.3,-31.1,-28.3,-43.94,-35.44,-46.56,0.0,-39.0,-84.44,-97.4,-12.8,-81.7,-60.53,0.0,0.0,-53.0,-71.5
448,-49.5,-155.2,-120.5,-97.44,-83.75,-106.56,-71.44,-53.1,-50.5,0.0,-34.5,-74.6,-77.44,-108.7,-204.1,-73.3,-130.0,-73.6,-130.4,-172.0,-138.1,-110.3,-59.53,-160.9,-124.1,-104.0,-181.0,-25.0,-74.56,0.0,-130.2,-39.97,-82.75,-122.6,-55.1,4.57,-81.8,-112.4,-180.2,-116.3,-110.6,0.0,0.0,-87.94,0.0,-120.2,-70.6,-64.5,-50.34,-155.2,-66.06,0.0,-116.25,-82.1,0.0,-130.5,-157.2,-92.0,-176.4,-82.4,-77.3,-194.8,-67.2,-128.0,-156.5,-172.4,-104.44,-136.0,-76.94,-66.06,-90.2,-142.0,-130.0,-114.0,-109.4,-75.94,-87.1,-205.5,-134.0,-152.4,-23.5,-51.12,-49.94,-83.9,-96.7,0.0,-46.66,-116.44,-159.9,-74.5,-86.8,-117.3,0.0,0.0,-68.8,-164.8
449,-14.516,-38.94,-30.44,-25.28,-32.25,-35.03,-35.0,-36.56,-46.5,0.0,-19.64,-32.16,-39.06,-27.55,-37.16,-18.7,-35.62,-18.62,-51.25,-61.3,-55.5,-22.7,-40.06,-64.44,-20.75,-64.7,-54.06,-15.5,-17.25,0.0,-40.94,-39.06,-39.56,-34.1,-28.0,-20.86,-33.1,-31.08,-39.34,-45.34,-89.0,0.0,0.0,-39.6,0.0,-34.22,-34.0,-26.08,-15.94,-44.78,-29.92,0.0,-38.44,-24.53,0.0,-68.25,-35.12,-57.88,-46.9,-21.42,-17.0,-54.84,-28.48,-21.67,-42.25,-61.1,-37.9,-33.75,-21.05,-22.8,-44.6,-62.0,-33.0,-39.72,-45.06,-42.03,-24.81,-48.0,-46.84,-45.88,-18.95,-17.77,-22.12,-37.78,-23.06,0.0,-18.23,-38.0,-50.84,-27.1,-39.16,-39.66,0.0,0.0,-17.67,-23.52
450,-24.0,-151.2,-94.6,-85.2,-56.0,-84.3,-63.6,-121.4,-98.0,0.0,-30.81,-119.44,-97.75,-82.75,-84.25,-50.38,-76.9,-161.0,-153.8,-157.8,-123.5,-70.8,-41.25,-105.56,-117.6,-87.7,-98.75,-24.67,-52.28,0.0,-161.5,-91.3,-80.8,-59.2,-39.0,-45.2,-68.6,-77.94,-117.7,-58.16,-20.05,0.0,0.0,-107.5,0.0,-58.56,-80.94,-89.56,-92.0,-141.9,-53.62,0.0,-76.9,-65.5,0.0,-90.75,-124.2,-73.7,-53.0,-59.97,-136.0,-113.9,-88.25,-78.2,-155.0,-132.1,-121.9,-102.25,-55.97,-67.5,-116.6,-131.0,-69.0,-104.44,-76.5,-94.7,-40.97,-74.5,-141.9,-127.06,-40.62,-41.56,-49.38,-100.06,-93.8,0.0,-51.25,-87.1,-152.6,-57.34,-101.1,-104.1,0.0,0.0,-90.7,-78.0
451,-20.19,-61.4,-54.72,-62.44,-58.5,-93.2,-65.0,-90.5,-55.0,0.0,-23.52,-34.22,-52.9,-40.94,-55.75,-37.75,-37.56,-56.25,-91.75,-106.7,-74.7,-32.7,-59.25,-71.25,-67.9,-44.66,-79.25,-38.66,-29.0,0.0,-61.25,-48.44,-74.8,-46.62,-45.25,-44.5,-54.16,-52.7,-97.9,-52.34,-16.25,0.0,0.0,-69.94,0.0,-44.28,-66.06,-52.53,-36.47,-75.44,-36.9,0.0,-65.06,-49.5,0.0,-33.75,-45.03,-63.38,-37.5,-53.53,-68.3,-114.5,-42.22,-50.3,-77.0,-109.56,-79.06,-49.62,-50.03,-22.47,-88.2,-76.0,-21.4,-76.1,-49.25,-46.28,-54.03,-38.5,-51.2,-73.5,-14.08,-22.5,-47.3,-40.3,-59.25,0.0,-30.88,-57.16,-78.94,-16.67,-77.25,-71.6,0.0,0.0,-22.83,-50.8
452,-5.793,-20.4,-19.06,-14.65,-20.25,-29.36,-22.6,-27.62,-26.5,0.0,-14.61,-29.55,-34.9,-31.6,-18.7,-21.06,-11.69,-45.6,-59.7,-59.62,-34.16,-24.72,-33.47,-34.1,-17.0,-21.33,-47.4,-18.83,-18.81,0.0,-30.62,-35.25,-24.64,-20.95,-18.25,-21.75,-39.78,-29.64,-37.22,-25.67,-55.0,0.0,0.0,-31.02,0.0,-29.81,-18.31,-26.12,-28.55,-42.94,-21.95,0.0,-21.81,-28.6,0.0,-38.5,-36.72,-36.8,-33.84,-24.02,-11.336,-43.0,-21.95,-11.734,-22.6,-39.84,-30.52,-26.38,-4.6,-11.49,-28.48,-34.0,-20.6,-34.28,-24.58,-17.95,-33.34,-30.5,-33.53,-41.06,-13.36,-15.25,-24.16,-27.2,-17.92,0.0,-12.72,-29.0,-33.5,-12.914,-24.78,-29.95,0.0,0.0,-14.836,-29.62
453,-2.404,-8.01,-5.3,-7.086,-3.625,-9.35,-4.082,-9.0,-7.5,0.0,-3.166,-6.4,-7.465,-3.316,-9.05,-3.52,-3.375,0.5,-8.33,-8.35,-7.043,-5.56,-11.516,-10.93,-13.0,-8.0,-6.332,-3.334,-3.781,0.0,-8.625,-9.85,-9.63,-3.52,-3.0,-3.0,-8.67,-9.99,-7.84,-8.5,-6.8,0.0,0.0,-6.68,0.0,-9.14,-8.36,-6.75,-5.58,-9.8,-4.883,0.0,-9.61,-6.664,0.0,-9.75,-11.82,-6.95,-5.75,-5.266,-5.668,-10.766,-4.68,-7.516,-5.65,-10.07,-7.586,-6.957,-6.535,-3.75,-12.414,-12.0,-6.0,-7.285,-4.51,-5.54,-5.17,-5.0,-11.18,-10.33,-2.873,-4.016,-3.22,-5.05,-4.18,0.0,-2.842,-9.86,-10.625,-3.633,-9.46,-8.11,0.0,0.0,-4.5,-10.67
454,-14.2,-28.62,-25.14,-24.94,-28.12,-15.05,-20.0,-38.2,-31.0,0.0,-8.76,-20.69,-37.22,-25.69,-38.34,-16.0,-12.69,-28.7,-51.06,-38.25,-38.62,-14.1,-13.375,-43.25,-31.94,-29.33,-20.06,-13.0,-5.74,0.0,-28.9,-22.42,-21.98,-22.94,-25.0,-18.25,-22.86,-28.58,-29.77,-10.836,-19.5,0.0,0.0,-23.27,0.0,-24.48,-18.83,-2.225,-14.88,-41.4,-10.734,0.0,-25.77,-21.72,0.0,-41.2,-36.1,-31.64,-24.88,-22.1,-35.0,-46.4,-13.22,-22.16,-21.38,-38.44,-19.75,-17.16,-25.31,-19.75,-46.25,-37.5,-19.8,-37.44,-31.28,-21.14,-24.08,-33.5,-25.52,-34.84,-10.16,-16.73,-17.81,-19.47,-18.33,0.0,-14.99,-26.28,-40.38,-21.11,-31.16,-34.6,0.0,0.0,-23.83,-30.94
455,-0.2384,-3.643,-3.615,-0.6187,-2.25,-2.926,-3.334,-6.2,-4.0,0.0,-0.439,-3.28,-2.5,-3.908,-5.75,0.25,-1.6875,-2.875,-5.1,-3.738,-2.2,-2.8,-3.75,-6.05,-5.75,-5.0,-2.533,-0.8335,-3.62,0.0,-3.176,-3.0,-3.92,-3.3,-1.25,0.25,-2.17,-3.566,-5.08,-3.5,-8.0,0.0,0.0,-3.99,0.0,-2.592,-3.025,-4.773,-3.31,-3.262,-0.3333,0.0,-2.84,-2.781,0.0,-4.6,-3.84,-3.908,-5.875,-2.45,-4.332,-6.76,-3.88,-1.5,-2.725,-4.566,-3.293,-4.207,0.05,-0.6855,-4.1,-5.0,0.6,-3.285,-3.475,-1.713,-1.91,-3.5,-2.79,-4.8,-0.573,-1.196,-1.121,-1.275,-1.45,0.0,-0.3872,-4.0,-6.4,0.8667,-3.492,-3.986,0.0,0.0,-2.334,-3.4
456,-5.547,-13.016,-7.035,-11.98,-9.875,-6.29,-11.664,-25.25,-8.0,0.0,-4.184,-6.58,-9.53,-10.445,-12.914,-3.375,-8.61,-11.9,-22.9,-23.16,-13.77,-9.59,-10.75,-20.06,-11.7,-13.664,-13.664,-5.0,-5.2,0.0,-12.05,-12.06,-8.76,-9.53,-14.0,-4.0,-10.86,-15.2,-16.3,-12.5,-10.25,0.0,0.0,-17.23,0.0,-14.92,-9.766,-9.1,-8.42,-19.47,-14.336,0.0,-9.09,-9.7,0.0,-19.0,-12.44,-15.945,-12.125,-7.566,-10.0,-21.77,-7.14,-11.28,-6.227,-20.73,-12.39,-13.8,-10.6,-3.865,-21.25,-15.5,-11.0,-15.57,-5.414,-10.89,-8.72,-14.5,-10.5,-13.81,-2.691,-4.473,-3.844,-9.7,-11.54,0.0,-5.02,-14.43,-24.9,-6.75,-10.32,-14.04,0.0,0.0,-10.5,-9.31
457,-5.98,-12.0,-6.516,-9.92,-5.125,-12.81,-7.066,-13.0,-14.0,0.0,-3.19,-7.65,-17.1,-7.824,-17.42,-4.4,-8.984,-8.83,-10.5,-18.22,-10.49,-8.25,-11.25,-15.08,-14.08,-13.0,-17.45,-7.5,-6.76,0.0,-13.336,-12.69,-7.63,-8.91,-6.75,-3.889,-8.91,-12.66,-18.9,-7.5,-16.5,0.0,0.0,-10.55,0.0,-11.555,-7.773,-9.0,-13.41,-17.78,-7.184,0.0,-7.91,-7.96,0.0,-14.8,-14.33,-12.76,-11.4,-10.29,-11.664,-16.92,-8.09,-13.414,-14.2,-17.05,-14.35,-11.38,-7.133,-7.93,-15.0,-17.6,-9.8,-14.29,-9.75,-10.7,-8.95,-13.5,-16.02,-19.28,-5.297,-3.0,-8.37,-11.44,-6.594,0.0,-4.38,-16.72,-19.5,-4.082,-14.65,-13.7,0.0,0.0,-12.164,-13.516
458,0.327,-3.35,-2.85,-1.25,-1.875,-3.688,0.0,-2.2,-4.0,0.0,-1.122,-1.67,-1.2,-2.9,-4.676,-1.0,-0.875,-3.775,-5.0,-4.6,-3.008,-2.05,-2.25,-5.55,-3.75,-5.0,-2.8,-1.0,0.3875,0.0,-4.773,-2.5,-2.85,-3.8,-2.75,-0.8887,-3.21,-2.094,-4.24,-2.0,-2.0,0.0,0.0,-4.84,0.0,-3.768,-2.807,-3.0,-1.6875,-4.05,-2.5,0.0,-3.46,-2.617,0.0,-3.8,-3.95,-3.725,-5.75,-1.455,-4.0,-4.51,-1.94,-1.333,-3.75,-5.434,-2.215,-1.636,-1.45,-1.143,-7.516,-6.0,-3.6,-4.0,-2.75,-2.025,-2.09,-4.0,-4.15,-3.375,0.1923,0.0846,-2.035,-1.8,-2.55,0.0,-1.053,-4.43,-4.74,-1.65,-2.742,-3.1,0.0,0.0,-2.334,-2.0
459,-29.5,-69.25,-49.1,-53.97,-84.75,-58.66,-63.75,-47.0,-92.5,0.0,-23.34,-67.75,-80.7,-63.84,-86.94,-24.12,-62.75,-0.475,-94.0,-105.75,-91.9,-58.6,-55.25,-87.44,-79.25,-62.0,-71.3,-20.33,-26.47,0.0,-76.7,-88.9,-62.22,-53.62,-37.0,-36.34,-65.75,-69.0,-98.4,-72.7,-20.75,0.0,0.0,-77.9,0.0,-71.2,-60.03,-70.75,-44.94,-102.06,-37.12,0.0,-86.3,-70.0,0.0,-77.8,-73.9,-63.5,-107.0,-53.97,-36.34,-96.4,-60.66,-69.1,-96.06,-106.8,-50.9,-71.75,-45.75,-48.4,-68.3,-72.6,-55.0,-64.56,-45.0,-71.44,-80.56,-30.5,-62.84,-88.7,-30.05,-24.78,-49.5,-30.75,-36.03,0.0,-27.94,-70.56,-104.5,-40.16,-74.8,-58.5,0.0,0.0,-67.0,-83.8
460,-19.72,-45.97,-24.7,-38.84,-58.88,-51.25,-38.8,-65.5,-48.0,0.0,-20.86,-38.34,-56.8,-57.44,-46.56,-33.06,-39.53,-48.94,-58.5,-50.62,-58.0,-31.44,-19.0,-67.8,-44.88,-56.5,-56.75,-24.67,-29.02,0.0,-57.53,-50.3,-48.22,-23.05,-16.25,-14.89,-41.75,-49.75,-34.53,-46.5,-80.9,0.0,0.0,-44.25,0.0,-51.9,-31.52,-52.1,-27.6,-52.06,-28.84,0.0,-47.06,-40.06,0.0,-55.4,-61.34,-39.3,-34.0,-28.08,-53.34,-72.8,-34.47,-27.42,-42.12,-53.16,-53.8,-35.66,-12.47,-10.06,-84.56,-62.8,-55.8,-60.0,-31.34,-32.12,-42.6,-37.5,-67.44,-74.44,-19.28,-17.8,-22.28,-19.16,-34.34,0.0,-27.2,-31.72,-66.5,-31.42,-57.3,-42.03,0.0,0.0,-17.0,-52.9
461,-43.72,-94.4,-64.7,-38.7,-86.75,-56.2,-107.5,-65.5,-127.0,0.0,-30.48,-77.1,-65.6,-90.4,-99.4,-44.94,-86.5,-64.4,-149.0,-129.4,-100.25,-20.12,-30.25,-102.6,-95.1,-174.5,-154.0,-50.34,-51.4,0.0,-86.0,-94.1,-96.6,-101.9,-55.5,-40.56,-135.1,-84.8,-107.6,-61.84,-108.0,0.0,0.0,-129.5,0.0,-100.0,-85.44,-95.8,-42.66,-113.5,-44.34,0.0,-79.7,-100.94,0.0,-80.0,-108.9,-105.6,-155.2,-73.6,-121.0,-116.94,-63.22,-124.9,-73.25,-142.5,-86.25,-49.7,-47.97,-71.8,-82.9,-144.2,-75.2,-70.56,-67.75,-79.25,-56.97,-119.5,-116.75,-99.7,-48.94,-32.56,-64.25,-88.6,-67.5,0.0,-53.78,-86.1,-129.2,-24.33,-87.2,-101.5,0.0,0.0,-79.7,-129.2
462,-16.73,-40.97,-32.03,-15.02,-45.12,-40.56,-16.89,-16.2,-35.0,0.0,-19.69,-39.62,-45.9,-39.38,-38.8,-12.54,-30.77,-32.5,-47.5,-50.34,-30.05,-19.1,-33.88,-64.0,-46.5,-46.0,-39.06,-11.0,-24.6,0.0,-36.44,-48.38,-45.7,-53.0,-33.75,-18.33,-41.47,-25.73,-34.44,-29.0,-24.0,0.0,0.0,-35.0,0.0,-41.53,-32.66,-35.0,-21.84,-53.56,-54.0,0.0,-38.9,-36.56,0.0,-61.2,-37.1,-42.94,-20.38,-14.64,-33.66,-46.03,-33.97,-32.1,-29.6,-63.72,-27.22,-38.22,-16.9,-33.12,-46.47,-65.6,-40.6,-40.44,-28.62,-32.7,-20.4,-58.0,-51.8,-46.66,-10.41,-22.16,-27.58,-41.2,-22.55,0.0,-18.11,-43.66,-69.7,-7.668,-34.72,-34.53,0.0,0.0,-29.67,-35.62
463,-11.18,-37.5,-19.36,-35.6,-26.0,-19.66,-37.5,-39.0,-36.0,0.0,-18.64,-28.58,-54.06,-28.33,-38.0,-14.91,-31.98,-34.12,-29.4,-43.06,-27.56,-26.58,-19.5,-51.97,-38.94,-31.0,-18.33,-19.0,-17.2,0.0,-35.88,-41.75,-28.8,-32.47,-28.75,-15.89,-18.31,-32.3,-53.28,-34.0,-24.0,0.0,0.0,-38.66,0.0,-35.03,-17.27,-23.3,-21.7,-47.12,-10.97,0.0,-34.97,-30.44,0.0,-31.2,-35.0,-39.94,-40.4,-16.31,-30.67,-53.66,-29.88,-20.33,-46.25,-62.2,-37.16,-28.77,-15.734,-20.84,-28.11,-51.8,-29.4,-44.28,-20.92,-17.23,-19.69,-59.0,-38.0,-46.97,-19.66,-10.48,-36.3,-17.3,-16.23,0.0,-18.67,-42.16,-62.3,-14.164,-29.16,-38.22,0.0,0.0,-20.17,-39.34
464,-1.692,-8.82,-6.7,-6.562,-4.125,-3.35,-6.188,-9.5,-11.0,0.0,-3.25,-2.66,-11.3,-6.383,-10.25,-4.406,-7.95,-8.33,-7.4,-10.7,-7.2,-3.7,-7.0,-9.94,-9.875,-9.0,-9.5,-4.668,-4.76,0.0,-8.71,-6.5,-7.55,-4.66,-1.75,-1.0,-9.64,-8.58,-9.375,-4.168,-11.0,0.0,0.0,-8.93,0.0,-7.242,-8.055,-6.176,-1.925,-9.19,-4.332,0.0,-6.31,-5.516,0.0,-13.8,-7.75,-8.54,-12.125,-6.43,-0.3333,-10.67,-6.29,-7.15,-9.33,-9.25,-7.88,-6.0,-5.582,-1.922,-9.5,-10.6,-4.4,-9.57,-8.016,-8.016,-6.754,-10.5,-10.15,-5.566,-3.408,-1.314,-5.586,-3.787,-3.965,0.0,-2.203,-3.666,-12.61,-2.5,-7.234,-7.508,0.0,0.0,-4.168,-10.3
465,-30.39,-93.2,-70.3,-101.9,-59.62,-70.06,-86.75,-143.0,-35.0,0.0,-51.4,-91.8,-37.2,-50.03,-166.6,-49.72,-114.2,-81.4,-116.8,-126.94,-127.6,-112.1,-78.94,-143.4,-144.5,-84.5,-37.66,-55.0,-52.9,0.0,-128.2,-107.1,-65.4,-113.94,-33.25,-39.0,-70.06,-117.7,-123.06,-74.7,-158.5,0.0,0.0,-90.56,0.0,-109.8,-74.0,-119.0,-71.1,-108.0,-58.56,0.0,-124.6,-69.5,0.0,-105.8,-93.75,-98.56,-21.5,-54.22,-46.0,-121.6,-55.3,-52.75,-80.0,-115.2,-107.25,-70.25,-18.78,-77.2,-107.56,-147.8,-95.2,-69.56,-23.06,-91.1,-82.2,-59.0,-101.2,-134.1,-46.72,-45.4,-44.88,-64.6,-81.56,0.0,-49.06,-122.0,-147.1,-61.4,-132.1,-112.56,0.0,0.0,-59.84,-151.0
466,-19.23,-39.56,-33.75,-13.36,-37.0,-39.5,-26.47,-63.25,-35.0,0.0,-20.31,-15.86,-60.66,-25.36,-47.3,-21.16,-24.0,-22.6,-57.5,-62.22,-42.16,-10.12,-32.94,-44.8,-52.5,-37.5,-29.22,-18.5,-24.88,0.0,-35.7,-46.25,-30.33,-19.88,-15.25,-18.0,-26.45,-44.75,-35.5,-23.67,-38.0,0.0,0.0,-42.38,0.0,-40.34,-39.03,-23.05,-30.2,-40.25,-17.42,0.0,-10.65,-30.55,0.0,-53.0,-43.25,-35.16,-30.75,-31.44,-39.34,-61.03,-18.48,-23.44,-26.92,-63.06,-39.75,-30.3,-19.1,-11.53,-47.6,-47.6,-25.6,-27.58,-19.56,-29.0,-17.95,-65.5,-18.52,-49.94,-4.176,-19.75,-50.3,-47.75,-25.83,0.0,-20.81,-49.34,-59.34,-19.33,-38.2,-39.3,0.0,0.0,-32.5,-43.78
467,-16.86,-101.9,-60.38,-102.8,-58.38,-125.6,-59.72,-129.8,-74.0,0.0,-45.62,-37.22,-67.06,-54.34,-126.6,-31.56,-30.81,-45.62,-168.4,-80.3,-98.7,-57.38,-38.03,-93.3,-110.56,-145.0,-77.56,-46.5,-35.53,0.0,-79.5,-76.5,-59.62,-93.06,-27.0,-48.88,-66.3,-82.25,-33.4,-51.16,-130.0,0.0,0.0,-59.62,0.0,-63.84,-56.25,-79.5,-100.06,-102.56,-80.75,0.0,-39.4,-73.6,0.0,-105.4,-85.25,-91.9,-78.6,-45.2,-80.3,-104.25,-29.52,-62.1,-110.9,-110.25,-62.72,-49.47,-30.0,-55.7,-104.7,-116.8,-76.0,-93.56,-54.12,-56.53,-48.47,-92.0,-82.0,-108.1,-44.44,-36.16,-66.44,-50.97,-51.4,0.0,-39.66,-94.8,-128.1,-40.1,-72.9,-96.6,0.0,0.0,-41.0,-101.2
468,-18.45,-50.2,-38.97,-28.62,-45.5,-17.7,-24.5,-57.0,-9.0,0.0,-19.02,-42.1,-37.84,-37.44,-41.62,-21.12,-22.38,-25.55,-33.25,-56.25,-48.78,-30.6,-33.7,-70.06,-52.34,-41.0,-46.53,-22.33,-17.47,0.0,-36.56,-50.8,-41.5,-16.1,-49.0,-33.44,-59.7,-32.38,-51.5,-42.34,-12.0,0.0,0.0,-42.6,0.0,-29.56,-19.8,-50.0,-45.1,-52.56,-26.5,0.0,-39.47,-26.66,0.0,-53.8,-37.84,-50.94,-52.75,-32.47,-25.33,-71.5,-18.95,-39.9,-67.1,-66.2,-28.31,-32.78,-1.483,-19.19,-56.34,-57.0,-55.2,-51.84,-35.7,-31.4,-18.72,-21.0,-35.12,-81.75,-13.82,-13.43,-32.2,-65.6,-27.84,0.0,-12.305,-54.5,-63.66,-41.94,-54.28,-41.1,0.0,0.0,-20.83,-62.75
469,-27.73,-54.47,-37.66,-42.97,-32.75,-37.12,-28.0,-86.2,-50.5,0.0,-20.14,-47.75,-50.5,-22.39,-65.5,-23.0,-42.44,-16.22,-44.25,-75.75,-58.12,-37.53,-35.25,-66.4,-65.9,-58.0,-39.84,-27.17,-27.7,0.0,-73.06,-55.4,-48.9,-67.56,-60.0,-26.44,-59.44,-56.0,-79.6,-46.66,-54.8,0.0,0.0,-57.3,0.0,-56.66,-45.34,-30.6,-55.3,-62.2,-37.0,0.0,-41.66,-41.25,0.0,-45.8,-58.8,-55.2,-36.9,-30.52,-39.66,-84.8,-23.66,-52.66,-52.7,-86.5,-46.12,-35.1,-28.1,-35.38,-59.4,-90.0,-36.2,-59.56,-30.27,-39.7,-33.2,-31.0,-42.9,-71.9,-26.28,-25.34,-32.6,-38.3,-26.98,0.0,-31.88,-77.0,-72.06,-10.4,-54.7,-51.8,0.0,0.0,-51.34,-70.06
470,-57.0,-100.94,-58.1,-88.75,-53.88,-144.5,-64.75,1.0,-83.0,0.0,-36.06,-60.9,-38.62,-80.4,-97.2,-65.4,-56.34,-121.9,-138.5,-174.9,-108.25,-42.0,-81.1,-133.1,-130.0,-82.5,-82.44,-52.3,-65.75,0.0,-99.5,-93.56,-104.06,-83.0,-90.7,-43.34,-83.2,-90.2,-127.44,-71.56,-100.0,0.0,0.0,-101.2,0.0,-81.7,-93.1,-15.27,-83.56,-139.4,-67.0,0.0,-89.8,-59.44,0.0,-106.2,-107.5,-69.25,-128.9,-72.56,-60.66,-77.25,-77.56,-86.44,-133.4,-100.75,-79.94,-78.4,-108.06,-48.8,-62.34,-146.0,-78.8,-86.1,-128.6,-82.9,-71.7,-145.5,-61.6,-98.9,-24.36,-22.78,-76.3,-63.56,-61.0,0.0,-49.38,-87.7,-157.2,-51.6,-108.7,-70.7,0.0,0.0,-80.8,-92.6
471,-3.377,-12.016,-9.52,-6.03,-7.625,-18.03,-9.875,-13.25,-12.0,0.0,-6.9,-8.4,-21.72,-7.734,-15.73,-6.5,-1.6,-4.25,-6.2,-16.97,-13.08,-5.9,-9.7,-15.16,-14.2,-9.5,-13.836,-5.69,-3.383,0.0,-12.1,-10.5,-13.11,-8.77,-9.0,-4.668,-12.91,-12.195,-11.5,-13.664,-23.0,0.0,0.0,-11.64,0.0,-13.75,-9.9,-11.73,-8.08,-16.78,-12.38,0.0,-14.35,-11.76,0.0,-17.4,-10.81,-11.66,-14.25,-9.81,-7.0,-19.03,-13.83,-12.164,-9.92,-20.23,-13.555,-9.96,-1.25,-2.543,-11.43,-18.8,-8.0,-14.0,-16.66,-11.73,-7.47,-16.5,-17.3,-11.4,-3.941,-3.29,-4.23,-2.25,-8.54,0.0,-4.9,-13.164,-19.25,-4.617,-10.7,-10.76,0.0,0.0,-7.168,-9.5
472,-20.25,-59.9,-31.23,-25.8,-25.0,-57.62,-36.25,-36.5,-43.0,0.0,-20.75,-32.84,-72.06,-43.9,-42.3,-19.75,-44.53,-30.8,-73.8,-54.56,-53.34,-33.2,-24.88,-75.1,-58.56,-66.0,-62.78,-25.72,-22.55,0.0,-56.94,-46.3,-41.97,-37.88,-32.12,-39.34,-46.78,-37.3,-66.9,-35.34,-49.0,0.0,0.0,-52.22,0.0,-53.16,-32.8,-28.25,-32.16,-63.06,-42.03,0.0,-58.94,-31.66,0.0,-58.4,-60.4,-60.38,-52.8,-21.42,-45.66,-72.44,-18.81,-52.9,-42.78,-46.2,-45.4,-21.58,-54.75,-19.7,-62.53,-71.6,-24.8,-50.56,-26.72,-38.4,-43.72,-48.5,-49.34,-56.84,-13.164,-27.16,-47.3,-44.8,-27.42,0.0,-19.25,-40.0,-51.0,-15.086,-56.0,-53.3,0.0,0.0,-38.0,-64.0
473,-3.031,-6.758,-3.904,-6.75,-7.0,-5.773,-5.312,-8.5,-11.0,0.0,-2.96,-3.4,-8.086,-4.543,-7.625,-3.281,-8.35,0.65,-13.5,-10.73,-9.86,-3.16,-9.31,-10.56,-8.06,-8.0,-8.15,-3.572,-4.215,0.0,-8.14,-9.81,-7.05,-5.32,-6.0,-1.889,-7.48,-7.1,-6.0,-4.0,-16.0,0.0,0.0,-5.46,0.0,-7.824,-7.08,-16.2,-5.6,-11.89,-4.676,0.0,-9.0,-2.611,0.0,-7.4,-12.02,-6.69,-10.5,-6.207,-5.332,-10.56,-4.28,-6.035,-1.75,-12.68,-7.977,-6.836,-4.0,-2.836,-12.25,-10.6,-7.8,-7.0,-10.27,-8.02,-2.06,-9.0,-8.25,-9.75,-2.826,-4.01,-6.035,-5.15,-6.32,0.0,-2.814,-7.668,-12.766,-1.9,-9.945,-7.234,0.0,0.0,-7.0,-13.27
474,-121.94,-261.0,-260.2,-244.0,-275.8,-192.2,-153.0,-619.0,-337.5,0.0,-146.4,-252.5,-147.0,-268.0,-249.2,-178.1,-82.06,-307.0,-482.5,-557.0,-254.1,-163.5,-332.5,-460.2,-353.2,-621.0,-282.2,-186.2,-164.5,0.0,-334.0,-330.0,-300.2,-167.9,-162.6,-140.9,-189.9,-311.2,-363.0,-183.9,-138.0,0.0,0.0,-218.6,0.0,-238.4,-202.8,-162.6,-361.2,-443.5,-209.9,0.0,-314.5,-240.8,0.0,-391.8,-311.2,-251.9,-620.0,-258.0,-297.8,-426.2,-199.1,-283.5,-308.0,-450.0,-327.5,-212.9,-145.6,-77.5,-392.5,-426.8,-219.8,-366.5,-27.52,-253.8,-143.9,-274.5,-185.2,-510.5,-151.5,-147.4,-207.1,-378.0,-167.2,0.0,-108.5,-297.8,-366.8,-227.4,-391.8,-305.2,0.0,0.0,-115.7,-460.2
475,-13.93,-35.72,-25.03,-18.3,-26.12,-43.56,-19.58,-49.0,-23.5,0.0,-19.22,-24.06,-31.97,-23.81,-26.81,-16.84,-24.72,-15.4,-24.2,-35.56,-40.7,-24.16,-26.69,-46.2,-19.88,-44.0,-21.17,-14.0,-16.55,0.0,-27.14,-45.47,-24.6,-19.12,-17.0,-18.33,-40.72,-29.84,-34.25,-22.33,-27.0,0.0,0.0,-37.1,0.0,-33.28,-22.08,-18.62,-30.64,-38.6,-23.36,0.0,-21.69,-16.28,0.0,-26.4,-25.9,-33.34,-32.6,-18.4,-35.66,-38.3,-28.58,-17.5,-26.16,-36.53,-30.42,-25.61,-22.5,-18.05,-41.4,-42.4,-21.4,-32.56,-5.875,-29.28,-22.3,-23.0,-31.3,-39.94,-14.08,-11.945,-28.78,-37.4,-18.8,0.0,-13.59,-39.84,-38.5,0.6665,-29.56,-34.22,0.0,0.0,-18.17,-42.44
476,-24.94,-51.9,-45.44,-32.8,-38.88,-63.3,-35.06,-19.6,-76.0,0.0,-23.1,-54.7,-53.38,-43.2,-64.3,-14.9,-44.66,-53.1,-36.25,-57.84,-35.4,-27.02,-22.75,-51.75,-37.06,-35.5,-34.53,-25.72,-21.16,0.0,-42.7,-97.0,-46.44,-16.86,-32.0,-19.78,-25.47,-49.4,-39.66,-44.66,-25.0,0.0,0.0,-51.4,0.0,-64.75,-35.72,-43.9,-40.34,-61.8,-31.25,0.0,-39.88,-26.64,0.0,-57.2,-37.4,-54.3,-46.75,-40.47,-20.67,-72.1,-44.44,-31.5,-53.84,-65.0,-46.06,-45.16,-23.22,-21.6,-57.94,-76.0,-44.8,-42.0,-59.5,-35.94,-28.22,-91.5,-69.56,-77.4,-16.42,-8.6,-25.61,-28.81,-34.97,0.0,-25.08,-45.84,-60.88,-22.53,-59.5,-50.4,0.0,0.0,-29.0,-39.4
477,-34.97,-60.12,-48.75,-37.38,-35.62,-61.06,-52.7,-57.1,-51.0,0.0,-24.17,-34.38,-61.12,-45.22,-85.8,-7.875,-36.06,-63.56,-64.25,-69.2,-59.0,-36.66,-56.47,-87.8,-47.0,-96.5,-78.94,-26.86,-12.9,0.0,-68.0,-64.06,-56.25,-61.6,-59.34,-17.78,-68.44,-55.62,-88.3,-31.83,-25.0,0.0,0.0,-72.06,0.0,-69.94,-22.92,-61.4,-44.3,-82.5,-84.94,0.0,-72.1,-41.34,0.0,-58.4,-70.5,-68.5,-48.38,-17.45,-24.67,-66.4,-45.44,-59.9,-34.0,-89.8,-62.4,-54.03,-13.45,-35.6,-30.92,-69.2,-55.8,-70.7,-58.5,-50.12,-32.56,-64.0,-26.56,-57.88,-27.05,-9.76,-47.6,-45.2,-35.16,0.0,-25.22,-53.84,-88.1,-17.5,-69.1,-52.94,0.0,0.0,-40.5,-66.1
478,-10.61,-28.03,-22.1,-21.34,-22.62,-39.0,-19.6,-15.5,-28.5,0.0,-16.19,-15.22,-46.38,-21.08,-28.81,-15.555,-28.7,-21.8,-52.8,-34.0,-22.8,-14.15,-26.0,-31.73,-37.3,-29.0,-28.44,-9.29,-15.664,0.0,-18.0,-40.2,-18.4,-21.86,-18.67,-13.0,-18.75,-26.02,-23.0,-35.34,-21.8,0.0,0.0,-25.88,0.0,-20.22,-25.44,-18.75,-24.0,-27.9,-24.83,0.0,-31.16,-19.11,0.0,-21.4,-25.16,-31.34,-30.8,-20.73,-30.67,-28.69,-12.57,-11.664,-17.66,-49.6,-25.94,-16.83,-8.375,-13.59,-23.89,-38.6,-24.6,-22.42,-14.336,-21.31,-11.25,-20.5,-35.53,-26.0,-6.96,-9.51,-17.69,-15.77,-15.15,0.0,-11.56,-22.83,-32.22,-13.53,-28.48,-30.39,0.0,0.0,-10.164,-30.16
479,-36.34,-88.3,-88.5,-64.06,-72.9,-64.2,-71.75,-71.0,-71.0,0.0,-27.98,-78.6,-87.1,-44.06,-82.4,-21.81,-67.4,-58.4,-124.0,-117.2,-112.3,-70.1,-44.8,-97.9,-92.25,-36.0,-106.2,-35.0,-40.88,0.0,-88.44,-102.25,-80.5,-77.4,-77.7,-37.0,-84.1,-80.1,-106.2,-63.5,-82.4,0.0,0.0,-71.5,0.0,-51.8,-63.9,-32.1,-69.1,-72.56,-112.0,0.0,-26.94,-36.9,0.0,-68.0,-78.3,-104.44,-76.4,-39.72,-48.34,-115.75,-81.44,-30.5,-54.84,-85.8,-83.44,-35.5,-115.6,-58.62,-90.25,-139.4,-70.8,-85.9,-32.84,-59.28,-65.56,-44.0,-104.75,-109.56,-31.69,-36.03,-52.7,-14.64,-54.22,0.0,-35.2,-65.2,-127.9,-69.25,-101.5,-78.9,0.0,0.0,-36.16,-93.8
480,-9.32,-35.94,-15.695,-21.19,-15.375,-26.45,-15.766,-38.5,-28.0,0.0,-14.77,-15.41,-43.0,-17.36,-26.12,-10.516,-9.734,-30.8,-29.4,-32.88,-36.88,-18.31,-11.125,-38.38,-18.53,-50.5,-23.44,-9.29,-12.11,0.0,-24.58,-23.06,-22.95,-22.77,-9.0,-13.0,-27.1,-21.75,-27.84,-15.5,-18.0,0.0,0.0,-26.11,0.0,-18.25,-17.67,-25.38,-5.99,-35.25,-16.55,0.0,-22.36,-24.66,0.0,-34.6,-22.94,-20.95,-24.1,-8.9,-3.0,-31.22,-16.34,-13.836,-14.75,-31.0,-29.3,-19.97,-9.35,-6.7,-30.0,-43.4,-14.5,-29.72,-21.48,-29.66,-16.31,-38.0,-31.36,-37.97,-7.473,-9.016,-15.81,-4.312,-18.58,0.0,-9.7,-18.67,-49.22,-6.9,-30.84,-26.22,0.0,0.0,-18.0,-35.56
481,-1.954,-7.926,-5.996,-3.78,-6.75,-7.29,-2.562,-8.95,-9.0,0.0,-1.845,-4.89,-5.332,-3.416,-8.21,-4.0,-4.99,-5.1,-6.8,-11.95,-6.98,-4.74,-6.062,-9.83,-8.45,-5.0,-5.5,-4.715,-3.756,0.0,-10.23,-8.5,-9.92,-6.42,-9.0,-3.666,-8.11,-7.71,-11.75,-7.168,-7.0,0.0,0.0,-7.74,0.0,-6.176,-6.07,-2.6,-6.9,-13.69,-4.29,0.0,-5.64,-5.39,0.0,-9.4,-7.31,-9.28,-10.1,-7.21,-7.332,-12.75,-3.258,-3.666,-9.2,-10.22,-7.59,-3.578,1.375,-4.074,-11.9,-9.0,-7.8,-5.57,-6.05,-6.844,-6.855,-4.0,-6.95,-9.5,-2.818,-2.01,-2.535,-6.74,-4.37,0.0,-2.857,-5.668,-10.93,-0.3,-9.28,-6.566,0.0,0.0,-6.668,-9.92
482,-3.033,-9.85,-8.74,-3.365,-4.625,-7.926,-2.562,-2.2,-11.0,0.0,-4.445,-5.76,-9.586,-7.984,-9.9,-3.207,-7.25,-7.9,-13.25,-8.375,-6.82,-3.79,-7.562,-14.19,-11.35,-11.0,-9.234,-5.285,-1.833,0.0,-7.414,-5.637,-8.11,-5.07,-9.0,-1.889,-2.58,-6.234,-9.914,-10.336,-6.5,0.0,0.0,-6.0,0.0,-11.32,-5.535,-11.02,-4.04,-11.48,-5.664,0.0,-7.92,-5.094,0.0,-6.2,-10.49,-7.64,-16.25,-6.03,-5.668,-13.83,-5.617,-6.0,-3.625,-10.12,-9.05,-8.875,-1.5,-3.781,-13.7,-11.4,-8.8,-8.29,-10.06,-7.03,-7.42,-7.5,-10.28,-9.8,-1.904,-1.879,-6.355,-6.375,-9.12,0.0,-4.05,-9.664,-11.25,-5.25,-10.45,-9.766,0.0,0.0,-6.332,-9.914
483,-10.11,-23.0,-14.16,-11.32,-23.38,-10.414,-12.08,-4.0,-16.5,0.0,-10.93,-19.6,-18.84,-15.45,-23.89,-11.31,-19.84,-8.27,-18.0,-28.31,-27.58,-16.6,-26.9,-25.98,-28.03,-24.0,-16.9,-6.145,-11.51,0.0,-23.67,-15.56,-25.16,-11.06,-16.5,-8.25,-16.7,-20.62,-11.82,-8.336,-14.15,0.0,0.0,-16.27,0.0,-23.52,-13.81,-10.6,-16.22,-32.94,-20.4,0.0,-18.27,-11.12,0.0,-19.6,-24.2,-27.98,-27.75,-15.42,-20.67,-31.83,-2.926,-13.75,-28.9,-28.67,-24.73,-25.06,-13.83,-16.4,-22.58,-32.0,-17.0,-29.42,-18.56,-17.28,-15.31,-30.0,-32.66,-33.6,-7.105,-8.914,-22.08,-20.5,-15.71,0.0,-6.39,-17.5,-31.36,-3.1,-24.66,-19.47,0.0,0.0,-7.168,-24.8
484,-76.7,-141.9,-103.44,-114.25,-84.9,-116.0,-104.0,-61.0,-136.0,0.0,-27.44,-79.6,-140.5,-107.75,-171.4,-39.62,-39.34,-89.0,-229.4,-199.1,-128.1,-53.75,-109.8,-151.0,-109.6,-155.0,-186.1,-47.28,-69.75,0.0,-127.25,-98.0,-59.47,-123.75,-58.0,-48.12,-129.5,-116.25,-53.9,-124.7,-25.9,0.0,0.0,-87.7,0.0,-148.8,-74.56,-93.75,-46.12,-136.8,-13.125,0.0,-108.94,-120.3,0.0,-148.8,-93.8,-78.06,-117.5,-124.4,-67.3,-160.1,-90.25,-111.44,-205.5,-170.5,-126.2,-96.1,-58.75,-51.2,-171.9,-129.0,-87.6,-116.56,-85.1,-112.8,-71.25,-154.5,-165.1,-209.0,-30.86,-25.64,-61.03,-121.6,-128.2,0.0,-52.72,-118.5,-131.2,-90.56,-104.3,-114.3,0.0,0.0,-134.0,-152.6
485,-36.6,-91.75,-67.9,-101.25,-100.75,-120.75,-85.9,9.0,-158.0,0.0,-38.6,-42.94,-111.75,-62.72,-98.0,-37.72,-45.38,-21.78,-98.0,-118.1,-124.5,-70.1,-56.7,-139.0,-60.03,-29.5,-125.56,-36.16,-20.23,0.0,-101.3,-114.75,-83.2,-41.1,-45.5,-27.89,-53.16,-95.0,-132.0,-43.16,-63.6,0.0,0.0,-64.0,0.0,-84.44,-91.3,-64.25,-50.2,-98.9,-26.8,0.0,-89.1,-80.3,0.0,-99.4,-84.6,-87.7,-156.8,-73.4,-33.66,-130.9,-54.06,-50.66,-73.25,-103.06,-65.56,-54.03,-61.28,-46.66,-91.6,-139.0,-121.8,-94.7,-79.4,-69.06,-47.2,-118.5,-112.6,-168.4,-33.56,-15.52,-79.2,-62.56,-72.3,0.0,-39.06,-106.7,-154.0,-38.88,-96.25,-72.06,0.0,0.0,-32.34,-80.25
486,-3.75,-9.91,-4.984,-4.62,-5.75,-7.824,-6.0,-11.0,-7.5,0.0,-3.525,-2.12,-6.918,-5.91,-10.48,-2.287,-5.75,-2.025,-12.0,-12.75,-10.72,-6.28,-4.875,-10.84,-10.336,-6.0,-9.87,-2.066,-3.8,0.0,-5.773,-7.1,-7.96,-7.3,-6.0,-2.0,-5.52,-8.91,-5.9,-6.668,-5.0,0.0,0.0,-8.94,0.0,-10.08,-5.215,-6.273,-2.713,-10.164,-5.8,0.0,-6.49,-8.56,0.0,-7.6,-7.1,-9.586,-9.25,-4.71,-6.668,-7.9,-5.95,-5.766,-12.25,-14.266,-5.68,-5.094,-2.75,-5.27,-7.4,-13.0,-3.4,-8.43,-5.79,-4.51,-3.91,-9.0,-10.55,-6.832,-2.238,-1.683,-5.56,-4.95,-5.484,0.0,-3.104,-9.0,-13.336,-3.816,-7.418,-7.984,0.0,0.0,-8.336,-6.562
487,-3.367,-18.75,-12.64,-10.8,-13.875,-15.81,-5.324,-10.0,-14.0,0.0,-8.06,-14.51,-15.664,-14.016,-26.97,-8.25,-16.88,-11.625,-24.8,-26.97,-17.05,-14.51,-11.31,-23.38,-17.25,-16.0,-15.336,-9.4,-9.8,0.0,-14.1,-15.5,-21.55,-11.1,-10.0,-5.89,-8.27,-17.08,-17.0,-6.668,-12.75,0.0,0.0,-19.7,0.0,-15.586,-8.53,-20.62,-17.34,-26.58,-10.17,0.0,-15.58,-12.164,0.0,-15.2,-19.16,-15.42,-25.4,-15.92,-4.668,-30.05,-12.375,-16.94,-2.324,-24.3,-15.945,-14.05,-1.25,-6.01,-20.33,-27.0,-4.0,-21.86,-11.92,-11.95,-7.785,-6.0,-19.88,-18.05,-4.695,-2.865,-12.61,-15.06,-12.555,0.0,-7.44,-17.83,-26.0,-4.785,-12.836,-20.25,0.0,0.0,-16.0,-16.83
488,-4.31,-19.72,-12.37,-11.63,-11.25,-16.66,-12.5,-15.4,-25.0,0.0,-3.713,-10.01,-11.336,-9.195,-13.42,-6.78,-23.52,-15.0,-18.8,-25.03,-23.73,-5.6,-16.66,-25.84,-16.5,-13.0,-19.42,-7.266,-3.188,0.0,-18.7,-19.38,-13.38,-19.1,-6.25,-9.22,-17.73,-16.78,-17.67,-20.5,-20.0,0.0,0.0,-18.52,0.0,-21.58,-10.69,-15.5,-14.68,-19.9,-18.88,0.0,-20.05,-8.48,0.0,-26.4,-25.4,-15.336,-12.875,-10.63,-9.664,-32.75,-11.33,-14.336,-28.1,-23.86,-18.88,-13.586,3.0,-5.98,-17.67,-19.0,-10.6,-21.14,-12.25,-13.64,-9.28,-21.0,-19.67,-24.6,-7.258,-7.03,-13.016,-11.0,-10.46,0.0,-8.75,-14.164,-28.4,-13.336,-20.75,-15.46,0.0,0.0,-11.836,-22.34
489,-21.38,-59.0,-48.47,-36.6,-40.25,-67.7,-34.1,-64.25,-34.5,0.0,-34.72,-35.94,-67.9,-22.31,-58.06,-25.2,-10.0,-32.0,-106.8,-78.44,-52.94,-32.97,-46.5,-88.94,-61.4,-66.5,-57.4,-20.6,-43.56,0.0,-51.44,-21.44,-56.16,-37.12,-46.75,-32.34,-53.16,-42.4,-61.0,-49.34,-92.25,0.0,0.0,-38.0,0.0,-50.1,-49.84,-41.0,-64.94,-76.7,-51.75,0.0,-61.62,-49.1,0.0,-61.8,-59.2,-57.56,-56.6,-37.78,-60.66,-93.94,-36.75,-51.94,-50.12,-63.03,-60.38,-44.6,-8.75,-23.34,-42.0,-67.0,-58.8,-65.56,-41.4,-41.2,-33.4,-34.5,-41.56,-77.8,-9.414,-22.03,-47.8,-46.12,-39.0,0.0,-23.48,-35.84,-53.53,-19.23,-45.84,-54.28,0.0,0.0,-29.67,-46.62
490,-9.39,-26.38,-16.44,-11.9,-11.75,-10.5,-17.0,-7.0,-21.0,0.0,-5.46,-14.78,-22.05,-7.668,-14.15,-11.67,-12.875,-12.0,-17.75,-28.22,-26.55,-9.71,-17.75,-27.1,-30.0,-14.0,-22.45,-11.336,-7.758,0.0,-23.28,-14.25,-16.16,-14.5,-19.5,-7.332,-16.86,-18.67,-19.42,-18.83,-10.0,0.0,0.0,-19.4,0.0,-14.87,-13.34,-20.08,-16.11,-23.6,-13.83,0.0,-20.42,-9.64,0.0,-28.8,-25.66,-22.34,-14.875,-16.8,-13.0,-29.53,-16.56,-14.836,-4.875,-32.0,-17.89,-21.97,2.4,-11.41,-34.66,-30.67,-4.6,-27.28,-16.56,-17.25,-18.23,-29.0,-19.27,-27.12,-5.566,-8.58,-9.64,-9.27,-18.23,0.0,-6.848,-21.17,-28.58,-7.8,-23.83,-18.38,0.0,0.0,-16.0,-26.66
491,-11.4,-26.78,-18.61,-14.46,-24.38,-27.75,-8.54,-17.25,-43.5,0.0,-11.195,-23.86,-24.9,-12.05,-19.88,-9.14,-17.22,-19.4,-21.25,-30.94,-38.66,-18.06,-21.03,-31.19,-19.0,-26.0,-23.25,-13.0,-14.42,0.0,-21.53,-26.56,-26.05,-21.22,-21.5,-9.0,-24.45,-19.0,-31.89,-13.836,-27.0,0.0,0.0,-22.2,0.0,-16.94,-11.74,-18.0,-28.2,-29.22,-14.29,0.0,-20.62,-22.25,0.0,-24.0,-26.98,-20.64,-16.0,-15.8,-28.0,-29.7,-9.54,-22.0,-19.5,-31.83,-25.19,-20.88,-17.45,-11.5,-18.03,-37.0,-8.2,-34.28,-16.9,-22.4,-19.38,-35.0,-21.58,-30.84,-8.69,-7.555,-24.31,-13.375,-20.28,0.0,-12.18,-28.5,-37.12,-8.766,-41.97,-29.03,0.0,0.0,-22.83,-30.72
492,-27.4,-89.7,-54.7,-58.44,-74.0,-74.0,-33.94,-126.4,-71.0,0.0,-22.4,-83.8,-60.38,-41.84,-88.94,-25.67,-19.28,-78.4,-58.0,-86.1,-78.3,-67.7,-94.2,-137.9,-35.25,-72.0,-76.44,-41.0,-31.6,0.0,-90.9,-75.5,-94.25,-56.84,-33.5,-29.0,-70.9,-75.9,-94.6,-48.66,-130.0,0.0,0.0,-80.1,0.0,-78.7,-53.44,-70.5,-105.44,-113.06,-70.0,0.0,-75.8,-65.3,0.0,-78.2,-134.9,-69.2,-78.9,-57.47,-47.34,-122.3,-55.3,-32.4,-80.06,-97.44,-106.7,-35.62,-61.75,-41.3,-107.25,-113.0,-38.8,-82.7,-37.72,-54.88,-87.4,-105.0,-92.8,-100.25,-35.62,-43.62,-51.8,-98.5,-32.7,0.0,-29.81,-98.5,-79.3,-34.84,-87.8,-85.1,0.0,0.0,-60.16,-105.2
493,-21.67,-49.7,-34.34,-37.75,-32.12,-60.66,-34.8,-36.2,-22.5,0.0,-22.33,-44.78,-40.3,-40.75,-53.0,-13.94,-39.9,-28.38,-48.5,-67.7,-50.6,-30.62,-19.97,-66.0,-27.5,-44.0,-42.8,-26.33,-15.61,0.0,-45.75,-38.5,-42.4,-43.5,-43.25,-17.89,-42.1,-45.9,-30.5,-52.5,-37.0,0.0,0.0,-47.44,0.0,-54.06,-30.83,-31.33,-37.75,-40.62,-31.19,0.0,-48.3,-36.38,0.0,-58.4,-42.12,-30.69,-44.25,-30.81,-29.0,-56.34,-12.51,-25.0,-47.06,-61.53,-50.66,-29.92,-46.5,-19.78,-56.66,-55.66,-30.6,-51.72,-21.38,-29.33,-47.0,-23.0,-45.2,-57.25,-17.95,-26.33,-33.53,-41.06,-25.33,0.0,-21.83,-40.84,-51.84,-15.8,-36.97,-52.1,0.0,0.0,-21.17,-55.0
494,0.4182,-14.39,-10.39,-7.56,-6.875,-10.56,-12.75,-21.8,-23.0,0.0,-5.312,-10.37,-14.53,-11.88,-8.266,-5.2,-5.25,-11.25,-17.8,-17.03,-11.26,-10.5,-14.1,-18.5,-17.0,-13.5,-13.85,-2.4,-7.54,0.0,-11.2,-7.5,-9.67,0.88,-6.25,-6.0,-12.04,-13.875,-11.03,-12.164,-7.5,0.0,0.0,-10.0,0.0,-15.95,-7.105,-16.25,-12.92,-18.22,-5.26,0.0,-16.6,-8.34,0.0,-14.8,-13.69,-8.34,-12.5,-9.36,-10.0,-21.5,-5.875,-0.817,-16.38,-20.28,-13.33,-6.03,5.25,-3.756,-25.7,-19.0,-10.0,-9.71,-7.51,-8.64,-7.277,-13.5,-19.47,-16.6,-4.836,-6.406,-12.01,-7.977,-9.84,0.0,-5.44,-14.836,-18.95,-7.766,-11.875,-10.945,0.0,0.0,-12.0,-14.1
495,-5.94,-19.53,-12.47,-4.277,-9.5,-22.53,-15.33,-21.5,-23.0,0.0,-6.45,-10.26,-20.67,-15.6,-20.75,-9.3,-7.176,-17.8,-22.0,-18.66,-17.81,-15.45,-16.75,-31.12,-23.0,-20.5,-19.0,-7.266,-7.65,0.0,-14.65,-20.92,-20.05,-10.56,-7.5,-8.336,-11.74,-15.66,-9.664,-9.164,-19.0,0.0,0.0,-19.16,0.0,-18.19,-12.81,-14.25,-9.3,-23.45,-9.2,0.0,-10.25,-6.89,0.0,-13.6,-17.48,-18.53,-6.75,-10.04,-12.664,-24.3,-11.74,-9.664,-11.15,-21.1,-18.73,-16.25,-9.77,-11.33,-19.06,-27.0,-11.6,-18.0,-17.25,-9.64,-9.78,-15.5,-26.08,-26.8,-3.35,-4.645,-14.914,-13.2,-10.84,0.0,-6.69,-21.67,-19.06,-10.25,-22.33,-14.734,0.0,0.0,-9.0,-22.2
496,-40.62,-113.06,-118.2,-113.75,-147.2,-89.7,-170.1,-228.5,-204.0,0.0,-67.1,-159.5,-158.2,-140.2,-141.4,-19.58,-81.7,-100.1,-173.2,-223.6,-218.6,-111.56,-145.8,-296.5,-158.9,-58.5,-177.8,-46.6,-20.64,0.0,-192.9,-135.0,-128.6,-18.4,-83.0,-70.4,-214.5,-144.0,-108.75,-124.5,-120.25,0.0,0.0,-145.1,0.0,-105.6,-50.22,-101.1,-187.1,-209.4,-96.7,0.0,-81.7,-70.9,0.0,-175.6,-148.6,-113.1,-120.75,-90.6,-156.6,-270.8,-148.5,-41.38,-143.1,-233.1,-194.9,-128.4,-68.94,-46.06,-138.4,-191.6,-141.0,-188.0,-73.94,-101.44,-113.75,-202.5,-181.6,-151.9,-53.22,-56.94,-58.7,-45.44,-85.94,0.0,-66.75,-140.5,-212.0,-87.9,-161.0,-149.4,0.0,0.0,-93.0,-177.0
497,-20.67,-65.3,-38.2,-40.22,-50.75,-56.56,-52.2,-36.5,-28.5,0.0,-30.2,-34.4,-24.4,-58.62,-47.8,-39.12,-56.9,-8.0,-80.0,-67.25,-68.4,-35.84,-39.5,-69.94,-53.0,-71.5,-49.6,-35.0,-37.03,0.0,-53.7,-44.0,-44.72,-49.2,-29.25,-16.33,-35.88,-55.0,-64.6,-40.0,-45.0,0.0,0.0,-50.8,0.0,-39.12,-54.38,-64.0,-35.12,-73.0,-33.94,0.0,-35.75,-39.9,0.0,-60.2,-57.4,-59.9,-47.6,-53.97,-51.0,-78.56,-35.28,-30.17,-73.1,-57.9,-59.8,-38.44,-35.75,-15.625,-62.47,-75.0,-36.0,-52.28,-68.3,-44.75,-30.06,-19.5,-66.6,-70.94,-14.22,-33.38,-40.44,-43.12,-34.88,0.0,-26.38,-64.5,-59.72,-32.34,-63.2,-65.25,0.0,0.0,-23.67,-74.2
498,-6.367,-11.625,-13.12,-9.64,-13.71,-8.21,-9.0,-12.2,-9.0,0.0,-7.344,-8.54,-17.08,-10.26,-8.55,-5.0,-10.125,-8.6,-3.8,-11.625,-14.45,-10.81,-8.5,-21.77,-19.8,-14.0,-16.67,-6.5,-9.12,0.0,-13.125,-15.625,-10.22,-13.02,-14.0,-6.0,-5.2,-11.31,-12.25,-8.664,-8.0,0.0,0.0,-7.72,0.0,-15.62,-7.94,-8.75,-13.34,-15.0,-0.57,0.0,-10.03,-9.4,0.0,-13.8,-11.05,-12.336,-13.15,-9.39,-11.0,-19.1,-15.62,-5.418,-16.0,-16.6,-11.6,-9.12,-1.625,-6.914,-19.56,-18.0,-5.2,-9.71,-9.9,-11.15,-9.57,-16.5,-14.79,-19.16,-3.945,-4.56,-10.54,-12.61,-7.973,0.0,-4.85,-15.664,-17.69,-8.9,-13.84,-13.266,0.0,0.0,-7.668,-10.14
499,-9.72,-16.16,-12.67,-11.195,-9.29,-14.625,-15.05,-15.5,-22.5,0.0,-9.414,-17.1,-21.83,-4.668,-16.97,-12.28,-12.75,-15.5,-22.0,-21.14,-19.67,-7.12,-17.92,-21.83,-23.0,-16.0,-15.664,-6.0,-4.586,0.0,-13.3,-23.25,-19.34,-20.8,-8.5,-4.777,-19.31,-14.16,-17.67,-13.336,-19.0,0.0,0.0,-12.87,0.0,-16.5,-12.945,-18.9,-9.77,-22.38,-14.68,0.0,-18.77,-15.19,0.0,-23.8,-12.03,-18.12,-11.25,-9.195,-10.664,-28.9,-11.336,-6.133,-1.45,-17.7,-19.56,-14.46,-11.125,-6.957,-16.0,-20.33,-8.2,-23.72,-10.75,-13.43,-8.66,-19.0,-16.1,-19.75,-6.246,-5.992,-9.11,-9.95,-8.93,0.0,-6.363,-23.5,-22.0,-7.066,-20.69,-20.33,0.0,0.0,-11.336,-17.84
